run_number,total_run_time,viper_initial_contact_range,viper_initial_contact_ata,viper_initial_contact_aa,viper_briefed_behavior,viper_briefed_launch_range,viper_briefed_evasion_range,viper_alive,cobra_initial_contact_range,cobra_initial_contact_ata,cobra_initial_contact_aa,cobra_briefed_behavior,cobra_briefed_launch_range,cobra_briefed_evasion_range,cobra_alive,outcome,viper_launched,viper_launch_range,viper_time_at_launch,cobra_launched,cobra_launch_range,cobra_time_at_launch
1,300.0,50000.0,0.005,179.995,BehaviorType.ATTACK,49844.89115749094,74.89629922511898,1,50000.0,0.005,179.995,BehaviorType.ATTACK,49275.901758408945,43943.78339215541,1,BOTH_SURVIVED,True,49730.0,0.5,True,49190.0,1.4
2,300.0,50000.0,-0.006999999999999999,-179.993,BehaviorType.ATTACK,49267.04573501509,32590.791036492894,0,50000.0,-0.006999999999999999,-179.993,BehaviorType.ATTACK,49179.006288550605,16672.410615077304,1,COBRA_WIN,True,49190.0,1.4,True,49070.0,1.6
3,300.0,50000.0,-0.002,-179.998,BehaviorType.ATTACK,49426.96465106325,21898.328290955433,1,50000.0,-0.002,-179.998,BehaviorType.ATTACK,49218.99830499461,19036.968091718558,0,VIPER_WIN,True,49310.0,1.2,True,49130.0,1.5
4,300.0,50000.0,-0.001,-179.99900000000002,BehaviorType.ATTACK,49069.98620160723,25853.77957061652,1,50000.0,-0.001,-179.99900000000002,BehaviorType.ATTACK,49576.774034210444,29116.30548798053,0,VIPER_WIN,True,48950.0,1.8,True,49490.0,0.9
5,300.0,50000.0,0.003,179.997,BehaviorType.ATTACK,49958.985080509105,12398.300197294582,1,50000.0,0.003,179.997,BehaviorType.ATTACK,49500.60589473079,31504.941096654416,0,VIPER_WIN,True,49790.0,0.4,True,49430.0,1.0
6,300.0,50000.0,0.002,179.998,BehaviorType.ATTACK,49105.387854068744,49788.848669092455,1,50000.0,0.002,179.998,BehaviorType.ATTACK,49849.811496528775,21882.9433094913,1,BOTH_SURVIVED,True,49010.0,1.7,True,49730.0,0.5
7,300.0,50000.0,0.001,179.99900000000002,BehaviorType.ATTACK,49825.38424862739,47337.9686951037,1,50000.0,0.001,179.99900000000002,BehaviorType.ATTACK,49318.681720848304,29065.030236373834,1,BOTH_SURVIVED,True,49730.0,0.5,True,49250.0,1.3
8,300.0,50000.0,0.002,179.998,BehaviorType.ATTACK,49005.952560407975,21266.916820745184,0,50000.0,0.002,179.998,BehaviorType.ATTACK,49853.5191310002,1876.6258448729477,1,COBRA_WIN,True,48890.001,1.9,True,49790.0,0.4
9,300.0,50000.0,0.001,179.99900000000002,BehaviorType.ATTACK,49268.60480399589,24309.067682076573,1,50000.0,0.001,179.99900000000002,BehaviorType.ATTACK,49776.75453485935,40538.38087757923,1,BOTH_SURVIVED,True,49190.0,1.4,True,49670.0,0.6
10,300.0,50000.0,0.0,180.0,BehaviorType.ATTACK,49723.8607715667,21411.506412118735,1,50000.0,0.0,180.0,BehaviorType.ATTACK,49546.64592850494,28837.24547805901,0,VIPER_WIN,True,49610.0,0.7,True,49430.0,1.0
11,300.0,50000.0,0.003,179.997,BehaviorType.ATTACK,49096.108521059854,49144.08367873067,1,50000.0,0.003,179.997,BehaviorType.ATTACK,49071.026184088696,4338.373079195207,1,BOTH_SURVIVED,True,49010.0,1.7,True,49010.0,1.7
12,300.0,50000.0,-0.004,-179.99599999999998,BehaviorType.ATTACK,49145.27547844778,5357.291531460467,1,50000.0,-0.004,-179.99599999999998,BehaviorType.ATTACK,49304.28245261851,34527.88324665056,0,VIPER_WIN,True,49070.0,1.6,True,49190.0,1.4
13,300.0,50000.0,0.003,179.997,BehaviorType.ATTACK,49970.89059708861,2646.3015383278776,1,50000.0,0.003,179.997,BehaviorType.ATTACK,49618.32727149835,5642.292684087696,0,VIPER_WIN,True,49790.0,0.4,True,49550.0,0.8
14,300.0,50000.0,0.003,179.997,BehaviorType.ATTACK,49252.24964503257,35222.420860408434,1,50000.0,0.003,179.997,BehaviorType.ATTACK,49198.45999142629,43262.21864317893,1,BOTH_SURVIVED,True,49190.0,1.4,True,49130.0,1.5
15,300.0,50000.001,0.009000000000000001,179.99099999999999,BehaviorType.ATTACK,49100.94290964275,34222.51732126464,0,50000.001,0.009000000000000001,179.99099999999999,BehaviorType.ATTACK,49210.25563948651,4878.617577440997,1,COBRA_WIN,True,49010.001,1.7,True,49130.001,1.5
16,300.0,50000.0,0.008,179.99200000000002,BehaviorType.ATTACK,49123.514899839385,41423.67194087191,1,50000.0,0.008,179.99200000000002,BehaviorType.ATTACK,49601.01931151423,38347.97342602151,1,BOTH_SURVIVED,True,49010.0,1.7,True,49490.0,0.9
17,300.0,50000.0,0.004,179.99599999999998,BehaviorType.ATTACK,49415.608912213655,17088.43446685578,1,50000.0,0.004,179.99599999999998,BehaviorType.ATTACK,49194.9614275861,48555.06067632346,1,BOTH_SURVIVED,True,49310.0,1.2,True,49130.0,1.5
18,300.0,50000.0,-0.004,-179.99599999999998,BehaviorType.ATTACK,49057.664519663165,20867.16387223638,0,50000.0,-0.004,-179.99599999999998,BehaviorType.ATTACK,49990.30832668169,25154.609211422736,1,COBRA_WIN,True,48950.0,1.8,True,49790.0,0.4
19,300.0,50000.0,-0.002,-179.998,BehaviorType.ATTACK,49831.99200486105,18055.977053217404,1,50000.0,-0.002,-179.998,BehaviorType.ATTACK,49439.65622619848,3771.5216364772764,0,VIPER_WIN,True,49730.0,0.5,True,49370.0,1.1
20,300.0,50000.0,0.002,179.998,BehaviorType.ATTACK,49873.11677875198,28332.369376104692,0,50000.0,0.002,179.998,BehaviorType.ATTACK,49416.41952613963,7588.446153158557,1,COBRA_WIN,True,49790.0,0.4,True,49310.0,1.2
21,300.0,50000.0,-0.008,-179.99200000000002,BehaviorType.ATTACK,49987.43007141459,40460.26037744193,1,50000.0,-0.008,-179.99200000000002,BehaviorType.ATTACK,49947.59987540323,36373.10248399833,1,BOTH_SURVIVED,True,49790.0,0.4,True,49790.0,0.4
22,300.0,50000.0,0.006999999999999999,179.993,BehaviorType.ATTACK,49135.941176259745,42067.90631345196,1,50000.0,0.006999999999999999,179.993,BehaviorType.ATTACK,49653.08299392389,44967.39440542006,1,BOTH_SURVIVED,True,49070.0,1.6,True,49550.0,0.8
23,300.0,50000.0,0.003,179.997,BehaviorType.ATTACK,49196.112624906506,32311.094208205537,0,50000.0,0.003,179.997,BehaviorType.ATTACK,49714.46092387975,15528.1837971453,1,COBRA_WIN,True,49130.0,1.5,True,49610.0,0.7
24,300.0,50000.0,0.004,179.99599999999998,BehaviorType.ATTACK,49497.47756358098,25259.10571864487,1,50000.0,0.004,179.99599999999998,BehaviorType.ATTACK,49918.59041048681,44912.872476514334,1,BOTH_SURVIVED,True,49430.0,1.0,True,49790.0,0.4
25,300.0,50000.0,-0.0,-180.0,BehaviorType.ATTACK,49238.42436462958,41025.27255782707,1,50000.0,-0.0,-180.0,BehaviorType.ATTACK,49026.70039824466,43746.487817432884,1,BOTH_SURVIVED,True,49130.0,1.5,True,48950.0,1.8
26,300.0,50000.0,0.003,179.997,BehaviorType.ATTACK,49544.35844988844,20023.04303635139,1,50000.0,0.003,179.997,BehaviorType.ATTACK,49301.978551509324,12015.747385954555,0,VIPER_WIN,True,49430.0,1.0,True,49190.0,1.4
27,300.0,50000.0,-0.004,-179.99599999999998,BehaviorType.ATTACK,49211.830455899915,5485.334656014524,0,50000.0,-0.004,-179.99599999999998,BehaviorType.ATTACK,49624.51603752521,4198.228412706561,1,COBRA_WIN,True,49130.0,1.5,True,49550.0,0.8
28,300.0,50000.001,-0.009000000000000001,-179.99099999999999,BehaviorType.ATTACK,49471.91628664317,30724.269558552332,0,50000.001,-0.009000000000000001,-179.99099999999999,BehaviorType.ATTACK,49184.17110164267,2503.417779146333,1,COBRA_WIN,True,49370.001,1.1,True,49070.001,1.6
29,300.0,50000.0,-0.001,-179.99900000000002,BehaviorType.ATTACK,49422.44939133484,18667.90480821131,1,50000.0,-0.001,-179.99900000000002,BehaviorType.ATTACK,49275.13516791469,15706.470365847214,0,VIPER_WIN,True,49310.0,1.2,True,49190.0,1.4
30,300.0,50000.0,0.001,179.99900000000002,BehaviorType.ATTACK,49234.31748834438,26011.3662999196,1,50000.0,0.001,179.99900000000002,BehaviorType.ATTACK,49766.609337213726,40973.91926884098,1,BOTH_SURVIVED,True,49130.0,1.5,True,49670.0,0.6
31,300.0,50000.0,-0.001,-179.99900000000002,BehaviorType.ATTACK,49867.468660124934,30429.822597042315,0,50000.0,-0.001,-179.99900000000002,BehaviorType.ATTACK,49023.39234691279,4869.8727593244175,1,COBRA_WIN,True,49790.0,0.4,True,48950.0,1.8
32,300.0,50000.0,-0.004,-179.99599999999998,BehaviorType.ATTACK,49520.94249158169,8294.293866088137,0,50000.0,-0.004,-179.99599999999998,BehaviorType.ATTACK,49544.45027930594,22444.678253042322,0,MUTUAL_KILL,True,49430.0,1.0,True,49430.0,1.0
33,300.0,50000.0,-0.001,-179.99900000000002,BehaviorType.ATTACK,49096.83310123579,37926.92165743399,1,50000.0,-0.001,-179.99900000000002,BehaviorType.ATTACK,49648.85283554359,33780.10371899891,1,BOTH_SURVIVED,True,49010.0,1.7,True,49550.0,0.8
34,300.0,50000.0,0.005,179.995,BehaviorType.ATTACK,49253.17268840087,40368.52620443186,1,50000.0,0.005,179.995,BehaviorType.ATTACK,49982.00692997956,45241.49241897882,1,BOTH_SURVIVED,True,49190.0,1.4,True,49790.0,0.4
35,300.0,50000.0,0.006999999999999999,179.993,BehaviorType.ATTACK,49494.94888979869,47180.67716123503,1,50000.0,0.006999999999999999,179.993,BehaviorType.ATTACK,49143.50134128294,21788.878200636667,1,BOTH_SURVIVED,True,49430.0,1.0,True,49070.0,1.6
36,300.0,50000.001,-0.009000000000000001,-179.99099999999999,BehaviorType.ATTACK,49912.1374972333,522.3792497493885,0,50000.001,-0.009000000000000001,-179.99099999999999,BehaviorType.ATTACK,49844.07556790632,14934.325027436573,0,MUTUAL_KILL,True,49790.001,0.4,True,49730.001,0.5
37,300.0,50000.001,-0.009000000000000001,-179.99099999999999,BehaviorType.ATTACK,49900.59410922402,5894.749232404495,1,50000.001,-0.009000000000000001,-179.99099999999999,BehaviorType.ATTACK,49297.35607325409,20882.562649785235,0,VIPER_WIN,True,49790.001,0.4,True,49190.001,1.4
38,300.0,50000.0,0.003,179.997,BehaviorType.ATTACK,49588.6198576157,33177.79707898431,1,50000.0,0.003,179.997,BehaviorType.ATTACK,49957.654244439225,38297.767874067875,1,BOTH_SURVIVED,True,49490.0,0.9,True,49790.0,0.4
39,300.0,50000.0,-0.002,-179.998,BehaviorType.ATTACK,49465.76253562968,3909.8602734301767,1,50000.0,-0.002,-179.998,BehaviorType.ATTACK,49588.1336385547,35233.020235653305,0,VIPER_WIN,True,49370.0,1.1,True,49490.0,0.9
40,300.0,50000.0,0.001,179.99900000000002,BehaviorType.ATTACK,49467.45509638336,21356.8229776574,1,50000.0,0.001,179.99900000000002,BehaviorType.ATTACK,49500.890475795124,29180.033657282132,0,VIPER_WIN,True,49370.0,1.1,True,49430.0,1.0
41,300.0,50000.0,-0.002,-179.998,BehaviorType.ATTACK,49801.248252104866,11953.97369046927,1,50000.0,-0.002,-179.998,BehaviorType.ATTACK,49870.63939382353,35886.49773277955,0,VIPER_WIN,True,49730.0,0.5,True,49790.0,0.4
42,300.0,50000.001,0.01,179.99,BehaviorType.ATTACK,49827.90149616607,26925.217577824318,1,50000.001,0.01,179.99,BehaviorType.ATTACK,49125.22204496643,34933.668733181694,0,VIPER_WIN,True,49730.001,0.5,True,49010.001,1.7
43,300.0,50000.0,-0.0,-180.0,BehaviorType.ATTACK,49703.70457259757,26088.123267887586,0,50000.0,-0.0,-180.0,BehaviorType.ATTACK,49740.19194681613,8341.955682908287,1,COBRA_WIN,True,49610.0,0.7,True,49670.0,0.6
44,300.0,50000.001,0.008,179.99200000000002,BehaviorType.ATTACK,49901.72971557517,38278.72174723558,1,50000.001,0.008,179.99200000000002,BehaviorType.ATTACK,49097.91902899806,38465.08433854308,1,BOTH_SURVIVED,True,49790.001,0.4,True,49010.001,1.7
45,300.0,50000.0,0.002,179.998,BehaviorType.ATTACK,49802.114741319805,21228.855192691786,1,50000.0,0.002,179.998,BehaviorType.ATTACK,49725.233696113966,30400.9904592289,0,VIPER_WIN,True,49730.0,0.5,True,49610.0,0.7
46,300.0,50000.0,0.005,179.995,BehaviorType.ATTACK,49696.248972503374,20401.031796939977,1,50000.0,0.005,179.995,BehaviorType.ATTACK,49547.005679691036,3083.6985438929432,0,VIPER_WIN,True,49610.0,0.7,True,49430.0,1.0
47,300.0,50000.0,-0.002,-179.998,BehaviorType.ATTACK,49334.52093866791,19309.306635660734,0,50000.0,-0.002,-179.998,BehaviorType.ATTACK,49563.35143081301,23251.17727009476,1,COBRA_WIN,True,49250.0,1.3,True,49490.0,0.9
48,300.0,50000.0,-0.0,-180.0,BehaviorType.ATTACK,49492.06978020161,30689.1160063753,1,50000.0,-0.0,-180.0,BehaviorType.ATTACK,49561.14801150272,31377.637834262605,1,BOTH_SURVIVED,True,49430.0,1.0,True,49490.0,0.9
49,300.0,50000.0,0.003,179.997,BehaviorType.ATTACK,49557.31873596604,25638.506464408307,0,50000.0,0.003,179.997,BehaviorType.ATTACK,49801.54891886948,25832.54203697215,1,COBRA_WIN,True,49490.0,0.9,True,49730.0,0.5
50,300.0,50000.0,-0.003,-179.997,BehaviorType.ATTACK,49384.204777083134,27716.098233173252,0,50000.0,-0.003,-179.997,BehaviorType.ATTACK,49690.62751064558,19277.835881376213,1,COBRA_WIN,True,49310.0,1.2,True,49610.0,0.7
51,300.0,50000.0,0.002,179.998,BehaviorType.ATTACK,49819.44273736681,8846.291000519403,1,50000.0,0.002,179.998,BehaviorType.ATTACK,49377.103096402054,38823.849965525515,1,BOTH_SURVIVED,True,49730.0,0.5,True,49310.0,1.2
52,300.0,50000.0,-0.005,-179.995,BehaviorType.ATTACK,49869.5375543378,27647.523535549302,1,50000.0,-0.005,-179.995,BehaviorType.ATTACK,49328.006920304244,27670.5276748226,1,BOTH_SURVIVED,True,49790.0,0.4,True,49250.0,1.3
53,300.0,50000.0,-0.003,-179.997,BehaviorType.ATTACK,49903.09021761922,23374.486863904203,1,50000.0,-0.003,-179.997,BehaviorType.ATTACK,49933.724784942,46142.13476237677,1,BOTH_SURVIVED,True,49790.0,0.4,True,49790.0,0.4
54,300.0,50000.0,-0.004,-179.99599999999998,BehaviorType.ATTACK,49956.816344017665,46655.45327895776,1,50000.0,-0.004,-179.99599999999998,BehaviorType.ATTACK,49764.01229369221,48052.22206932731,1,BOTH_SURVIVED,True,49790.0,0.4,True,49670.0,0.6
55,300.0,50000.0,0.002,179.998,BehaviorType.ATTACK,49010.157702875025,47718.89432409975,1,50000.0,0.002,179.998,BehaviorType.ATTACK,49776.15702525184,26678.95915948944,1,BOTH_SURVIVED,True,48950.0,1.8,True,49670.0,0.6
56,300.0,50000.0,0.002,179.998,BehaviorType.ATTACK,49250.43295717426,29162.370742187264,0,50000.0,0.002,179.998,BehaviorType.ATTACK,49007.974790812434,6649.726653519821,1,COBRA_WIN,True,49190.0,1.4,True,48890.0,1.9
57,300.0,50000.0,-0.006999999999999999,-179.993,BehaviorType.ATTACK,49392.73927322718,23731.249875864778,0,50000.0,-0.006999999999999999,-179.993,BehaviorType.ATTACK,49987.79431520705,26019.898655983696,1,COBRA_WIN,True,49310.0,1.2,True,49790.0,0.4
58,300.0,50000.0,-0.002,-179.998,BehaviorType.ATTACK,49072.61779422014,14600.604795977062,1,50000.0,-0.002,-179.998,BehaviorType.ATTACK,49660.4451184742,42207.74425794156,1,BOTH_SURVIVED,True,49010.0,1.7,True,49550.0,0.8
59,300.0,50000.0,0.001,179.99900000000002,BehaviorType.ATTACK,49153.68820267194,23525.327879116077,1,50000.0,0.001,179.99900000000002,BehaviorType.ATTACK,49172.188020446156,36514.98048282414,1,BOTH_SURVIVED,True,49070.0,1.6,True,49070.0,1.6
60,300.0,50000.0,-0.008,-179.99200000000002,BehaviorType.ATTACK,49416.46022724049,10377.73796411583,1,50000.0,-0.008,-179.99200000000002,BehaviorType.ATTACK,49038.36508705167,41335.195541995345,1,BOTH_SURVIVED,True,49310.0,1.2,True,48950.0,1.8
61,300.0,50000.0,0.002,179.998,BehaviorType.ATTACK,49070.10170579069,29556.19826771323,0,50000.0,0.002,179.998,BehaviorType.ATTACK,49034.566145992176,13647.048005958124,1,COBRA_WIN,True,49010.0,1.7,True,48950.0,1.8
62,300.0,50000.0,-0.003,-179.997,BehaviorType.ATTACK,49390.85406199935,14445.21686092735,0,50000.0,-0.003,-179.997,BehaviorType.ATTACK,49809.35416228266,12045.161778948304,1,COBRA_WIN,True,49310.0,1.2,True,49730.0,0.5
63,300.0,50000.0,-0.004,-179.99599999999998,BehaviorType.ATTACK,49699.29844601694,10770.449743354127,1,50000.0,-0.004,-179.99599999999998,BehaviorType.ATTACK,49510.10779419751,45399.2771179104,1,BOTH_SURVIVED,True,49610.0,0.7,True,49430.0,1.0
64,300.0,50000.0,-0.001,-179.99900000000002,BehaviorType.ATTACK,49870.75817293887,6327.733976455396,1,50000.0,-0.001,-179.99900000000002,BehaviorType.ATTACK,49252.79010542348,20371.09812812704,0,VIPER_WIN,True,49790.0,0.4,True,49190.0,1.4
65,300.0,50000.0,-0.001,-179.99900000000002,BehaviorType.ATTACK,49092.555739568925,25597.767962572176,0,50000.0,-0.001,-179.99900000000002,BehaviorType.ATTACK,49611.73137643297,4689.7181522567835,1,COBRA_WIN,True,49010.0,1.7,True,49550.0,0.8
66,300.0,50000.0,-0.006,-179.99400000000003,BehaviorType.ATTACK,49969.478386332026,2285.538664962167,1,50000.0,-0.006,-179.99400000000003,BehaviorType.ATTACK,49738.57815366641,37718.59732993112,1,BOTH_SURVIVED,True,49790.0,0.4,True,49670.0,0.6
67,300.0,50000.0,-0.006,-179.99400000000003,BehaviorType.ATTACK,49629.766245380444,1769.6714237585343,0,50000.0,-0.006,-179.99400000000003,BehaviorType.ATTACK,49861.970590053155,17065.942887368663,1,COBRA_WIN,True,49550.0,0.8,True,49790.0,0.4
68,300.0,50000.0,0.004,179.99599999999998,BehaviorType.ATTACK,49974.30750845793,36435.01636498397,1,50000.0,0.004,179.99599999999998,BehaviorType.ATTACK,49844.93611821447,31384.58354917848,1,BOTH_SURVIVED,True,49790.0,0.4,True,49730.0,0.5
69,300.0,50000.0,0.001,179.99900000000002,BehaviorType.ATTACK,49856.22926325242,48967.494690044165,1,50000.0,0.001,179.99900000000002,BehaviorType.ATTACK,49548.41569654728,40508.507559069134,1,BOTH_SURVIVED,True,49790.0,0.4,True,49430.0,1.0
70,300.0,50000.0,0.005,179.995,BehaviorType.ATTACK,49697.269614146135,39086.12188036631,1,50000.0,0.005,179.995,BehaviorType.ATTACK,49879.598761598056,13309.195401657065,1,BOTH_SURVIVED,True,49610.0,0.7,True,49790.0,0.4
71,300.0,50000.0,-0.001,-179.99900000000002,BehaviorType.ATTACK,49871.63421375072,9073.535288823703,1,50000.0,-0.001,-179.99900000000002,BehaviorType.ATTACK,49213.20988782441,49111.95550251342,1,BOTH_SURVIVED,True,49790.0,0.4,True,49130.0,1.5
72,300.0,50000.0,-0.001,-179.99900000000002,BehaviorType.ATTACK,49626.928770141036,49188.17788523958,1,50000.0,-0.001,-179.99900000000002,BehaviorType.ATTACK,49658.83946574136,6338.473952843781,1,BOTH_SURVIVED,True,49550.0,0.8,True,49550.0,0.8
73,300.0,50000.0,0.004,179.99599999999998,BehaviorType.ATTACK,49616.01959965477,19317.65283293317,1,50000.0,0.004,179.99599999999998,BehaviorType.ATTACK,49200.10707963877,40670.80493613591,1,BOTH_SURVIVED,True,49550.0,0.8,True,49130.0,1.5
74,300.0,50000.0,-0.005,-179.995,BehaviorType.ATTACK,49692.27188893282,47429.73178769915,1,50000.0,-0.005,-179.995,BehaviorType.ATTACK,49300.753906090606,25416.204943608016,1,BOTH_SURVIVED,True,49610.0,0.7,True,49190.0,1.4
75,300.0,50000.0,0.0,180.0,BehaviorType.ATTACK,49173.90077821977,42972.66386012163,1,50000.0,0.0,180.0,BehaviorType.ATTACK,49930.18690479443,36114.6892731952,1,BOTH_SURVIVED,True,49070.0,1.6,True,49790.0,0.4
76,300.0,50000.0,-0.006,-179.99400000000003,BehaviorType.ATTACK,49039.936959510815,42095.19015287303,1,50000.0,-0.006,-179.99400000000003,BehaviorType.ATTACK,49405.277016341075,39801.36302295919,1,BOTH_SURVIVED,True,48950.0,1.8,True,49310.0,1.2
77,300.0,50000.0,0.005,179.995,BehaviorType.ATTACK,49989.238819654405,24253.3864692886,1,50000.0,0.005,179.995,BehaviorType.ATTACK,49382.678761879,8067.548046852452,0,VIPER_WIN,True,49790.0,0.4,True,49310.0,1.2
78,300.0,50000.0,-0.001,-179.99900000000002,BehaviorType.ATTACK,49399.75414766923,7851.083862616687,1,50000.0,-0.001,-179.99900000000002,BehaviorType.ATTACK,49729.496468996826,40174.00414029337,1,BOTH_SURVIVED,True,49310.0,1.2,True,49610.0,0.7
79,300.0,50000.0,0.002,179.998,BehaviorType.ATTACK,49460.263113002264,43039.4993080892,1,50000.0,0.002,179.998,BehaviorType.ATTACK,49791.430179961404,41415.756237087415,1,BOTH_SURVIVED,True,49370.0,1.1,True,49730.0,0.5
80,300.0,50000.0,-0.001,-179.99900000000002,BehaviorType.ATTACK,49191.37061615869,11470.359744326703,1,50000.0,-0.001,-179.99900000000002,BehaviorType.ATTACK,49393.35334057582,33712.695368979614,0,VIPER_WIN,True,49130.0,1.5,True,49310.0,1.2
81,300.0,50000.0,0.002,179.998,BehaviorType.ATTACK,49195.41580663069,331.788372437708,0,50000.0,0.002,179.998,BehaviorType.ATTACK,49390.68662525896,6976.317778413627,1,COBRA_WIN,True,49130.0,1.5,True,49310.0,1.2
82,300.0,50000.0,-0.001,-179.99900000000002,BehaviorType.ATTACK,49640.468645172215,25157.766167555303,1,50000.0,-0.001,-179.99900000000002,BehaviorType.ATTACK,49100.317385082635,23892.374113747956,0,VIPER_WIN,True,49550.0,0.8,True,49010.0,1.7
83,300.0,50000.0,0.004,179.99599999999998,BehaviorType.ATTACK,49782.38144848291,999.440460588219,1,50000.0,0.004,179.99599999999998,BehaviorType.ATTACK,49169.10080389613,1490.1533100318,0,VIPER_WIN,True,49670.0,0.6,True,49070.0,1.6
84,300.0,50000.001,-0.008,-179.99200000000002,BehaviorType.ATTACK,49591.715416436695,16532.2729778686,1,50000.001,-0.008,-179.99200000000002,BehaviorType.ATTACK,49407.67334328775,44323.04207034613,1,BOTH_SURVIVED,True,49490.001,0.9,True,49310.001,1.2
85,300.0,50000.0,-0.006999999999999999,-179.993,BehaviorType.ATTACK,49346.9794908783,14455.154859335145,1,50000.0,-0.006999999999999999,-179.993,BehaviorType.ATTACK,49103.892656133154,36930.87708831266,1,BOTH_SURVIVED,True,49250.0,1.3,True,49010.0,1.7
86,300.0,50000.0,-0.002,-179.998,BehaviorType.ATTACK,49108.46049010964,13793.340971559053,0,50000.0,-0.002,-179.998,BehaviorType.ATTACK,49214.761097355564,14357.308301809573,1,COBRA_WIN,True,49010.0,1.7,True,49130.0,1.5
87,300.0,50000.0,-0.006,-179.99400000000003,BehaviorType.ATTACK,49033.957904441806,36209.24789725893,1,50000.0,-0.006,-179.99400000000003,BehaviorType.ATTACK,49979.07102373908,48178.49998405118,1,BOTH_SURVIVED,True,48950.001,1.8,True,49790.0,0.4
88,300.0,50000.0,0.004,179.99599999999998,BehaviorType.ATTACK,49190.782701993805,25643.88447239816,1,50000.0,0.004,179.99599999999998,BehaviorType.ATTACK,49147.595073555414,5383.501412416125,0,VIPER_WIN,True,49130.0,1.5,True,49070.0,1.6
89,300.0,50000.0,0.001,179.99900000000002,BehaviorType.ATTACK,49683.633575754684,30778.498470341954,1,50000.0,0.001,179.99900000000002,BehaviorType.ATTACK,49267.62370899695,29414.349653747868,1,BOTH_SURVIVED,True,49610.0,0.7,True,49190.0,1.4
90,300.0,50000.0,-0.002,-179.998,BehaviorType.ATTACK,49701.85610413274,14202.5190309585,1,50000.0,-0.002,-179.998,BehaviorType.ATTACK,49307.975196776926,18776.655205366344,0,VIPER_WIN,True,49610.0,0.7,True,49190.0,1.4
91,300.0,50000.0,0.006,179.99400000000003,BehaviorType.ATTACK,49794.635087583774,17261.558440279874,1,50000.0,0.006,179.99400000000003,BehaviorType.ATTACK,49557.91183391129,8865.956333024305,0,VIPER_WIN,True,49730.0,0.5,True,49490.0,0.9
92,300.0,50000.0,-0.004,-179.99599999999998,BehaviorType.ATTACK,49835.72885144747,40811.120496451345,1,50000.0,-0.004,-179.99599999999998,BehaviorType.ATTACK,49841.421107350354,42893.35910833397,1,BOTH_SURVIVED,True,49730.0,0.5,True,49730.0,0.5
93,300.0,50000.0,-0.004,-179.99599999999998,BehaviorType.ATTACK,49785.881888783464,5786.986685250339,1,50000.0,-0.004,-179.99599999999998,BehaviorType.ATTACK,49867.98921916494,28655.533142807722,0,VIPER_WIN,True,49670.0,0.6,True,49790.0,0.4
94,300.0,50000.0,0.0,180.0,BehaviorType.ATTACK,49739.18340971764,13782.264789588955,1,50000.0,0.0,180.0,BehaviorType.ATTACK,49593.14648252619,22257.27778523745,0,VIPER_WIN,True,49670.0,0.6,True,49490.0,0.9
95,300.0,50000.0,-0.008,-179.99200000000002,BehaviorType.ATTACK,49863.49143319786,17878.242108668197,1,50000.0,-0.008,-179.99200000000002,BehaviorType.ATTACK,49382.06420035488,47781.01268551665,1,BOTH_SURVIVED,True,49790.0,0.4,True,49310.001,1.2
96,300.0,50000.0,-0.003,-179.997,BehaviorType.ATTACK,49037.59533051773,42674.30668304356,1,50000.0,-0.003,-179.997,BehaviorType.ATTACK,49755.17187828388,17062.894897973467,1,BOTH_SURVIVED,True,48950.0,1.8,True,49670.0,0.6
97,300.0,50000.0,-0.004,-179.99599999999998,BehaviorType.ATTACK,49572.36400808598,9357.042781130653,1,50000.0,-0.004,-179.99599999999998,BehaviorType.ATTACK,49154.98518696282,37624.38565425451,1,BOTH_SURVIVED,True,49490.0,0.9,True,49070.0,1.6
98,300.0,50000.0,-0.0,-180.0,BehaviorType.ATTACK,49033.68337311855,16286.694226364212,0,50000.0,-0.0,-180.0,BehaviorType.ATTACK,49944.85153736064,16751.806049120943,1,COBRA_WIN,True,48950.0,1.8,True,49790.0,0.4
99,300.0,50000.0,-0.001,-179.99900000000002,BehaviorType.ATTACK,49289.24960239683,9354.121837406354,1,50000.0,-0.001,-179.99900000000002,BehaviorType.ATTACK,49204.22726089002,12334.666301504094,0,VIPER_WIN,True,49190.0,1.4,True,49130.0,1.5
100,300.0,50000.0,-0.001,-179.99900000000002,BehaviorType.ATTACK,49137.760141354964,31095.109550916823,0,50000.0,-0.001,-179.99900000000002,BehaviorType.ATTACK,49055.464490017985,14278.179195843099,1,COBRA_WIN,True,49070.0,1.6,True,48950.0,1.8
101,300.0,50000.0,0.006999999999999999,179.993,BehaviorType.ATTACK,49254.21120237832,47058.4882804967,1,50000.0,0.006999999999999999,179.993,BehaviorType.ATTACK,49828.42816653543,11856.367543980556,1,BOTH_SURVIVED,True,49190.0,1.4,True,49730.0,0.5
102,300.0,50000.0,0.0,180.0,BehaviorType.ATTACK,49772.52098828878,5286.975263847399,1,50000.0,0.0,180.0,BehaviorType.ATTACK,49502.49117428428,15603.394968373896,0,VIPER_WIN,True,49670.0,0.6,True,49430.0,1.0
103,300.0,50000.0,0.001,179.99900000000002,BehaviorType.ATTACK,49001.1788910016,14809.068217412152,1,50000.0,0.001,179.99900000000002,BehaviorType.ATTACK,49302.583003932705,38886.6875610898,1,BOTH_SURVIVED,True,48890.0,1.9,True,49190.0,1.4
104,300.0,50000.0,-0.003,-179.997,BehaviorType.ATTACK,49795.305176124166,14788.53255816534,1,50000.0,-0.003,-179.997,BehaviorType.ATTACK,49229.51281279726,45843.33689162349,1,BOTH_SURVIVED,True,49730.0,0.5,True,49130.0,1.5
105,300.0,50000.0,0.0,180.0,BehaviorType.ATTACK,49431.31342391154,3190.3550951067173,1,50000.0,0.0,180.0,BehaviorType.ATTACK,49799.9402129219,47883.30767758842,1,BOTH_SURVIVED,True,49370.0,1.1,True,49730.0,0.5
106,300.0,50000.0,-0.0,-180.0,BehaviorType.ATTACK,49598.571889828185,21279.97882276435,0,50000.0,-0.0,-180.0,BehaviorType.ATTACK,49827.51895275128,11445.257206029557,1,COBRA_WIN,True,49490.0,0.9,True,49730.0,0.5
107,300.0,50000.0,-0.002,-179.998,BehaviorType.ATTACK,49535.363238452665,18355.38398321733,1,50000.0,-0.002,-179.998,BehaviorType.ATTACK,49311.91144518318,24832.450228634538,0,VIPER_WIN,True,49430.0,1.0,True,49250.0,1.3
108,300.0,50000.0,-0.003,-179.997,BehaviorType.ATTACK,49859.136966323254,9726.223630619868,1,50000.0,-0.003,-179.997,BehaviorType.ATTACK,49754.49801384125,8657.849010774222,0,VIPER_WIN,True,49790.0,0.4,True,49670.0,0.6
109,300.0,50000.0,-0.004,-179.99599999999998,BehaviorType.ATTACK,49711.80100160259,26721.15206846577,1,50000.0,-0.004,-179.99599999999998,BehaviorType.ATTACK,49482.456054985785,49603.8542108811,1,BOTH_SURVIVED,True,49610.0,0.7,True,49370.0,1.1
110,300.0,50000.0,-0.005,-179.995,BehaviorType.ATTACK,49557.20500706199,18660.765031204723,1,50000.0,-0.005,-179.995,BehaviorType.ATTACK,49158.01909325642,5416.247595583445,0,VIPER_WIN,True,49490.0,0.9,True,49070.0,1.6
111,300.0,50000.0,0.004,179.99599999999998,BehaviorType.ATTACK,49643.84999704199,40319.501262968406,1,50000.0,0.004,179.99599999999998,BehaviorType.ATTACK,49885.655519367836,3355.4854199821684,1,BOTH_SURVIVED,True,49550.0,0.8,True,49790.0,0.4
112,300.0,50000.0,0.0,180.0,BehaviorType.ATTACK,49750.50247007854,34377.37664864964,1,50000.0,0.0,180.0,BehaviorType.ATTACK,49092.82774849738,47741.06513035314,1,BOTH_SURVIVED,True,49670.0,0.6,True,49010.0,1.7
113,300.0,50000.0,0.004,179.99599999999998,BehaviorType.ATTACK,49643.75137718038,28462.911635624085,0,50000.0,0.004,179.99599999999998,BehaviorType.ATTACK,49658.30591979799,14622.603533680323,1,COBRA_WIN,True,49550.0,0.8,True,49550.0,0.8
114,300.0,50000.001,-0.009000000000000001,-179.99099999999999,BehaviorType.ATTACK,49239.84347358888,21698.80995045841,0,50000.001,-0.009000000000000001,-179.99099999999999,BehaviorType.ATTACK,49522.33683600167,1853.0801459481106,1,COBRA_WIN,True,49130.001,1.5,True,49430.001,1.0
115,300.0,50000.0,0.003,179.997,BehaviorType.ATTACK,49236.15133461142,31511.295617131953,0,50000.0,0.003,179.997,BehaviorType.ATTACK,49298.38369042967,17828.546341949917,1,COBRA_WIN,True,49130.0,1.5,True,49190.0,1.4
116,300.0,50000.0,-0.005,-179.995,BehaviorType.ATTACK,49678.69233406745,18411.37863211587,1,50000.0,-0.005,-179.995,BehaviorType.ATTACK,49032.259380383526,44238.531196028925,1,BOTH_SURVIVED,True,49610.0,0.7,True,48950.0,1.8
117,300.0,50000.0,-0.006999999999999999,-179.993,BehaviorType.ATTACK,49858.68844908759,39153.70959755293,1,50000.0,-0.006999999999999999,-179.993,BehaviorType.ATTACK,49545.79393604669,28139.406650973215,1,BOTH_SURVIVED,True,49790.0,0.4,True,49430.0,1.0
118,300.0,50000.0,-0.003,-179.997,BehaviorType.ATTACK,49301.89219259999,12922.940700885798,1,50000.0,-0.003,-179.997,BehaviorType.ATTACK,49047.3121257904,41231.36814385907,1,BOTH_SURVIVED,True,49190.0,1.4,True,48950.0,1.8
119,300.0,50000.0,-0.005,-179.995,BehaviorType.ATTACK,49375.143183679786,42969.89201475671,1,50000.0,-0.005,-179.995,BehaviorType.ATTACK,49183.78998346926,26791.755354116754,1,BOTH_SURVIVED,True,49310.0,1.2,True,49070.0,1.6
120,300.0,50000.0,0.0,180.0,BehaviorType.ATTACK,49207.16152588936,3538.8110841986895,1,50000.0,0.0,180.0,BehaviorType.ATTACK,49385.97049989138,46471.507799200765,1,BOTH_SURVIVED,True,49130.0,1.5,True,49310.0,1.2
121,300.0,50000.0,0.006,179.99400000000003,BehaviorType.ATTACK,49453.04431320061,23274.427852093228,1,50000.0,0.006,179.99400000000003,BehaviorType.ATTACK,49778.64977101934,27404.125353281233,0,VIPER_WIN,True,49370.0,1.1,True,49670.0,0.6
122,300.0,50000.001,-0.009000000000000001,-179.99099999999999,BehaviorType.ATTACK,49241.31255585607,20735.46995004781,1,50000.001,-0.009000000000000001,-179.99099999999999,BehaviorType.ATTACK,49680.97177644965,34448.271019227635,0,VIPER_WIN,True,49130.001,1.5,True,49610.001,0.7
123,300.0,50000.0,0.006999999999999999,179.993,BehaviorType.ATTACK,49065.36055124231,476.37951585878244,0,50000.0,0.006999999999999999,179.993,BehaviorType.ATTACK,49315.558536902754,2007.1284185496975,1,COBRA_WIN,True,48950.0,1.8,True,49250.0,1.3
124,300.0,50000.0,0.001,179.99900000000002,BehaviorType.ATTACK,49191.33945004684,39176.67582198229,1,50000.0,0.001,179.99900000000002,BehaviorType.ATTACK,49597.62995095108,28222.314819495386,1,BOTH_SURVIVED,True,49130.0,1.5,True,49490.0,0.9
125,300.0,50000.0,-0.001,-179.99900000000002,BehaviorType.ATTACK,49881.75574291742,21723.157418632567,1,50000.0,-0.001,-179.99900000000002,BehaviorType.ATTACK,49744.36774421894,6901.699029822561,0,VIPER_WIN,True,49790.0,0.4,True,49670.0,0.6
126,300.0,50000.0,-0.005,-179.995,BehaviorType.ATTACK,49945.97888016644,1714.2155396451585,1,50000.0,-0.005,-179.995,BehaviorType.ATTACK,49441.31067945264,5887.366706936148,0,VIPER_WIN,True,49790.0,0.4,True,49370.0,1.1
127,300.0,50000.0,-0.001,-179.99900000000002,BehaviorType.ATTACK,49600.75175323586,16223.924174981885,1,50000.0,-0.001,-179.99900000000002,BehaviorType.ATTACK,49085.86903300101,17731.17981927261,0,VIPER_WIN,True,49490.0,0.9,True,49010.0,1.7
128,300.0,50000.0,0.006,179.99400000000003,BehaviorType.ATTACK,49899.47287123644,21513.21100625822,1,50000.0,0.006,179.99400000000003,BehaviorType.ATTACK,49512.63544276124,31630.698031150656,0,VIPER_WIN,True,49790.0,0.4,True,49430.0,1.0
129,300.0,50000.0,-0.005,-179.995,BehaviorType.ATTACK,49731.56512981437,23630.726970256455,1,50000.0,-0.005,-179.995,BehaviorType.ATTACK,49253.87994193265,11534.501506635243,0,VIPER_WIN,True,49670.0,0.6,True,49190.0,1.4
130,300.0,50000.0,0.001,179.99900000000002,BehaviorType.ATTACK,49834.67597737545,14396.006471049182,1,50000.0,0.001,179.99900000000002,BehaviorType.ATTACK,49532.32436155589,9943.441762067123,0,VIPER_WIN,True,49730.0,0.5,True,49430.0,1.0
131,300.0,50000.0,-0.002,-179.998,BehaviorType.ATTACK,49680.34040069759,14040.480265603966,1,50000.0,-0.002,-179.998,BehaviorType.ATTACK,49478.58007867275,34200.72421930046,0,VIPER_WIN,True,49610.0,0.7,True,49370.0,1.1
132,300.0,50000.0,-0.003,-179.997,BehaviorType.ATTACK,49049.96554546565,2756.4762778706454,0,50000.0,-0.003,-179.997,BehaviorType.ATTACK,49253.22028998902,6576.729856111624,1,COBRA_WIN,True,48950.0,1.8,True,49190.0,1.4
133,300.0,50000.0,0.006999999999999999,179.993,BehaviorType.ATTACK,49587.255994093226,30317.545989778177,0,50000.0,0.006999999999999999,179.993,BehaviorType.ATTACK,49190.55704136172,23927.313445527678,1,COBRA_WIN,True,49490.0,0.9,True,49130.0,1.5
134,300.0,50000.0,0.001,179.99900000000002,BehaviorType.ATTACK,49745.41838381045,23469.886500116703,1,50000.0,0.001,179.99900000000002,BehaviorType.ATTACK,49095.87719936222,32371.699872708985,0,VIPER_WIN,True,49670.0,0.6,True,49010.0,1.7
135,300.0,50000.0,-0.002,-179.998,BehaviorType.ATTACK,49201.47060050014,48375.9961281981,1,50000.0,-0.002,-179.998,BehaviorType.ATTACK,49893.12497624285,25144.580475586114,1,BOTH_SURVIVED,True,49130.0,1.5,True,49790.0,0.4
136,300.0,50000.0,0.006999999999999999,179.993,BehaviorType.ATTACK,49040.055893324,4056.50415950195,0,50000.0,0.006999999999999999,179.993,BehaviorType.ATTACK,49406.849575763306,23037.085738587222,1,COBRA_WIN,True,48950.0,1.8,True,49310.0,1.2
137,300.0,50000.0,-0.005,-179.995,BehaviorType.ATTACK,49923.05694807051,36139.72247257189,1,50000.0,-0.005,-179.995,BehaviorType.ATTACK,49149.47271281034,33284.78003563343,1,BOTH_SURVIVED,True,49790.0,0.4,True,49070.0,1.6
138,300.0,50000.0,-0.005,-179.995,BehaviorType.ATTACK,49911.56039500161,38424.03051269423,1,50000.0,-0.005,-179.995,BehaviorType.ATTACK,49806.65067456519,49024.15200216098,1,BOTH_SURVIVED,True,49790.0,0.4,True,49730.0,0.5
139,300.0,50000.0,0.002,179.998,BehaviorType.ATTACK,49813.5027923622,31934.263688140014,0,50000.0,0.002,179.998,BehaviorType.ATTACK,49043.6700402098,17374.204701593582,1,COBRA_WIN,True,49730.0,0.5,True,48950.0,1.8
140,300.0,50000.001,-0.01,-179.99,BehaviorType.ATTACK,49133.8405336555,2896.2527264449755,1,50000.001,-0.01,-179.99,BehaviorType.ATTACK,49816.19573671906,31895.272515248278,0,VIPER_WIN,True,49070.001,1.6,True,49730.001,0.5
141,300.0,50000.0,0.003,179.997,BehaviorType.ATTACK,49461.91830691545,45648.58259126248,1,50000.0,0.003,179.997,BehaviorType.ATTACK,49901.37494057855,43163.116551332845,1,BOTH_SURVIVED,True,49370.0,1.1,True,49790.0,0.4
142,300.0,50000.001,-0.008,-179.99200000000002,BehaviorType.ATTACK,49893.95509632989,1343.2903321445533,1,50000.001,-0.008,-179.99200000000002,BehaviorType.ATTACK,49239.19430073003,39787.97609816204,1,BOTH_SURVIVED,True,49790.001,0.4,True,49130.001,1.5
143,300.0,50000.0,0.005,179.995,BehaviorType.ATTACK,49493.67250089193,32118.66168702504,0,50000.0,0.005,179.995,BehaviorType.ATTACK,49212.2885042676,25923.471286767286,1,COBRA_WIN,True,49430.0,1.0,True,49130.0,1.5
144,300.0,50000.001,0.008,179.99200000000002,BehaviorType.ATTACK,49079.448221484956,41869.23850922109,1,50000.001,0.008,179.99200000000002,BehaviorType.ATTACK,49999.44784330365,48251.40423010542,1,BOTH_SURVIVED,True,49010.001,1.7,True,49790.001,0.4
145,300.0,50000.001,0.01,179.99,BehaviorType.ATTACK,49258.27596545864,29541.65822391502,1,50000.001,0.01,179.99,BehaviorType.ATTACK,49363.61186761672,44304.80898803177,1,BOTH_SURVIVED,True,49190.001,1.4,True,49250.001,1.3
146,300.0,50000.0,0.005,179.995,BehaviorType.ATTACK,49828.21911103339,33799.51261392831,0,50000.0,0.005,179.995,BehaviorType.ATTACK,49336.20988495906,18052.32910000205,1,COBRA_WIN,True,49730.0,0.5,True,49250.0,1.3
147,300.0,50000.0,0.004,179.99599999999998,BehaviorType.ATTACK,49822.164610811604,41582.96221366358,1,50000.0,0.004,179.99599999999998,BehaviorType.ATTACK,49122.10560294217,9050.797147980566,1,BOTH_SURVIVED,True,49730.0,0.5,True,49010.0,1.7
148,300.0,50000.001,-0.011000000000000001,-179.989,BehaviorType.ATTACK,49817.38019170634,31350.60355975504,1,50000.001,-0.011000000000000001,-179.989,BehaviorType.ATTACK,49220.96725819981,32290.847553164658,1,BOTH_SURVIVED,True,49730.001,0.5,True,49130.001,1.5
149,300.0,50000.0,-0.002,-179.998,BehaviorType.ATTACK,49460.62348591186,1825.979487130175,1,50000.0,-0.002,-179.998,BehaviorType.ATTACK,49962.96522753397,30273.044800861648,0,VIPER_WIN,True,49370.0,1.1,True,49790.0,0.4
150,300.0,50000.0,0.0,180.0,BehaviorType.ATTACK,49602.09073298156,34645.68069586131,0,50000.0,0.0,180.0,BehaviorType.ATTACK,49230.79631502365,30427.336830701566,1,COBRA_WIN,True,49490.0,0.9,True,49130.0,1.5
151,300.0,50000.0,-0.001,-179.99900000000002,BehaviorType.ATTACK,49622.39372772127,8651.671082465922,1,50000.0,-0.001,-179.99900000000002,BehaviorType.ATTACK,49101.5930749072,23618.436309369845,0,VIPER_WIN,True,49550.0,0.8,True,49010.0,1.7
152,300.0,50000.0,0.001,179.99900000000002,BehaviorType.ATTACK,49107.23730802209,37363.317853999775,1,50000.0,0.001,179.99900000000002,BehaviorType.ATTACK,49182.80416441915,24394.18169333695,1,BOTH_SURVIVED,True,49010.0,1.7,True,49070.0,1.6
153,300.0,50000.0,0.006,179.99400000000003,BehaviorType.ATTACK,49356.66654576196,36818.61906906151,1,50000.0,0.006,179.99400000000003,BehaviorType.ATTACK,49792.15007001875,13824.935346303007,1,BOTH_SURVIVED,True,49250.0,1.3,True,49730.0,0.5
154,300.0,50000.0,0.006,179.99400000000003,BehaviorType.ATTACK,49229.49910922389,42863.996464829346,1,50000.0,0.006,179.99400000000003,BehaviorType.ATTACK,49940.418218027735,10155.292597865917,1,BOTH_SURVIVED,True,49130.0,1.5,True,49790.0,0.4
155,300.0,50000.0,-0.003,-179.997,BehaviorType.ATTACK,49324.50780508967,46419.215935822096,1,50000.0,-0.003,-179.997,BehaviorType.ATTACK,49002.31725545392,24390.945101053745,1,BOTH_SURVIVED,True,49250.0,1.3,True,48890.0,1.9
156,300.0,50000.0,0.002,179.998,BehaviorType.ATTACK,49045.27847499047,42211.56232636426,1,50000.0,0.002,179.998,BehaviorType.ATTACK,49554.89496329259,5775.040368804584,1,BOTH_SURVIVED,True,48950.0,1.8,True,49490.0,0.9
157,300.0,50000.0,0.003,179.997,BehaviorType.ATTACK,49821.03292548211,11229.663248974332,1,50000.0,0.003,179.997,BehaviorType.ATTACK,49083.21454286121,33326.34230216951,0,VIPER_WIN,True,49730.0,0.5,True,49010.0,1.7
158,300.0,50000.0,-0.001,-179.99900000000002,BehaviorType.ATTACK,49218.29837117954,38143.03789653731,1,50000.0,-0.001,-179.99900000000002,BehaviorType.ATTACK,49468.36258681673,11807.912898397222,1,BOTH_SURVIVED,True,49130.0,1.5,True,49370.0,1.1
159,300.0,50000.0,0.005,179.995,BehaviorType.ATTACK,49450.62286725156,32002.529335355062,0,50000.0,0.005,179.995,BehaviorType.ATTACK,49531.07924165921,8908.309542339442,1,COBRA_WIN,True,49370.0,1.1,True,49430.0,1.0
160,300.0,50000.0,0.0,180.0,BehaviorType.ATTACK,49117.821113397906,24972.69057635543,0,50000.0,0.0,180.0,BehaviorType.ATTACK,49272.290624549845,21034.578413545634,1,COBRA_WIN,True,49010.0,1.7,True,49190.0,1.4
161,300.0,50000.0,0.001,179.99900000000002,BehaviorType.ATTACK,49407.18429248311,22261.041950074436,0,50000.0,0.001,179.99900000000002,BehaviorType.ATTACK,49762.59305607009,3564.3404305882477,1,COBRA_WIN,True,49310.0,1.2,True,49670.0,0.6
162,300.0,50000.0,0.003,179.997,BehaviorType.ATTACK,49084.49231284306,25843.549368606135,0,50000.0,0.003,179.997,BehaviorType.ATTACK,49860.45694723279,14059.832798303496,1,COBRA_WIN,True,49010.0,1.7,True,49790.0,0.4
163,300.0,50000.0,0.001,179.99900000000002,BehaviorType.ATTACK,49645.328831549225,21552.442008831924,0,50000.0,0.001,179.99900000000002,BehaviorType.ATTACK,49708.54091684383,24851.627279584038,1,COBRA_WIN,True,49550.0,0.8,True,49610.0,0.7
164,300.0,50000.0,-0.001,-179.99900000000002,BehaviorType.ATTACK,49877.451545844,7441.3060668539865,0,50000.0,-0.001,-179.99900000000002,BehaviorType.ATTACK,49850.760309359495,7823.158607207242,0,MUTUAL_KILL,True,49790.0,0.4,True,49790.0,0.4
165,300.0,50000.0,0.006,179.99400000000003,BehaviorType.ATTACK,49683.75189195601,4272.339332417696,1,50000.0,0.006,179.99400000000003,BehaviorType.ATTACK,49541.67545389887,19126.358720329794,0,VIPER_WIN,True,49610.0,0.7,True,49430.0,1.0
166,300.0,50000.0,-0.006,-179.99400000000003,BehaviorType.ATTACK,49674.94367503518,30553.917190765475,1,50000.0,-0.006,-179.99400000000003,BehaviorType.ATTACK,49988.15207142607,33734.5608149897,1,BOTH_SURVIVED,True,49610.0,0.7,True,49790.0,0.4
167,300.0,50000.0,-0.006,-179.99400000000003,BehaviorType.ATTACK,49718.94023357536,34789.207843584605,1,50000.0,-0.006,-179.99400000000003,BehaviorType.ATTACK,49235.69810863661,36419.76440055044,1,BOTH_SURVIVED,True,49610.0,0.7,True,49130.0,1.5
168,300.0,50000.0,-0.008,-179.99200000000002,BehaviorType.ATTACK,49656.74040299911,43511.26886332304,1,50000.0,-0.008,-179.99200000000002,BehaviorType.ATTACK,49940.320304608445,33327.8535527024,1,BOTH_SURVIVED,True,49550.001,0.8,True,49790.0,0.4
169,300.0,50000.0,0.001,179.99900000000002,BehaviorType.ATTACK,49030.01560145175,28166.789103569357,1,50000.0,0.001,179.99900000000002,BehaviorType.ATTACK,49225.88049235436,48453.15339640926,1,BOTH_SURVIVED,True,48950.0,1.8,True,49130.0,1.5
170,300.0,50000.0,-0.001,-179.99900000000002,BehaviorType.ATTACK,49879.11504033244,27506.226278652273,0,50000.0,-0.001,-179.99900000000002,BehaviorType.ATTACK,49701.68401669708,11024.852131448604,1,COBRA_WIN,True,49790.0,0.4,True,49610.0,0.7
171,300.0,50000.0,0.0,180.0,BehaviorType.ATTACK,49597.14746846357,2018.828547939272,0,50000.0,0.0,180.0,BehaviorType.ATTACK,49567.154103540626,18420.56516312352,0,MUTUAL_KILL,True,49490.0,0.9,True,49490.0,0.9
172,300.0,50000.0,0.001,179.99900000000002,BehaviorType.ATTACK,49990.17440173617,15415.595316090108,1,50000.0,0.001,179.99900000000002,BehaviorType.ATTACK,49172.83268654062,32291.301081020185,0,VIPER_WIN,True,49790.0,0.4,True,49070.0,1.6
173,300.0,50000.0,0.001,179.99900000000002,BehaviorType.ATTACK,49563.90819281787,13996.748397096797,1,50000.0,0.001,179.99900000000002,BehaviorType.ATTACK,49352.747590714294,11834.053468291822,0,VIPER_WIN,True,49490.0,0.9,True,49250.0,1.3
174,300.0,50000.0,-0.005,-179.995,BehaviorType.ATTACK,49944.514913858504,34369.572852139245,0,50000.0,-0.005,-179.995,BehaviorType.ATTACK,49452.91954804077,3307.874442544817,1,COBRA_WIN,True,49790.0,0.4,True,49370.0,1.1
175,300.0,50000.0,-0.0,-180.0,BehaviorType.ATTACK,49519.24023254226,2987.053196220907,1,50000.0,-0.0,-180.0,BehaviorType.ATTACK,49081.560732055426,1043.2012031241,0,VIPER_WIN,True,49430.0,1.0,True,49010.0,1.7
176,300.0,50000.0,0.002,179.998,BehaviorType.ATTACK,49726.90356711605,18494.53065422238,1,50000.0,0.002,179.998,BehaviorType.ATTACK,49002.54332041368,27638.772537306268,0,VIPER_WIN,True,49610.0,0.7,True,48890.0,1.9
177,300.0,50000.0,-0.004,-179.99599999999998,BehaviorType.ATTACK,49735.48392136684,4110.13906038824,1,50000.0,-0.004,-179.99599999999998,BehaviorType.ATTACK,49426.23346913941,42060.41788976614,1,BOTH_SURVIVED,True,49670.0,0.6,True,49310.0,1.2
178,300.0,50000.0,-0.002,-179.998,BehaviorType.ATTACK,49185.302405101815,1310.1804220856939,1,50000.0,-0.002,-179.998,BehaviorType.ATTACK,49543.92233539082,47646.40123172995,1,BOTH_SURVIVED,True,49070.0,1.6,True,49430.0,1.0
179,300.0,50000.0,0.006999999999999999,179.993,BehaviorType.ATTACK,49355.27336767268,7658.786931551969,0,50000.0,0.006999999999999999,179.993,BehaviorType.ATTACK,49594.47640230032,14853.396395096974,1,COBRA_WIN,True,49250.0,1.3,True,49490.0,0.9
180,300.0,50000.0,0.003,179.997,BehaviorType.ATTACK,49226.39053409067,24961.28152660077,0,50000.0,0.003,179.997,BehaviorType.ATTACK,49238.24377420991,24729.33528960311,0,MUTUAL_KILL,True,49130.0,1.5,True,49130.0,1.5
181,300.0,50000.0,-0.001,-179.99900000000002,BehaviorType.ATTACK,49930.60472969094,8538.850456334485,1,50000.0,-0.001,-179.99900000000002,BehaviorType.ATTACK,49730.72749599452,44820.586179766404,1,BOTH_SURVIVED,True,49790.0,0.4,True,49670.0,0.6
182,300.0,50000.0,-0.006999999999999999,-179.993,BehaviorType.ATTACK,49759.95607642203,13106.493528123225,0,50000.0,-0.006999999999999999,-179.993,BehaviorType.ATTACK,49732.772818072415,13207.05868366087,0,MUTUAL_KILL,True,49670.0,0.6,True,49670.0,0.6
183,300.0,50000.0,0.0,180.0,BehaviorType.ATTACK,49822.313605149015,49182.726561616655,1,50000.0,0.0,180.0,BehaviorType.ATTACK,49229.646151302586,648.6263199337205,1,BOTH_SURVIVED,True,49730.0,0.5,True,49130.0,1.5
184,300.0,50000.0,0.005,179.995,BehaviorType.ATTACK,49866.47698833649,37646.54288298092,1,50000.0,0.005,179.995,BehaviorType.ATTACK,49438.056367448524,10968.623387077176,1,BOTH_SURVIVED,True,49790.0,0.4,True,49370.0,1.1
185,300.0,50000.001,0.009000000000000001,179.99099999999999,BehaviorType.ATTACK,49818.95742292245,9072.117771862442,1,50000.001,0.009000000000000001,179.99099999999999,BehaviorType.ATTACK,49305.38553559048,11003.605450837422,0,VIPER_WIN,True,49730.001,0.5,True,49190.001,1.4
186,300.0,50000.0,-0.002,-179.998,BehaviorType.ATTACK,49793.7957547708,21042.447216821136,1,50000.0,-0.002,-179.998,BehaviorType.ATTACK,49029.02105074242,18070.18684623081,0,VIPER_WIN,True,49730.0,0.5,True,48950.0,1.8
187,300.0,50000.0,0.008,179.99200000000002,BehaviorType.ATTACK,49640.17618164779,9233.895533030145,1,50000.0,0.008,179.99200000000002,BehaviorType.ATTACK,49075.905620967096,3266.483962899197,0,VIPER_WIN,True,49550.0,0.8,True,49010.001,1.7
188,300.0,50000.001,0.008,179.99200000000002,BehaviorType.ATTACK,49994.02391592084,17037.49372693777,1,50000.001,0.008,179.99200000000002,BehaviorType.ATTACK,49775.44009225527,28862.224681631025,0,VIPER_WIN,True,49790.001,0.4,True,49670.001,0.6
189,300.0,50000.0,0.006999999999999999,179.993,BehaviorType.ATTACK,49324.69564118915,22889.68979768395,0,50000.0,0.006999999999999999,179.993,BehaviorType.ATTACK,49895.53111801093,23079.272753375157,1,COBRA_WIN,True,49250.0,1.3,True,49790.0,0.4
190,300.0,50000.0,-0.006,-179.99400000000003,BehaviorType.ATTACK,49918.01180625165,24673.263140413794,1,50000.0,-0.006,-179.99400000000003,BehaviorType.ATTACK,49057.26548582379,41980.33148874758,1,BOTH_SURVIVED,True,49790.0,0.4,True,48950.001,1.8
191,300.0,50000.001,-0.008,-179.99200000000002,BehaviorType.ATTACK,49709.19298150022,20554.077757108695,1,50000.001,-0.008,-179.99200000000002,BehaviorType.ATTACK,49613.96092843631,35660.862596586536,0,VIPER_WIN,True,49610.001,0.7,True,49550.001,0.8
192,300.0,50000.001,-0.011000000000000001,-179.989,BehaviorType.ATTACK,49804.45620578202,229.41254345760774,1,50000.001,-0.011000000000000001,-179.989,BehaviorType.ATTACK,49771.33977451189,21890.635539256466,0,VIPER_WIN,True,49730.001,0.5,True,49670.001,0.6
193,300.0,50000.0,0.001,179.99900000000002,BehaviorType.ATTACK,49986.853828921834,8188.026898047696,1,50000.0,0.001,179.99900000000002,BehaviorType.ATTACK,49977.58092527004,36513.23652551885,1,BOTH_SURVIVED,True,49790.0,0.4,True,49790.0,0.4
194,300.0,50000.0,-0.0,-180.0,BehaviorType.ATTACK,49242.49656093839,26167.748582995642,0,50000.0,-0.0,-180.0,BehaviorType.ATTACK,49081.82658630816,9298.459204055482,1,COBRA_WIN,True,49130.0,1.5,True,49010.0,1.7
195,300.0,50000.0,-0.004,-179.99599999999998,BehaviorType.ATTACK,49645.665811358325,13454.326897165714,1,50000.0,-0.004,-179.99599999999998,BehaviorType.ATTACK,49360.65048700383,16170.731912230001,0,VIPER_WIN,True,49550.0,0.8,True,49250.0,1.3
196,300.0,50000.0,-0.001,-179.99900000000002,BehaviorType.ATTACK,49501.17381191349,2264.2935326199154,0,50000.0,-0.001,-179.99900000000002,BehaviorType.ATTACK,49500.54834628236,6099.445909837626,0,MUTUAL_KILL,True,49430.0,1.0,True,49430.0,1.0
197,300.0,50000.0,-0.005,-179.995,BehaviorType.ATTACK,49781.46926458373,1766.0786036009679,1,50000.0,-0.005,-179.995,BehaviorType.ATTACK,49653.957326779644,5388.453076648559,0,VIPER_WIN,True,49670.0,0.6,True,49550.0,0.8
198,300.0,50000.0,0.002,179.998,BehaviorType.ATTACK,49863.570603979584,33206.27606701538,0,50000.0,0.002,179.998,BehaviorType.ATTACK,49026.20133108154,16022.234337257412,1,COBRA_WIN,True,49790.0,0.4,True,48950.0,1.8
199,300.0,50000.0,0.004,179.99599999999998,BehaviorType.ATTACK,49216.68229966518,28278.104475168842,1,50000.0,0.004,179.99599999999998,BehaviorType.ATTACK,49690.14426529991,31760.98170602723,1,BOTH_SURVIVED,True,49130.0,1.5,True,49610.0,0.7
200,300.0,50000.0,-0.002,-179.998,BehaviorType.ATTACK,49857.13776013071,45884.194561966084,1,50000.0,-0.002,-179.998,BehaviorType.ATTACK,49019.523548683814,45820.6904434938,1,BOTH_SURVIVED,True,49790.0,0.4,True,48950.0,1.8
