,test_id,kcid,lmc_prior_code,lengthscale_prior_code,input,weight,y0,y3,y4
0,0,0,2,1,0,unweighted,-0.1717,0.3072,-0.0799
1,0,0,2,1,0,linear,0.3888,0.3072,-0.0799
2,0,0,2,1,0,quadratic,0.6492,0.3072,-0.0799
3,0,0,2,1,0,unweighted,-0.1717,0.3376,-0.0799
4,0,0,2,1,0,linear,0.3888,0.3376,-0.0799
5,0,0,2,1,0,quadratic,0.6492,0.3376,-0.0799
6,0,0,2,1,0,unweighted,-0.1717,0.3362,-0.0799
7,0,0,2,1,0,linear,0.3888,0.3362,-0.0799
8,0,0,2,1,0,quadratic,0.6492,0.3362,-0.0799
9,0,0,2,1,0,unweighted,-0.1717,0.3444,-0.0799
10,0,0,2,1,0,linear,0.3888,0.3444,-0.0799
11,0,0,2,1,0,quadratic,0.6492,0.3444,-0.0799
12,0,0,2,1,0,unweighted,-0.1717,0.3542,-0.0799
13,0,0,2,1,0,linear,0.3888,0.3542,-0.0799
14,0,0,2,1,0,quadratic,0.6492,0.3542,-0.0799
15,0,0,2,1,0,unweighted,-0.1717,0.35,-0.0799
16,0,0,2,1,0,linear,0.3888,0.35,-0.0799
17,0,0,2,1,0,quadratic,0.6492,0.35,-0.0799
18,0,0,2,1,0,unweighted,-0.1717,0.2749,-0.0799
19,0,0,2,1,0,linear,0.3888,0.2749,-0.0799
20,0,0,2,1,0,quadratic,0.6492,0.2749,-0.0799
21,0,0,2,1,0,unweighted,-0.1717,0.3636,-0.0799
22,0,0,2,1,0,linear,0.3888,0.3636,-0.0799
23,0,0,2,1,0,quadratic,0.6492,0.3636,-0.0799
24,0,0,2,1,0,unweighted,-0.1717,0.3486,-0.0799
25,0,0,2,1,0,linear,0.3888,0.3486,-0.0799
26,0,0,2,1,0,quadratic,0.6492,0.3486,-0.0799
27,0,0,2,1,0,unweighted,-0.1717,0.3236,-0.0799
28,0,0,2,1,0,linear,0.3888,0.3236,-0.0799
29,0,0,2,1,0,quadratic,0.6492,0.3236,-0.0799
30,0,0,2,1,1,unweighted,-0.1059,-0.0859,-0.0799
31,0,0,2,1,1,linear,0.4224,-0.0859,-0.0799
32,0,0,2,1,1,quadratic,0.665,-0.0859,-0.0799
33,0,0,2,1,1,unweighted,-0.1578,-0.0859,-0.0799
34,0,0,2,1,1,linear,0.3946,-0.0859,-0.0799
35,0,0,2,1,1,quadratic,0.6519,-0.0859,-0.0799
36,0,0,2,1,1,unweighted,-0.1717,-0.0859,-0.0799
37,0,0,2,1,1,linear,0.3888,-0.0859,-0.0799
38,0,0,2,1,1,quadratic,0.6492,-0.0859,-0.0799
39,0,0,2,1,1,unweighted,-0.1666,-0.0859,-0.0799
40,0,0,2,1,1,linear,0.3904,-0.0859,-0.0799
41,0,0,2,1,1,quadratic,0.6479,-0.0859,-0.0799
42,0,0,2,1,1,unweighted,-0.1678,-0.0859,-0.0799
43,0,0,2,1,1,linear,0.3911,-0.0859,-0.0799
44,0,0,2,1,1,quadratic,0.649,-0.0859,-0.0799
45,0,0,2,1,1,unweighted,-0.1717,-0.0859,-0.0799
46,0,0,2,1,1,linear,0.3888,-0.0859,-0.0799
47,0,0,2,1,1,quadratic,0.6492,-0.0859,-0.0799
48,0,0,2,1,1,unweighted,-0.159,-0.0859,-0.0799
49,0,0,2,1,1,linear,0.3954,-0.0859,-0.0799
50,0,0,2,1,1,quadratic,0.653,-0.0859,-0.0799
51,0,0,2,1,1,unweighted,-0.1603,-0.0859,-0.0799
52,0,0,2,1,1,linear,0.3911,-0.0859,-0.0799
53,0,0,2,1,1,quadratic,0.6457,-0.0859,-0.0799
54,0,0,2,1,1,unweighted,-0.1467,-0.0859,-0.0799
55,0,0,2,1,1,linear,0.3969,-0.0859,-0.0799
56,0,0,2,1,1,quadratic,0.6484,-0.0859,-0.0799
57,0,0,2,1,1,unweighted,-0.1717,-0.0859,-0.0799
58,0,0,2,1,1,linear,0.3888,-0.0859,-0.0799
59,0,0,2,1,1,quadratic,0.6492,-0.0859,-0.0799
60,0,0,2,1,2,unweighted,-0.1717,-0.0859,0.2522
61,0,0,2,1,2,linear,0.3888,-0.0859,0.2522
62,0,0,2,1,2,quadratic,0.6492,-0.0859,0.2522
63,0,0,2,1,2,unweighted,-0.1717,-0.0859,0.2428
64,0,0,2,1,2,linear,0.3888,-0.0859,0.2428
65,0,0,2,1,2,quadratic,0.6492,-0.0859,0.2428
66,0,0,2,1,2,unweighted,-0.1717,-0.0859,0.2319
67,0,0,2,1,2,linear,0.3888,-0.0859,0.2319
68,0,0,2,1,2,quadratic,0.6492,-0.0859,0.2319
69,0,0,2,1,2,unweighted,-0.1717,-0.0859,0.263
70,0,0,2,1,2,linear,0.3888,-0.0859,0.263
71,0,0,2,1,2,quadratic,0.6492,-0.0859,0.263
72,0,0,2,1,2,unweighted,-0.1717,-0.0859,0.205
73,0,0,2,1,2,linear,0.3888,-0.0859,0.205
74,0,0,2,1,2,quadratic,0.6492,-0.0859,0.205
75,0,0,2,1,2,unweighted,-0.1717,-0.0859,0.0786
76,0,0,2,1,2,linear,0.3888,-0.0859,0.0786
77,0,0,2,1,2,quadratic,0.6492,-0.0859,0.0786
78,0,0,2,1,2,unweighted,-0.1717,-0.0859,0.2889
79,0,0,2,1,2,linear,0.3888,-0.0859,0.2889
80,0,0,2,1,2,quadratic,0.6492,-0.0859,0.2889
81,0,0,2,1,2,unweighted,-0.1717,-0.0859,0.272
82,0,0,2,1,2,linear,0.3888,-0.0859,0.272
83,0,0,2,1,2,quadratic,0.6492,-0.0859,0.272
84,0,0,2,1,2,unweighted,-0.1717,-0.0859,0.3104
85,0,0,2,1,2,linear,0.3888,-0.0859,0.3104
86,0,0,2,1,2,quadratic,0.6492,-0.0859,0.3104
87,0,0,2,1,2,unweighted,-0.1717,-0.0859,0.2079
88,0,0,2,1,2,linear,0.3888,-0.0859,0.2079
89,0,0,2,1,2,quadratic,0.6492,-0.0859,0.2079
90,0,0,2,1,3,unweighted,-0.1663,-0.0859,-0.0799
91,0,0,2,1,3,linear,0.3983,-0.0859,-0.0799
92,0,0,2,1,3,quadratic,0.6574,-0.0859,-0.0799
93,0,0,2,1,3,unweighted,-0.1717,-0.0859,-0.0799
94,0,0,2,1,3,linear,0.3888,-0.0859,-0.0799
95,0,0,2,1,3,quadratic,0.6492,-0.0859,-0.0799
96,0,0,2,1,3,unweighted,-0.1604,-0.0859,-0.0799
97,0,0,2,1,3,linear,0.3964,-0.0859,-0.0799
98,0,0,2,1,3,quadratic,0.6543,-0.0859,-0.0799
99,0,0,2,1,3,unweighted,-0.1717,-0.0859,-0.0799
100,0,0,2,1,3,linear,0.3888,-0.0859,-0.0799
101,0,0,2,1,3,quadratic,0.6492,-0.0859,-0.0799
102,0,0,2,1,3,unweighted,-0.1717,-0.0859,-0.0799
103,0,0,2,1,3,linear,0.3888,-0.0859,-0.0799
104,0,0,2,1,3,quadratic,0.6492,-0.0859,-0.0799
105,0,0,2,1,3,unweighted,-0.1717,-0.0859,-0.0799
106,0,0,2,1,3,linear,0.3888,-0.0859,-0.0799
107,0,0,2,1,3,quadratic,0.6492,-0.0859,-0.0799
108,0,0,2,1,3,unweighted,-0.1717,-0.0859,-0.0799
109,0,0,2,1,3,linear,0.3888,-0.0859,-0.0799
110,0,0,2,1,3,quadratic,0.6492,-0.0859,-0.0799
111,0,0,2,1,3,unweighted,-0.1717,-0.0859,-0.0799
112,0,0,2,1,3,linear,0.3888,-0.0859,-0.0799
113,0,0,2,1,3,quadratic,0.6492,-0.0859,-0.0799
114,0,0,2,1,3,unweighted,-0.1717,-0.0859,-0.0799
115,0,0,2,1,3,linear,0.3888,-0.0859,-0.0799
116,0,0,2,1,3,quadratic,0.6492,-0.0859,-0.0799
117,0,0,2,1,3,unweighted,-0.1717,-0.0859,-0.0799
118,0,0,2,1,3,linear,0.3888,-0.0859,-0.0799
119,0,0,2,1,3,quadratic,0.6492,-0.0859,-0.0799
120,0,1,2,1,0,unweighted,-0.1717,0.3388,-0.0799
121,0,1,2,1,0,linear,0.3888,0.3388,-0.0799
122,0,1,2,1,0,quadratic,0.6492,0.3388,-0.0799
123,0,1,2,1,0,unweighted,-0.1717,0.2861,-0.0799
124,0,1,2,1,0,linear,0.3888,0.2861,-0.0799
125,0,1,2,1,0,quadratic,0.6492,0.2861,-0.0799
126,0,1,2,1,0,unweighted,-0.1717,0.3486,-0.0799
127,0,1,2,1,0,linear,0.3888,0.3486,-0.0799
128,0,1,2,1,0,quadratic,0.6492,0.3486,-0.0799
129,0,1,2,1,0,unweighted,-0.1717,0.2861,-0.0799
130,0,1,2,1,0,linear,0.3888,0.2861,-0.0799
131,0,1,2,1,0,quadratic,0.6492,0.2861,-0.0799
132,0,1,2,1,0,unweighted,-0.1717,0.3279,-0.0799
133,0,1,2,1,0,linear,0.3888,0.3279,-0.0799
134,0,1,2,1,0,quadratic,0.6492,0.3279,-0.0799
135,0,1,2,1,0,unweighted,-0.1717,0.2861,-0.0799
136,0,1,2,1,0,linear,0.3888,0.2861,-0.0799
137,0,1,2,1,0,quadratic,0.6492,0.2861,-0.0799
138,0,1,2,1,0,unweighted,-0.1717,0.3388,-0.0799
139,0,1,2,1,0,linear,0.3888,0.3388,-0.0799
140,0,1,2,1,0,quadratic,0.6492,0.3388,-0.0799
141,0,1,2,1,0,unweighted,-0.1717,0.3727,-0.0799
142,0,1,2,1,0,linear,0.3888,0.3727,-0.0799
143,0,1,2,1,0,quadratic,0.6492,0.3727,-0.0799
144,0,1,2,1,0,unweighted,-0.1717,-0.0859,-0.0799
145,0,1,2,1,0,linear,0.3888,-0.0859,-0.0799
146,0,1,2,1,0,quadratic,0.6492,-0.0859,-0.0799
147,0,1,2,1,0,unweighted,-0.1717,0.1855,-0.0799
148,0,1,2,1,0,linear,0.3888,0.1855,-0.0799
149,0,1,2,1,0,quadratic,0.6492,0.1855,-0.0799
150,0,1,2,1,1,unweighted,-0.1616,-0.0859,-0.0799
151,0,1,2,1,1,linear,0.3969,-0.0859,-0.0799
152,0,1,2,1,1,quadratic,0.655,-0.0859,-0.0799
153,0,1,2,1,1,unweighted,-0.1578,-0.0859,-0.0799
154,0,1,2,1,1,linear,0.3946,-0.0859,-0.0799
155,0,1,2,1,1,quadratic,0.6519,-0.0859,-0.0799
156,0,1,2,1,1,unweighted,-0.1603,-0.0859,-0.0799
157,0,1,2,1,1,linear,0.3961,-0.0859,-0.0799
158,0,1,2,1,1,quadratic,0.654,-0.0859,-0.0799
159,0,1,2,1,1,unweighted,-0.159,-0.0859,-0.0799
160,0,1,2,1,1,linear,0.3954,-0.0859,-0.0799
161,0,1,2,1,1,quadratic,0.653,-0.0859,-0.0799
162,0,1,2,1,1,unweighted,-0.1555,-0.0859,-0.0799
163,0,1,2,1,1,linear,0.3976,-0.0859,-0.0799
164,0,1,2,1,1,quadratic,0.6527,-0.0859,-0.0799
165,0,1,2,1,1,unweighted,-0.1717,-0.0859,-0.0799
166,0,1,2,1,1,linear,0.3888,-0.0859,-0.0799
167,0,1,2,1,1,quadratic,0.6492,-0.0859,-0.0799
168,0,1,2,1,1,unweighted,-0.1158,-0.0859,-0.0799
169,0,1,2,1,1,linear,0.4093,-0.0859,-0.0799
170,0,1,2,1,1,quadratic,0.6524,-0.0859,-0.0799
171,0,1,2,1,1,unweighted,-0.1717,-0.0859,-0.0799
172,0,1,2,1,1,linear,0.3888,-0.0859,-0.0799
173,0,1,2,1,1,quadratic,0.6492,-0.0859,-0.0799
174,0,1,2,1,1,unweighted,-0.1481,-0.0859,-0.0799
175,0,1,2,1,1,linear,0.4025,-0.0859,-0.0799
176,0,1,2,1,1,quadratic,0.6576,-0.0859,-0.0799
177,0,1,2,1,1,unweighted,-0.1333,-0.0859,-0.0799
178,0,1,2,1,1,linear,0.4025,-0.0859,-0.0799
179,0,1,2,1,1,quadratic,0.651,-0.0859,-0.0799
180,0,1,2,1,2,unweighted,-0.1717,-0.0859,0.1687
181,0,1,2,1,2,linear,0.3888,-0.0859,0.1687
182,0,1,2,1,2,quadratic,0.6492,-0.0859,0.1687
183,0,1,2,1,2,unweighted,-0.1717,-0.0859,0.2416
184,0,1,2,1,2,linear,0.3888,-0.0859,0.2416
185,0,1,2,1,2,quadratic,0.6492,-0.0859,0.2416
186,0,1,2,1,2,unweighted,-0.1717,-0.0859,0.3046
187,0,1,2,1,2,linear,0.3888,-0.0859,0.3046
188,0,1,2,1,2,quadratic,0.6492,-0.0859,0.3046
189,0,1,2,1,2,unweighted,-0.1717,-0.0859,0.1926
190,0,1,2,1,2,linear,0.3888,-0.0859,0.1926
191,0,1,2,1,2,quadratic,0.6492,-0.0859,0.1926
192,0,1,2,1,2,unweighted,-0.1717,-0.0859,0.2611
193,0,1,2,1,2,linear,0.3888,-0.0859,0.2611
194,0,1,2,1,2,quadratic,0.6492,-0.0859,0.2611
195,0,1,2,1,2,unweighted,-0.1717,-0.0859,0.2469
196,0,1,2,1,2,linear,0.3888,-0.0859,0.2469
197,0,1,2,1,2,quadratic,0.6492,-0.0859,0.2469
198,0,1,2,1,2,unweighted,-0.1717,-0.0859,0.1024
199,0,1,2,1,2,linear,0.3888,-0.0859,0.1024
200,0,1,2,1,2,quadratic,0.6492,-0.0859,0.1024
201,0,1,2,1,2,unweighted,-0.1717,-0.0859,0.1132
202,0,1,2,1,2,linear,0.3888,-0.0859,0.1132
203,0,1,2,1,2,quadratic,0.6492,-0.0859,0.1132
204,0,1,2,1,2,unweighted,-0.1717,-0.0859,0.2267
205,0,1,2,1,2,linear,0.3888,-0.0859,0.2267
206,0,1,2,1,2,quadratic,0.6492,-0.0859,0.2267
207,0,1,2,1,2,unweighted,-0.1717,-0.0859,0.2576
208,0,1,2,1,2,linear,0.3888,-0.0859,0.2576
209,0,1,2,1,2,quadratic,0.6492,-0.0859,0.2576
210,0,1,2,1,3,unweighted,-0.1717,-0.0859,-0.0799
211,0,1,2,1,3,linear,0.3888,-0.0859,-0.0799
212,0,1,2,1,3,quadratic,0.6492,-0.0859,-0.0799
213,0,1,2,1,3,unweighted,-0.1717,-0.0859,-0.0799
214,0,1,2,1,3,linear,0.3888,-0.0859,-0.0799
215,0,1,2,1,3,quadratic,0.6492,-0.0859,-0.0799
216,0,1,2,1,3,unweighted,-0.1717,-0.0859,-0.0799
217,0,1,2,1,3,linear,0.3888,-0.0859,-0.0799
218,0,1,2,1,3,quadratic,0.6492,-0.0859,-0.0799
219,0,1,2,1,3,unweighted,-0.1717,-0.0859,-0.0799
220,0,1,2,1,3,linear,0.3888,-0.0859,-0.0799
221,0,1,2,1,3,quadratic,0.6492,-0.0859,-0.0799
222,0,1,2,1,3,unweighted,-0.1456,-0.0859,-0.0799
223,0,1,2,1,3,linear,0.3964,-0.0859,-0.0799
224,0,1,2,1,3,quadratic,0.6493,-0.0859,-0.0799
225,0,1,2,1,3,unweighted,-0.1717,-0.0859,-0.0799
226,0,1,2,1,3,linear,0.3888,-0.0859,-0.0799
227,0,1,2,1,3,quadratic,0.6492,-0.0859,-0.0799
228,0,1,2,1,3,unweighted,-0.1663,-0.0859,-0.0799
229,0,1,2,1,3,linear,0.3933,-0.0859,-0.0799
230,0,1,2,1,3,quadratic,0.6525,-0.0859,-0.0799
231,0,1,2,1,3,unweighted,-0.1717,-0.0859,-0.0799
232,0,1,2,1,3,linear,0.3888,-0.0859,-0.0799
233,0,1,2,1,3,quadratic,0.6492,-0.0859,-0.0799
234,0,1,2,1,3,unweighted,-0.1717,-0.0859,-0.0799
235,0,1,2,1,3,linear,0.3888,-0.0859,-0.0799
236,0,1,2,1,3,quadratic,0.6492,-0.0859,-0.0799
237,0,1,2,1,3,unweighted,-0.1717,-0.0859,-0.0799
238,0,1,2,1,3,linear,0.3888,-0.0859,-0.0799
239,0,1,2,1,3,quadratic,0.6492,-0.0859,-0.0799
240,0,2,2,1,0,unweighted,-0.1717,0.3021,-0.0799
241,0,2,2,1,0,linear,0.3888,0.3021,-0.0799
242,0,2,2,1,0,quadratic,0.6492,0.3021,-0.0799
243,0,2,2,1,0,unweighted,-0.1717,0.3388,-0.0799
244,0,2,2,1,0,linear,0.3888,0.3388,-0.0799
245,0,2,2,1,0,quadratic,0.6492,0.3388,-0.0799
246,0,2,2,1,0,unweighted,-0.1717,0.3178,-0.0799
247,0,2,2,1,0,linear,0.3888,0.3178,-0.0799
248,0,2,2,1,0,quadratic,0.6492,0.3178,-0.0799
249,0,2,2,1,0,unweighted,-0.1717,0.3232,-0.0799
250,0,2,2,1,0,linear,0.3888,0.3232,-0.0799
251,0,2,2,1,0,quadratic,0.6492,0.3232,-0.0799
252,0,2,2,1,0,unweighted,-0.1717,0.3074,-0.0799
253,0,2,2,1,0,linear,0.3888,0.3074,-0.0799
254,0,2,2,1,0,quadratic,0.6492,0.3074,-0.0799
255,0,2,2,1,0,unweighted,-0.1717,0.2809,-0.0799
256,0,2,2,1,0,linear,0.3888,0.2809,-0.0799
257,0,2,2,1,0,quadratic,0.6492,0.2809,-0.0799
258,0,2,2,1,0,unweighted,-0.1717,0.3182,-0.0799
259,0,2,2,1,0,linear,0.3888,0.3182,-0.0799
260,0,2,2,1,0,quadratic,0.6492,0.3182,-0.0799
261,0,2,2,1,0,unweighted,-0.1717,0.3127,-0.0799
262,0,2,2,1,0,linear,0.3888,0.3127,-0.0799
263,0,2,2,1,0,quadratic,0.6492,0.3127,-0.0799
264,0,2,2,1,0,unweighted,-0.1717,0.3333,-0.0799
265,0,2,2,1,0,linear,0.3888,0.3333,-0.0799
266,0,2,2,1,0,quadratic,0.6492,0.3333,-0.0799
267,0,2,2,1,0,unweighted,-0.1717,0.2698,-0.0799
268,0,2,2,1,0,linear,0.3888,0.2698,-0.0799
269,0,2,2,1,0,quadratic,0.6492,0.2698,-0.0799
270,0,2,2,1,1,unweighted,-0.1717,-0.0859,-0.0799
271,0,2,2,1,1,linear,0.3888,-0.0859,-0.0799
272,0,2,2,1,1,quadratic,0.6492,-0.0859,-0.0799
273,0,2,2,1,1,unweighted,-0.1741,-0.0859,-0.0799
274,0,2,2,1,1,linear,0.3904,-0.0859,-0.0799
275,0,2,2,1,1,quadratic,0.6513,-0.0859,-0.0799
276,0,2,2,1,1,unweighted,-0.1729,-0.0859,-0.0799
277,0,2,2,1,1,linear,0.3896,-0.0859,-0.0799
278,0,2,2,1,1,quadratic,0.6502,-0.0859,-0.0799
279,0,2,2,1,1,unweighted,-0.1515,-0.0859,-0.0799
280,0,2,2,1,1,linear,0.3954,-0.0859,-0.0799
281,0,2,2,1,1,quadratic,0.6496,-0.0859,-0.0799
282,0,2,2,1,1,unweighted,-0.1542,-0.0859,-0.0799
283,0,2,2,1,1,linear,0.3969,-0.0859,-0.0799
284,0,2,2,1,1,quadratic,0.6517,-0.0859,-0.0799
285,0,2,2,1,1,unweighted,-0.1515,-0.0859,-0.0799
286,0,2,2,1,1,linear,0.3954,-0.0859,-0.0799
287,0,2,2,1,1,quadratic,0.6496,-0.0859,-0.0799
288,0,2,2,1,1,unweighted,-0.0867,-0.0859,-0.0799
289,0,2,2,1,1,linear,0.4311,-0.0859,-0.0799
290,0,2,2,1,1,quadratic,0.6637,-0.0859,-0.0799
291,0,2,2,1,1,unweighted,-0.1678,-0.0859,-0.0799
292,0,2,2,1,1,linear,0.3911,-0.0859,-0.0799
293,0,2,2,1,1,quadratic,0.649,-0.0859,-0.0799
294,0,2,2,1,1,unweighted,-0.1578,-0.0859,-0.0799
295,0,2,2,1,1,linear,0.3946,-0.0859,-0.0799
296,0,2,2,1,1,quadratic,0.6519,-0.0859,-0.0799
297,0,2,2,1,1,unweighted,-0.1653,-0.0859,-0.0799
298,0,2,2,1,1,linear,0.3896,-0.0859,-0.0799
299,0,2,2,1,1,quadratic,0.6469,-0.0859,-0.0799
300,0,2,2,1,2,unweighted,-0.1717,-0.0859,0.2314
301,0,2,2,1,2,linear,0.3888,-0.0859,0.2314
302,0,2,2,1,2,quadratic,0.6492,-0.0859,0.2314
303,0,2,2,1,2,unweighted,-0.159,-0.0859,0.2113
304,0,2,2,1,2,linear,0.3954,-0.0859,0.2113
305,0,2,2,1,2,quadratic,0.653,-0.0859,0.2113
306,0,2,2,1,2,unweighted,-0.1717,-0.0859,0.2558
307,0,2,2,1,2,linear,0.3888,-0.0859,0.2558
308,0,2,2,1,2,quadratic,0.6492,-0.0859,0.2558
309,0,2,2,1,2,unweighted,-0.1717,-0.0859,0.2802
310,0,2,2,1,2,linear,0.3888,-0.0859,0.2802
311,0,2,2,1,2,quadratic,0.6492,-0.0859,0.2802
312,0,2,2,1,2,unweighted,-0.1717,-0.0859,0.2113
313,0,2,2,1,2,linear,0.3888,-0.0859,0.2113
314,0,2,2,1,2,quadratic,0.6492,-0.0859,0.2113
315,0,2,2,1,2,unweighted,-0.1717,-0.0859,-0.0799
316,0,2,2,1,2,linear,0.3888,-0.0859,-0.0799
317,0,2,2,1,2,quadratic,0.6492,-0.0859,-0.0799
318,0,2,2,1,2,unweighted,-0.1717,-0.0859,0.1828
319,0,2,2,1,2,linear,0.3888,-0.0859,0.1828
320,0,2,2,1,2,quadratic,0.6492,-0.0859,0.1828
321,0,2,2,1,2,unweighted,-0.1717,-0.0859,0.2027
322,0,2,2,1,2,linear,0.3888,-0.0859,0.2027
323,0,2,2,1,2,quadratic,0.6492,-0.0859,0.2027
324,0,2,2,1,2,unweighted,-0.1717,-0.0859,0.2506
325,0,2,2,1,2,linear,0.3888,-0.0859,0.2506
326,0,2,2,1,2,quadratic,0.6492,-0.0859,0.2506
327,0,2,2,1,2,unweighted,-0.1717,-0.0859,0.2372
328,0,2,2,1,2,linear,0.3888,-0.0859,0.2372
329,0,2,2,1,2,quadratic,0.6492,-0.0859,0.2372
330,0,2,2,1,3,unweighted,-0.1727,-0.0859,-0.0799
331,0,2,2,1,3,linear,0.3911,-0.0859,-0.0799
332,0,2,2,1,3,quadratic,0.6517,-0.0859,-0.0799
333,0,2,2,1,3,unweighted,-0.1717,-0.0859,-0.0799
334,0,2,2,1,3,linear,0.3888,-0.0859,-0.0799
335,0,2,2,1,3,quadratic,0.6492,-0.0859,-0.0799
336,0,2,2,1,3,unweighted,-0.1441,-0.0859,-0.0799
337,0,2,2,1,3,linear,0.4032,-0.0859,-0.0799
338,0,2,2,1,3,quadratic,0.6574,-0.0859,-0.0799
339,0,2,2,1,3,unweighted,-0.1717,-0.0859,-0.0799
340,0,2,2,1,3,linear,0.3888,-0.0859,-0.0799
341,0,2,2,1,3,quadratic,0.6492,-0.0859,-0.0799
342,0,2,2,1,3,unweighted,-0.1717,-0.0859,-0.0799
343,0,2,2,1,3,linear,0.3888,-0.0859,-0.0799
344,0,2,2,1,3,quadratic,0.6492,-0.0859,-0.0799
345,0,2,2,1,3,unweighted,-0.1717,-0.0859,-0.0799
346,0,2,2,1,3,linear,0.3888,-0.0859,-0.0799
347,0,2,2,1,3,quadratic,0.6492,-0.0859,-0.0799
348,0,2,2,1,3,unweighted,-0.1717,-0.0859,-0.0799
349,0,2,2,1,3,linear,0.3888,-0.0859,-0.0799
350,0,2,2,1,3,quadratic,0.6492,-0.0859,-0.0799
351,0,2,2,1,3,unweighted,-0.1717,-0.0859,-0.0799
352,0,2,2,1,3,linear,0.3888,-0.0859,-0.0799
353,0,2,2,1,3,quadratic,0.6492,-0.0859,-0.0799
354,0,2,2,1,3,unweighted,-0.1717,-0.0859,-0.0799
355,0,2,2,1,3,linear,0.3888,-0.0859,-0.0799
356,0,2,2,1,3,quadratic,0.6492,-0.0859,-0.0799
357,0,2,2,1,3,unweighted,-0.1717,-0.0859,-0.0799
358,0,2,2,1,3,linear,0.3888,-0.0859,-0.0799
359,0,2,2,1,3,quadratic,0.6492,-0.0859,-0.0799
360,0,3,2,1,0,unweighted,-0.1717,0.3074,-0.0799
361,0,3,2,1,0,linear,0.3888,0.3074,-0.0799
362,0,3,2,1,0,quadratic,0.6492,0.3074,-0.0799
363,0,3,2,1,0,unweighted,-0.1717,0.3444,-0.0799
364,0,3,2,1,0,linear,0.3888,0.3444,-0.0799
365,0,3,2,1,0,quadratic,0.6492,0.3444,-0.0799
366,0,3,2,1,0,unweighted,-0.1717,0.3388,-0.0799
367,0,3,2,1,0,linear,0.3888,0.3388,-0.0799
368,0,3,2,1,0,quadratic,0.6492,0.3388,-0.0799
369,0,3,2,1,0,unweighted,-0.1717,0.3021,-0.0799
370,0,3,2,1,0,linear,0.3888,0.3021,-0.0799
371,0,3,2,1,0,quadratic,0.6492,0.3021,-0.0799
372,0,3,2,1,0,unweighted,-0.1717,0.2749,-0.0799
373,0,3,2,1,0,linear,0.3888,0.2749,-0.0799
374,0,3,2,1,0,quadratic,0.6492,0.2749,-0.0799
375,0,3,2,1,0,unweighted,-0.1717,0.2913,-0.0799
376,0,3,2,1,0,linear,0.3888,0.2913,-0.0799
377,0,3,2,1,0,quadratic,0.6492,0.2913,-0.0799
378,0,3,2,1,0,unweighted,-0.1717,0.3182,-0.0799
379,0,3,2,1,0,linear,0.3888,0.3182,-0.0799
380,0,3,2,1,0,quadratic,0.6492,0.3182,-0.0799
381,0,3,2,1,0,unweighted,-0.1717,0.3232,-0.0799
382,0,3,2,1,0,linear,0.3888,0.3232,-0.0799
383,0,3,2,1,0,quadratic,0.6492,0.3232,-0.0799
384,0,3,2,1,0,unweighted,-0.1717,0.3018,-0.0799
385,0,3,2,1,0,linear,0.3888,0.3018,-0.0799
386,0,3,2,1,0,quadratic,0.6492,0.3018,-0.0799
387,0,3,2,1,0,unweighted,-0.1717,0.3178,-0.0799
388,0,3,2,1,0,linear,0.3888,0.3178,-0.0799
389,0,3,2,1,0,quadratic,0.6492,0.3178,-0.0799
390,0,3,2,1,1,unweighted,-0.1666,-0.0859,-0.0799
391,0,3,2,1,1,linear,0.3904,-0.0859,-0.0799
392,0,3,2,1,1,quadratic,0.6479,-0.0859,-0.0799
393,0,3,2,1,1,unweighted,-0.1653,-0.0859,-0.0799
394,0,3,2,1,1,linear,0.3896,-0.0859,-0.0799
395,0,3,2,1,1,quadratic,0.6469,-0.0859,-0.0799
396,0,3,2,1,1,unweighted,-0.1174,-0.0859,-0.0799
397,0,3,2,1,1,linear,0.4147,-0.0859,-0.0799
398,0,3,2,1,1,quadratic,0.6614,-0.0859,-0.0799
399,0,3,2,1,1,unweighted,-0.1453,-0.0859,-0.0799
400,0,3,2,1,1,linear,0.4011,-0.0859,-0.0799
401,0,3,2,1,1,quadratic,0.6556,-0.0859,-0.0799
402,0,3,2,1,1,unweighted,-0.1528,-0.0859,-0.0799
403,0,3,2,1,1,linear,0.3961,-0.0859,-0.0799
404,0,3,2,1,1,quadratic,0.6507,-0.0859,-0.0799
405,0,3,2,1,1,unweighted,-0.1666,-0.0859,-0.0799
406,0,3,2,1,1,linear,0.3904,-0.0859,-0.0799
407,0,3,2,1,1,quadratic,0.6479,-0.0859,-0.0799
408,0,3,2,1,1,unweighted,-0.159,-0.0859,-0.0799
409,0,3,2,1,1,linear,0.3904,-0.0859,-0.0799
410,0,3,2,1,1,quadratic,0.6446,-0.0859,-0.0799
411,0,3,2,1,1,unweighted,-0.1555,-0.0859,-0.0799
412,0,3,2,1,1,linear,0.3976,-0.0859,-0.0799
413,0,3,2,1,1,quadratic,0.6527,-0.0859,-0.0799
414,0,3,2,1,1,unweighted,-0.1578,-0.0859,-0.0799
415,0,3,2,1,1,linear,0.3946,-0.0859,-0.0799
416,0,3,2,1,1,quadratic,0.6519,-0.0859,-0.0799
417,0,3,2,1,1,unweighted,-0.1616,-0.0859,-0.0799
418,0,3,2,1,1,linear,0.3969,-0.0859,-0.0799
419,0,3,2,1,1,quadratic,0.655,-0.0859,-0.0799
420,0,3,2,1,2,unweighted,-0.1717,-0.0859,0.1902
421,0,3,2,1,2,linear,0.3888,-0.0859,0.1902
422,0,3,2,1,2,quadratic,0.6492,-0.0859,0.1902
423,0,3,2,1,2,unweighted,-0.1717,-0.0859,0.2113
424,0,3,2,1,2,linear,0.3888,-0.0859,0.2113
425,0,3,2,1,2,quadratic,0.6492,-0.0859,0.2113
426,0,3,2,1,2,unweighted,-0.1717,-0.0859,0.2645
427,0,3,2,1,2,linear,0.3888,-0.0859,0.2645
428,0,3,2,1,2,quadratic,0.6492,-0.0859,0.2645
429,0,3,2,1,2,unweighted,-0.1717,-0.0859,0.1743
430,0,3,2,1,2,linear,0.3888,-0.0859,0.1743
431,0,3,2,1,2,quadratic,0.6492,-0.0859,0.1743
432,0,3,2,1,2,unweighted,-0.1717,-0.0859,0.2479
433,0,3,2,1,2,linear,0.3888,-0.0859,0.2479
434,0,3,2,1,2,quadratic,0.6492,-0.0859,0.2479
435,0,3,2,1,2,unweighted,-0.1717,-0.0859,0.2319
436,0,3,2,1,2,linear,0.3888,-0.0859,0.2319
437,0,3,2,1,2,quadratic,0.6492,-0.0859,0.2319
438,0,3,2,1,2,unweighted,-0.1717,-0.0859,0.2218
439,0,3,2,1,2,linear,0.3888,-0.0859,0.2218
440,0,3,2,1,2,quadratic,0.6492,-0.0859,0.2218
441,0,3,2,1,2,unweighted,-0.1717,-0.0859,0.272
442,0,3,2,1,2,linear,0.3888,-0.0859,0.272
443,0,3,2,1,2,quadratic,0.6492,-0.0859,0.272
444,0,3,2,1,2,unweighted,-0.1717,-0.0859,0.2267
445,0,3,2,1,2,linear,0.3888,-0.0859,0.2267
446,0,3,2,1,2,quadratic,0.6492,-0.0859,0.2267
447,0,3,2,1,2,unweighted,-0.1717,-0.0859,0.263
448,0,3,2,1,2,linear,0.3888,-0.0859,0.263
449,0,3,2,1,2,quadratic,0.6492,-0.0859,0.263
450,0,3,2,1,3,unweighted,-0.1717,-0.0859,-0.0799
451,0,3,2,1,3,linear,0.3888,-0.0859,-0.0799
452,0,3,2,1,3,quadratic,0.6492,-0.0859,-0.0799
453,0,3,2,1,3,unweighted,-0.1717,-0.0859,-0.0799
454,0,3,2,1,3,linear,0.3888,-0.0859,-0.0799
455,0,3,2,1,3,quadratic,0.6492,-0.0859,-0.0799
456,0,3,2,1,3,unweighted,-0.1717,-0.0859,-0.0799
457,0,3,2,1,3,linear,0.3888,-0.0859,-0.0799
458,0,3,2,1,3,quadratic,0.6492,-0.0859,-0.0799
459,0,3,2,1,3,unweighted,-0.1717,-0.0859,-0.0799
460,0,3,2,1,3,linear,0.3888,-0.0859,-0.0799
461,0,3,2,1,3,quadratic,0.6492,-0.0859,-0.0799
462,0,3,2,1,3,unweighted,-0.1717,-0.0859,-0.0799
463,0,3,2,1,3,linear,0.3888,-0.0859,-0.0799
464,0,3,2,1,3,quadratic,0.6492,-0.0859,-0.0799
465,0,3,2,1,3,unweighted,-0.1717,-0.0859,-0.0799
466,0,3,2,1,3,linear,0.3888,-0.0859,-0.0799
467,0,3,2,1,3,quadratic,0.6492,-0.0859,-0.0799
468,0,3,2,1,3,unweighted,-0.1717,-0.0859,-0.0799
469,0,3,2,1,3,linear,0.3888,-0.0859,-0.0799
470,0,3,2,1,3,quadratic,0.6492,-0.0859,-0.0799
471,0,3,2,1,3,unweighted,-0.1717,-0.0859,-0.0799
472,0,3,2,1,3,linear,0.3888,-0.0859,-0.0799
473,0,3,2,1,3,quadratic,0.6492,-0.0859,-0.0799
474,0,3,2,1,3,unweighted,-0.1717,-0.0859,-0.0799
475,0,3,2,1,3,linear,0.3888,-0.0859,-0.0799
476,0,3,2,1,3,quadratic,0.6492,-0.0859,-0.0799
477,0,3,2,1,3,unweighted,-0.1717,-0.0859,-0.0799
478,0,3,2,1,3,linear,0.3888,-0.0859,-0.0799
479,0,3,2,1,3,quadratic,0.6492,-0.0859,-0.0799
480,0,4,2,1,0,unweighted,-0.1717,0.3988,-0.0799
481,0,4,2,1,0,linear,0.3888,0.3988,-0.0799
482,0,4,2,1,0,quadratic,0.6492,0.3988,-0.0799
483,0,4,2,1,0,unweighted,-0.1717,0.3074,-0.0799
484,0,4,2,1,0,linear,0.3888,0.3074,-0.0799
485,0,4,2,1,0,quadratic,0.6492,0.3074,-0.0799
486,0,4,2,1,0,unweighted,-0.1717,0.2683,-0.0799
487,0,4,2,1,0,linear,0.3888,0.2683,-0.0799
488,0,4,2,1,0,quadratic,0.6492,0.2683,-0.0799
489,0,4,2,1,0,unweighted,-0.1717,0.3021,-0.0799
490,0,4,2,1,0,linear,0.3888,0.3021,-0.0799
491,0,4,2,1,0,quadratic,0.6492,0.3021,-0.0799
492,0,4,2,1,0,unweighted,-0.1717,0.2511,-0.0799
493,0,4,2,1,0,linear,0.3888,0.2511,-0.0799
494,0,4,2,1,0,quadratic,0.6492,0.2511,-0.0799
495,0,4,2,1,0,unweighted,-0.1717,0.2683,-0.0799
496,0,4,2,1,0,linear,0.3888,0.2683,-0.0799
497,0,4,2,1,0,quadratic,0.6492,0.2683,-0.0799
498,0,4,2,1,0,unweighted,-0.1717,0.2913,-0.0799
499,0,4,2,1,0,linear,0.3888,0.2913,-0.0799
500,0,4,2,1,0,quadratic,0.6492,0.2913,-0.0799
501,0,4,2,1,0,unweighted,-0.1717,0.3333,-0.0799
502,0,4,2,1,0,linear,0.3888,0.3333,-0.0799
503,0,4,2,1,0,quadratic,0.6492,0.3333,-0.0799
504,0,4,2,1,0,unweighted,-0.1717,0.3388,-0.0799
505,0,4,2,1,0,linear,0.3888,0.3388,-0.0799
506,0,4,2,1,0,quadratic,0.6492,0.3388,-0.0799
507,0,4,2,1,0,unweighted,-0.1717,0.3232,-0.0799
508,0,4,2,1,0,linear,0.3888,0.3232,-0.0799
509,0,4,2,1,0,quadratic,0.6492,0.3232,-0.0799
510,0,4,2,1,1,unweighted,-0.1163,-0.0859,-0.0799
511,0,4,2,1,1,linear,0.414,-0.0859,-0.0799
512,0,4,2,1,1,quadratic,0.6543,-0.0859,-0.0799
513,0,4,2,1,1,unweighted,-0.1653,-0.0859,-0.0799
514,0,4,2,1,1,linear,0.3896,-0.0859,-0.0799
515,0,4,2,1,1,quadratic,0.6469,-0.0859,-0.0799
516,0,4,2,1,1,unweighted,-0.1653,-0.0859,-0.0799
517,0,4,2,1,1,linear,0.3896,-0.0859,-0.0799
518,0,4,2,1,1,quadratic,0.6469,-0.0859,-0.0799
519,0,4,2,1,1,unweighted,-0.1043,-0.0859,-0.0799
520,0,4,2,1,1,linear,0.4251,-0.0859,-0.0799
521,0,4,2,1,1,quadratic,0.6645,-0.0859,-0.0799
522,0,4,2,1,1,unweighted,-0.1421,-0.0859,-0.0799
523,0,4,2,1,1,linear,0.4032,-0.0859,-0.0799
524,0,4,2,1,1,quadratic,0.6553,-0.0859,-0.0799
525,0,4,2,1,1,unweighted,-0.1012,-0.0859,-0.0799
526,0,4,2,1,1,linear,0.4213,-0.0859,-0.0799
527,0,4,2,1,1,quadratic,0.6555,-0.0859,-0.0799
528,0,4,2,1,1,unweighted,-0.1717,-0.0859,-0.0799
529,0,4,2,1,1,linear,0.3888,-0.0859,-0.0799
530,0,4,2,1,1,quadratic,0.6492,-0.0859,-0.0799
531,0,4,2,1,1,unweighted,-0.1603,-0.0859,-0.0799
532,0,4,2,1,1,linear,0.3961,-0.0859,-0.0799
533,0,4,2,1,1,quadratic,0.654,-0.0859,-0.0799
534,0,4,2,1,1,unweighted,-0.1478,-0.0859,-0.0799
535,0,4,2,1,1,linear,0.4008,-0.0859,-0.0799
536,0,4,2,1,1,quadratic,0.6511,-0.0859,-0.0799
537,0,4,2,1,1,unweighted,-0.1111,-0.0859,-0.0799
538,0,4,2,1,1,linear,0.4206,-0.0859,-0.0799
539,0,4,2,1,1,quadratic,0.6599,-0.0859,-0.0799
540,0,4,2,1,2,unweighted,-0.1717,-0.0859,0.2268
541,0,4,2,1,2,linear,0.3888,-0.0859,0.2268
542,0,4,2,1,2,quadratic,0.6492,-0.0859,0.2268
543,0,4,2,1,2,unweighted,-0.1717,-0.0859,0.0553
544,0,4,2,1,2,linear,0.3888,-0.0859,0.0553
545,0,4,2,1,2,quadratic,0.6492,-0.0859,0.0553
546,0,4,2,1,2,unweighted,-0.1729,-0.0859,0.2264
547,0,4,2,1,2,linear,0.3896,-0.0859,0.2264
548,0,4,2,1,2,quadratic,0.6502,-0.0859,0.2264
549,0,4,2,1,2,unweighted,-0.1717,-0.0859,0.2113
550,0,4,2,1,2,linear,0.3888,-0.0859,0.2113
551,0,4,2,1,2,quadratic,0.6492,-0.0859,0.2113
552,0,4,2,1,2,unweighted,-0.1717,-0.0859,0.2665
553,0,4,2,1,2,linear,0.3888,-0.0859,0.2665
554,0,4,2,1,2,quadratic,0.6492,-0.0859,0.2665
555,0,4,2,1,2,unweighted,-0.1717,-0.0859,0.1413
556,0,4,2,1,2,linear,0.3888,-0.0859,0.1413
557,0,4,2,1,2,quadratic,0.6492,-0.0859,0.1413
558,0,4,2,1,2,unweighted,-0.1717,-0.0859,0.2258
559,0,4,2,1,2,linear,0.3888,-0.0859,0.2258
560,0,4,2,1,2,quadratic,0.6492,-0.0859,0.2258
561,0,4,2,1,2,unweighted,-0.1717,-0.0859,0.1976
562,0,4,2,1,2,linear,0.3888,-0.0859,0.1976
563,0,4,2,1,2,quadratic,0.6492,-0.0859,0.1976
564,0,4,2,1,2,unweighted,-0.1717,-0.0859,0.1902
565,0,4,2,1,2,linear,0.3888,-0.0859,0.1902
566,0,4,2,1,2,quadratic,0.6492,-0.0859,0.1902
567,0,4,2,1,2,unweighted,-0.1729,-0.0859,0.1601
568,0,4,2,1,2,linear,0.3896,-0.0859,0.1601
569,0,4,2,1,2,quadratic,0.6502,-0.0859,0.1601
570,0,4,2,1,3,unweighted,-0.1717,-0.0859,-0.0799
571,0,4,2,1,3,linear,0.3888,-0.0859,-0.0799
572,0,4,2,1,3,quadratic,0.6492,-0.0859,-0.0799
573,0,4,2,1,3,unweighted,-0.1717,-0.0859,-0.0799
574,0,4,2,1,3,linear,0.3888,-0.0859,-0.0799
575,0,4,2,1,3,quadratic,0.6492,-0.0859,-0.0799
576,0,4,2,1,3,unweighted,-0.1717,-0.0859,-0.0799
577,0,4,2,1,3,linear,0.3888,-0.0859,-0.0799
578,0,4,2,1,3,quadratic,0.6492,-0.0859,-0.0799
579,0,4,2,1,3,unweighted,-0.1717,-0.0859,-0.0799
580,0,4,2,1,3,linear,0.3888,-0.0859,-0.0799
581,0,4,2,1,3,quadratic,0.6492,-0.0859,-0.0799
582,0,4,2,1,3,unweighted,-0.1717,-0.0859,-0.0799
583,0,4,2,1,3,linear,0.3888,-0.0859,-0.0799
584,0,4,2,1,3,quadratic,0.6492,-0.0859,-0.0799
585,0,4,2,1,3,unweighted,-0.1717,-0.0859,-0.0799
586,0,4,2,1,3,linear,0.3888,-0.0859,-0.0799
587,0,4,2,1,3,quadratic,0.6492,-0.0859,-0.0799
588,0,4,2,1,3,unweighted,-0.1717,-0.0859,-0.0799
589,0,4,2,1,3,linear,0.3888,-0.0859,-0.0799
590,0,4,2,1,3,quadratic,0.6492,-0.0859,-0.0799
591,0,4,2,1,3,unweighted,-0.1717,-0.0859,-0.0799
592,0,4,2,1,3,linear,0.3888,-0.0859,-0.0799
593,0,4,2,1,3,quadratic,0.6492,-0.0859,-0.0799
594,0,4,2,1,3,unweighted,-0.1717,-0.0859,-0.0799
595,0,4,2,1,3,linear,0.3888,-0.0859,-0.0799
596,0,4,2,1,3,quadratic,0.6492,-0.0859,-0.0799
597,0,4,2,1,3,unweighted,-0.1647,-0.0859,-0.0799
598,0,4,2,1,3,linear,0.395,-0.0859,-0.0799
599,0,4,2,1,3,quadratic,0.6538,-0.0859,-0.0799
600,0,5,2,1,0,unweighted,-0.1717,0.3178,-0.0799
601,0,5,2,1,0,linear,0.3888,0.3178,-0.0799
602,0,5,2,1,0,quadratic,0.6492,0.3178,-0.0799
603,0,5,2,1,0,unweighted,-0.1717,0.2965,-0.0799
604,0,5,2,1,0,linear,0.3888,0.2965,-0.0799
605,0,5,2,1,0,quadratic,0.6492,0.2965,-0.0799
606,0,5,2,1,0,unweighted,-0.1717,0.3178,-0.0799
607,0,5,2,1,0,linear,0.3888,0.3178,-0.0799
608,0,5,2,1,0,quadratic,0.6492,0.3178,-0.0799
609,0,5,2,1,0,unweighted,-0.1717,0.2861,-0.0799
610,0,5,2,1,0,linear,0.3888,0.2861,-0.0799
611,0,5,2,1,0,quadratic,0.6492,0.2861,-0.0799
612,0,5,2,1,0,unweighted,-0.1717,0.2759,-0.0799
613,0,5,2,1,0,linear,0.3888,0.2759,-0.0799
614,0,5,2,1,0,quadratic,0.6492,0.2759,-0.0799
615,0,5,2,1,0,unweighted,-0.1717,0.3693,-0.0799
616,0,5,2,1,0,linear,0.3888,0.3693,-0.0799
617,0,5,2,1,0,quadratic,0.6492,0.3693,-0.0799
618,0,5,2,1,0,unweighted,-0.1717,0.3333,-0.0799
619,0,5,2,1,0,linear,0.3888,0.3333,-0.0799
620,0,5,2,1,0,quadratic,0.6492,0.3333,-0.0799
621,0,5,2,1,0,unweighted,-0.1717,0.2913,-0.0799
622,0,5,2,1,0,linear,0.3888,0.2913,-0.0799
623,0,5,2,1,0,quadratic,0.6492,0.2913,-0.0799
624,0,5,2,1,0,unweighted,-0.1717,0.3693,-0.0799
625,0,5,2,1,0,linear,0.3888,0.3693,-0.0799
626,0,5,2,1,0,quadratic,0.6492,0.3693,-0.0799
627,0,5,2,1,0,unweighted,-0.1717,0.3693,-0.0799
628,0,5,2,1,0,linear,0.3888,0.3693,-0.0799
629,0,5,2,1,0,quadratic,0.6492,0.3693,-0.0799
630,0,5,2,1,1,unweighted,-0.1666,-0.0859,-0.0799
631,0,5,2,1,1,linear,0.3904,-0.0859,-0.0799
632,0,5,2,1,1,quadratic,0.6479,-0.0859,-0.0799
633,0,5,2,1,1,unweighted,-0.1582,-0.0859,-0.0799
634,0,5,2,1,1,linear,0.394,-0.0859,-0.0799
635,0,5,2,1,1,quadratic,0.6465,-0.0859,-0.0799
636,0,5,2,1,1,unweighted,-0.1603,-0.0859,-0.0799
637,0,5,2,1,1,linear,0.3961,-0.0859,-0.0799
638,0,5,2,1,1,quadratic,0.654,-0.0859,-0.0799
639,0,5,2,1,1,unweighted,-0.144,-0.0859,-0.0799
640,0,5,2,1,1,linear,0.4004,-0.0859,-0.0799
641,0,5,2,1,1,quadratic,0.6546,-0.0859,-0.0799
642,0,5,2,1,1,unweighted,-0.1717,-0.0859,-0.0799
643,0,5,2,1,1,linear,0.3888,-0.0859,-0.0799
644,0,5,2,1,1,quadratic,0.6492,-0.0859,-0.0799
645,0,5,2,1,1,unweighted,-0.1653,-0.0859,-0.0799
646,0,5,2,1,1,linear,0.3896,-0.0859,-0.0799
647,0,5,2,1,1,quadratic,0.6469,-0.0859,-0.0799
648,0,5,2,1,1,unweighted,-0.1128,-0.0859,-0.0799
649,0,5,2,1,1,linear,0.4148,-0.0859,-0.0799
650,0,5,2,1,1,quadratic,0.6529,-0.0859,-0.0799
651,0,5,2,1,1,unweighted,-0.1568,-0.0859,-0.0799
652,0,5,2,1,1,linear,0.3983,-0.0859,-0.0799
653,0,5,2,1,1,quadratic,0.6537,-0.0859,-0.0799
654,0,5,2,1,1,unweighted,-0.1515,-0.0859,-0.0799
655,0,5,2,1,1,linear,0.3954,-0.0859,-0.0799
656,0,5,2,1,1,quadratic,0.6496,-0.0859,-0.0799
657,0,5,2,1,1,unweighted,-0.1729,-0.0859,-0.0799
658,0,5,2,1,1,linear,0.3896,-0.0859,-0.0799
659,0,5,2,1,1,quadratic,0.6502,-0.0859,-0.0799
660,0,5,2,1,2,unweighted,-0.1717,-0.0859,0.2373
661,0,5,2,1,2,linear,0.3888,-0.0859,0.2373
662,0,5,2,1,2,quadratic,0.6492,-0.0859,0.2373
663,0,5,2,1,2,unweighted,-0.1717,-0.0859,0.126
664,0,5,2,1,2,linear,0.3888,-0.0859,0.126
665,0,5,2,1,2,quadratic,0.6492,-0.0859,0.126
666,0,5,2,1,2,unweighted,-0.1717,-0.0859,0.2267
667,0,5,2,1,2,linear,0.3888,-0.0859,0.2267
668,0,5,2,1,2,quadratic,0.6492,-0.0859,0.2267
669,0,5,2,1,2,unweighted,-0.1729,-0.0859,-0.0447
670,0,5,2,1,2,linear,0.3896,-0.0859,-0.0447
671,0,5,2,1,2,quadratic,0.6502,-0.0859,-0.0447
672,0,5,2,1,2,unweighted,-0.1717,-0.0859,0.1601
673,0,5,2,1,2,linear,0.3888,-0.0859,0.1601
674,0,5,2,1,2,quadratic,0.6492,-0.0859,0.1601
675,0,5,2,1,2,unweighted,-0.1717,-0.0859,0.2425
676,0,5,2,1,2,linear,0.3888,-0.0859,0.2425
677,0,5,2,1,2,quadratic,0.6492,-0.0859,0.2425
678,0,5,2,1,2,unweighted,-0.1717,-0.0859,0.2914
679,0,5,2,1,2,linear,0.3888,-0.0859,0.2914
680,0,5,2,1,2,quadratic,0.6492,-0.0859,0.2914
681,0,5,2,1,2,unweighted,-0.1578,-0.0859,0.2416
682,0,5,2,1,2,linear,0.3946,-0.0859,0.2416
683,0,5,2,1,2,quadratic,0.6519,-0.0859,0.2416
684,0,5,2,1,2,unweighted,-0.1717,-0.0859,0.2469
685,0,5,2,1,2,linear,0.3888,-0.0859,0.2469
686,0,5,2,1,2,quadratic,0.6492,-0.0859,0.2469
687,0,5,2,1,2,unweighted,-0.1717,-0.0859,0.272
688,0,5,2,1,2,linear,0.3888,-0.0859,0.272
689,0,5,2,1,2,quadratic,0.6492,-0.0859,0.272
690,0,5,2,1,3,unweighted,-0.1717,-0.0859,-0.0799
691,0,5,2,1,3,linear,0.3888,-0.0859,-0.0799
692,0,5,2,1,3,quadratic,0.6492,-0.0859,-0.0799
693,0,5,2,1,3,unweighted,-0.1717,-0.0859,-0.0799
694,0,5,2,1,3,linear,0.3888,-0.0859,-0.0799
695,0,5,2,1,3,quadratic,0.6492,-0.0859,-0.0799
696,0,5,2,1,3,unweighted,-0.1717,-0.0859,-0.0799
697,0,5,2,1,3,linear,0.3888,-0.0859,-0.0799
698,0,5,2,1,3,quadratic,0.6492,-0.0859,-0.0799
699,0,5,2,1,3,unweighted,-0.1717,-0.0859,-0.0799
700,0,5,2,1,3,linear,0.3888,-0.0859,-0.0799
701,0,5,2,1,3,quadratic,0.6492,-0.0859,-0.0799
702,0,5,2,1,3,unweighted,-0.1717,-0.0859,-0.0799
703,0,5,2,1,3,linear,0.3888,-0.0859,-0.0799
704,0,5,2,1,3,quadratic,0.6492,-0.0859,-0.0799
705,0,5,2,1,3,unweighted,-0.1656,-0.0859,-0.0799
706,0,5,2,1,3,linear,0.3869,-0.0859,-0.0799
707,0,5,2,1,3,quadratic,0.6443,-0.0859,-0.0799
708,0,5,2,1,3,unweighted,-0.1717,-0.0859,-0.0799
709,0,5,2,1,3,linear,0.3888,-0.0859,-0.0799
710,0,5,2,1,3,quadratic,0.6492,-0.0859,-0.0799
711,0,5,2,1,3,unweighted,-0.1717,-0.0859,-0.0799
712,0,5,2,1,3,linear,0.3888,-0.0859,-0.0799
713,0,5,2,1,3,quadratic,0.6492,-0.0859,-0.0799
714,0,5,2,1,3,unweighted,-0.1717,-0.0859,-0.0799
715,0,5,2,1,3,linear,0.3888,-0.0859,-0.0799
716,0,5,2,1,3,quadratic,0.6492,-0.0859,-0.0799
717,0,5,2,1,3,unweighted,-0.1717,-0.0859,-0.0799
718,0,5,2,1,3,linear,0.3888,-0.0859,-0.0799
719,0,5,2,1,3,quadratic,0.6492,-0.0859,-0.0799
720,0,6,2,1,0,unweighted,-0.1717,0.3021,-0.0799
721,0,6,2,1,0,linear,0.3888,0.3021,-0.0799
722,0,6,2,1,0,quadratic,0.6492,0.3021,-0.0799
723,0,6,2,1,0,unweighted,-0.1717,0.3021,-0.0799
724,0,6,2,1,0,linear,0.3888,0.3021,-0.0799
725,0,6,2,1,0,quadratic,0.6492,0.3021,-0.0799
726,0,6,2,1,0,unweighted,-0.1717,0.2749,-0.0799
727,0,6,2,1,0,linear,0.3888,0.2749,-0.0799
728,0,6,2,1,0,quadratic,0.6492,0.2749,-0.0799
729,0,6,2,1,0,unweighted,-0.1717,0.3178,-0.0799
730,0,6,2,1,0,linear,0.3888,0.3178,-0.0799
731,0,6,2,1,0,quadratic,0.6492,0.3178,-0.0799
732,0,6,2,1,0,unweighted,-0.1717,0.2364,-0.0799
733,0,6,2,1,0,linear,0.3888,0.2364,-0.0799
734,0,6,2,1,0,quadratic,0.6492,0.2364,-0.0799
735,0,6,2,1,0,unweighted,-0.1717,0.3287,-0.0799
736,0,6,2,1,0,linear,0.3888,0.3287,-0.0799
737,0,6,2,1,0,quadratic,0.6492,0.3287,-0.0799
738,0,6,2,1,0,unweighted,-0.1717,0.3333,-0.0799
739,0,6,2,1,0,linear,0.3888,0.3333,-0.0799
740,0,6,2,1,0,quadratic,0.6492,0.3333,-0.0799
741,0,6,2,1,0,unweighted,-0.1717,0.3333,-0.0799
742,0,6,2,1,0,linear,0.3888,0.3333,-0.0799
743,0,6,2,1,0,quadratic,0.6492,0.3333,-0.0799
744,0,6,2,1,0,unweighted,-0.1717,0.3074,-0.0799
745,0,6,2,1,0,linear,0.3888,0.3074,-0.0799
746,0,6,2,1,0,quadratic,0.6492,0.3074,-0.0799
747,0,6,2,1,0,unweighted,-0.1717,0.3074,-0.0799
748,0,6,2,1,0,linear,0.3888,0.3074,-0.0799
749,0,6,2,1,0,quadratic,0.6492,0.3074,-0.0799
750,0,6,2,1,1,unweighted,-0.1453,-0.0859,-0.0799
751,0,6,2,1,1,linear,0.4011,-0.0859,-0.0799
752,0,6,2,1,1,quadratic,0.6556,-0.0859,-0.0799
753,0,6,2,1,1,unweighted,-0.1435,-0.0859,-0.0799
754,0,6,2,1,1,linear,0.3989,-0.0859,-0.0799
755,0,6,2,1,1,quadratic,0.6481,-0.0859,-0.0799
756,0,6,2,1,1,unweighted,-0.1729,-0.0859,-0.0799
757,0,6,2,1,1,linear,0.3896,-0.0859,-0.0799
758,0,6,2,1,1,quadratic,0.6502,-0.0859,-0.0799
759,0,6,2,1,1,unweighted,-0.1717,-0.0859,-0.0799
760,0,6,2,1,1,linear,0.3888,-0.0859,-0.0799
761,0,6,2,1,1,quadratic,0.6492,-0.0859,-0.0799
762,0,6,2,1,1,unweighted,-0.159,-0.0859,-0.0799
763,0,6,2,1,1,linear,0.3954,-0.0859,-0.0799
764,0,6,2,1,1,quadratic,0.653,-0.0859,-0.0799
765,0,6,2,1,1,unweighted,-0.1347,-0.0859,-0.0799
766,0,6,2,1,1,linear,0.4081,-0.0859,-0.0799
767,0,6,2,1,1,quadratic,0.6602,-0.0859,-0.0799
768,0,6,2,1,1,unweighted,-0.115,-0.0859,-0.0799
769,0,6,2,1,1,linear,0.4115,-0.0859,-0.0799
770,0,6,2,1,1,quadratic,0.653,-0.0859,-0.0799
771,0,6,2,1,1,unweighted,-0.1578,-0.0859,-0.0799
772,0,6,2,1,1,linear,0.3946,-0.0859,-0.0799
773,0,6,2,1,1,quadratic,0.6519,-0.0859,-0.0799
774,0,6,2,1,1,unweighted,-0.1304,-0.0859,-0.0799
775,0,6,2,1,1,linear,0.4093,-0.0859,-0.0799
776,0,6,2,1,1,quadratic,0.6589,-0.0859,-0.0799
777,0,6,2,1,1,unweighted,-0.159,-0.0859,-0.0799
778,0,6,2,1,1,linear,0.3954,-0.0859,-0.0799
779,0,6,2,1,1,quadratic,0.653,-0.0859,-0.0799
780,0,6,2,1,2,unweighted,-0.1717,-0.0859,0.2522
781,0,6,2,1,2,linear,0.3888,-0.0859,0.2522
782,0,6,2,1,2,quadratic,0.6492,-0.0859,0.2522
783,0,6,2,1,2,unweighted,-0.1717,-0.0859,0.2267
784,0,6,2,1,2,linear,0.3888,-0.0859,0.2267
785,0,6,2,1,2,quadratic,0.6492,-0.0859,0.2267
786,0,6,2,1,2,unweighted,-0.1717,-0.0859,0.1828
787,0,6,2,1,2,linear,0.3888,-0.0859,0.1828
788,0,6,2,1,2,quadratic,0.6492,-0.0859,0.1828
789,0,6,2,1,2,unweighted,-0.1717,-0.0859,0.2319
790,0,6,2,1,2,linear,0.3888,-0.0859,0.2319
791,0,6,2,1,2,quadratic,0.6492,-0.0859,0.2319
792,0,6,2,1,2,unweighted,-0.1717,-0.0859,0.1877
793,0,6,2,1,2,linear,0.3888,-0.0859,0.1877
794,0,6,2,1,2,quadratic,0.6492,-0.0859,0.1877
795,0,6,2,1,2,unweighted,-0.1717,-0.0859,0.1413
796,0,6,2,1,2,linear,0.3888,-0.0859,0.1413
797,0,6,2,1,2,quadratic,0.6492,-0.0859,0.1413
798,0,6,2,1,2,unweighted,-0.1717,-0.0859,0.2971
799,0,6,2,1,2,linear,0.3888,-0.0859,0.2971
800,0,6,2,1,2,quadratic,0.6492,-0.0859,0.2971
801,0,6,2,1,2,unweighted,-0.1717,-0.0859,0.1695
802,0,6,2,1,2,linear,0.3888,-0.0859,0.1695
803,0,6,2,1,2,quadratic,0.6492,-0.0859,0.1695
804,0,6,2,1,2,unweighted,-0.1717,-0.0859,0.1926
805,0,6,2,1,2,linear,0.3888,-0.0859,0.1926
806,0,6,2,1,2,quadratic,0.6492,-0.0859,0.1926
807,0,6,2,1,2,unweighted,-0.1717,-0.0859,0.3059
808,0,6,2,1,2,linear,0.3888,-0.0859,0.3059
809,0,6,2,1,2,quadratic,0.6492,-0.0859,0.3059
810,0,6,2,1,3,unweighted,-0.1717,-0.0859,-0.0799
811,0,6,2,1,3,linear,0.3888,-0.0859,-0.0799
812,0,6,2,1,3,quadratic,0.6492,-0.0859,-0.0799
813,0,6,2,1,3,unweighted,-0.1717,-0.0859,-0.0799
814,0,6,2,1,3,linear,0.3888,-0.0859,-0.0799
815,0,6,2,1,3,quadratic,0.6492,-0.0859,-0.0799
816,0,6,2,1,3,unweighted,-0.1717,-0.0859,-0.0799
817,0,6,2,1,3,linear,0.3888,-0.0859,-0.0799
818,0,6,2,1,3,quadratic,0.6492,-0.0859,-0.0799
819,0,6,2,1,3,unweighted,-0.1717,-0.0859,-0.0799
820,0,6,2,1,3,linear,0.3888,-0.0859,-0.0799
821,0,6,2,1,3,quadratic,0.6492,-0.0859,-0.0799
822,0,6,2,1,3,unweighted,-0.1717,-0.0859,-0.0799
823,0,6,2,1,3,linear,0.3888,-0.0859,-0.0799
824,0,6,2,1,3,quadratic,0.6492,-0.0859,-0.0799
825,0,6,2,1,3,unweighted,-0.1717,-0.0859,-0.0799
826,0,6,2,1,3,linear,0.3888,-0.0859,-0.0799
827,0,6,2,1,3,quadratic,0.6492,-0.0859,-0.0799
828,0,6,2,1,3,unweighted,-0.1717,-0.0859,-0.0799
829,0,6,2,1,3,linear,0.3888,-0.0859,-0.0799
830,0,6,2,1,3,quadratic,0.6492,-0.0859,-0.0799
831,0,6,2,1,3,unweighted,-0.1717,-0.0859,-0.0799
832,0,6,2,1,3,linear,0.3888,-0.0859,-0.0799
833,0,6,2,1,3,quadratic,0.6492,-0.0859,-0.0799
834,0,6,2,1,3,unweighted,-0.1717,-0.0859,-0.0799
835,0,6,2,1,3,linear,0.3888,-0.0859,-0.0799
836,0,6,2,1,3,quadratic,0.6492,-0.0859,-0.0799
837,0,6,2,1,3,unweighted,-0.1727,-0.0859,-0.0799
838,0,6,2,1,3,linear,0.3911,-0.0859,-0.0799
839,0,6,2,1,3,quadratic,0.6517,-0.0859,-0.0799
840,0,7,2,1,0,unweighted,-0.1717,0.3693,-0.0799
841,0,7,2,1,0,linear,0.3888,0.3693,-0.0799
842,0,7,2,1,0,quadratic,0.6492,0.3693,-0.0799
843,0,7,2,1,0,unweighted,-0.1717,0.3232,-0.0799
844,0,7,2,1,0,linear,0.3888,0.3232,-0.0799
845,0,7,2,1,0,quadratic,0.6492,0.3232,-0.0799
846,0,7,2,1,0,unweighted,-0.1717,0.3074,-0.0799
847,0,7,2,1,0,linear,0.3888,0.3074,-0.0799
848,0,7,2,1,0,quadratic,0.6492,0.3074,-0.0799
849,0,7,2,1,0,unweighted,-0.1717,0.3074,-0.0799
850,0,7,2,1,0,linear,0.3888,0.3074,-0.0799
851,0,7,2,1,0,quadratic,0.6492,0.3074,-0.0799
852,0,7,2,1,0,unweighted,-0.1717,0.2749,-0.0799
853,0,7,2,1,0,linear,0.3888,0.2749,-0.0799
854,0,7,2,1,0,quadratic,0.6492,0.2749,-0.0799
855,0,7,2,1,0,unweighted,-0.1717,0.28,-0.0799
856,0,7,2,1,0,linear,0.3888,0.28,-0.0799
857,0,7,2,1,0,quadratic,0.6492,0.28,-0.0799
858,0,7,2,1,0,unweighted,-0.1717,0.2861,-0.0799
859,0,7,2,1,0,linear,0.3888,0.2861,-0.0799
860,0,7,2,1,0,quadratic,0.6492,0.2861,-0.0799
861,0,7,2,1,0,unweighted,-0.1717,0.3178,-0.0799
862,0,7,2,1,0,linear,0.3888,0.3178,-0.0799
863,0,7,2,1,0,quadratic,0.6492,0.3178,-0.0799
864,0,7,2,1,0,unweighted,-0.1717,0.2809,-0.0799
865,0,7,2,1,0,linear,0.3888,0.2809,-0.0799
866,0,7,2,1,0,quadratic,0.6492,0.2809,-0.0799
867,0,7,2,1,0,unweighted,-0.1717,-0.0859,-0.0799
868,0,7,2,1,0,linear,0.3888,-0.0859,-0.0799
869,0,7,2,1,0,quadratic,0.6492,-0.0859,-0.0799
870,0,7,2,1,1,unweighted,-0.1467,-0.0859,-0.0799
871,0,7,2,1,1,linear,0.3969,-0.0859,-0.0799
872,0,7,2,1,1,quadratic,0.6484,-0.0859,-0.0799
873,0,7,2,1,1,unweighted,-0.1464,-0.0859,-0.0799
874,0,7,2,1,1,linear,0.4002,-0.0859,-0.0799
875,0,7,2,1,1,quadratic,0.6501,-0.0859,-0.0799
876,0,7,2,1,1,unweighted,-0.1515,-0.0859,-0.0799
877,0,7,2,1,1,linear,0.3954,-0.0859,-0.0799
878,0,7,2,1,1,quadratic,0.6496,-0.0859,-0.0799
879,0,7,2,1,1,unweighted,-0.1421,-0.0859,-0.0799
880,0,7,2,1,1,linear,0.4062,-0.0859,-0.0799
881,0,7,2,1,1,quadratic,0.6568,-0.0859,-0.0799
882,0,7,2,1,1,unweighted,-0.1729,-0.0859,-0.0799
883,0,7,2,1,1,linear,0.3896,-0.0859,-0.0799
884,0,7,2,1,1,quadratic,0.6502,-0.0859,-0.0799
885,0,7,2,1,1,unweighted,-0.1717,-0.0859,-0.0799
886,0,7,2,1,1,linear,0.3888,-0.0859,-0.0799
887,0,7,2,1,1,quadratic,0.6492,-0.0859,-0.0799
888,0,7,2,1,1,unweighted,-0.1515,-0.0859,-0.0799
889,0,7,2,1,1,linear,0.3954,-0.0859,-0.0799
890,0,7,2,1,1,quadratic,0.6496,-0.0859,-0.0799
891,0,7,2,1,1,unweighted,-0.1435,-0.0859,-0.0799
892,0,7,2,1,1,linear,0.3989,-0.0859,-0.0799
893,0,7,2,1,1,quadratic,0.6481,-0.0859,-0.0799
894,0,7,2,1,1,unweighted,-0.1129,-0.0859,-0.0799
895,0,7,2,1,1,linear,0.4209,-0.0859,-0.0799
896,0,7,2,1,1,quadratic,0.6607,-0.0859,-0.0799
897,0,7,2,1,1,unweighted,-0.0896,-0.0859,-0.0799
898,0,7,2,1,1,linear,0.4305,-0.0859,-0.0799
899,0,7,2,1,1,quadratic,0.6652,-0.0859,-0.0799
900,0,7,2,1,2,unweighted,-0.1717,-0.0859,0.2365
901,0,7,2,1,2,linear,0.3888,-0.0859,0.2365
902,0,7,2,1,2,quadratic,0.6492,-0.0859,0.2365
903,0,7,2,1,2,unweighted,-0.1717,-0.0859,0.1216
904,0,7,2,1,2,linear,0.3888,-0.0859,0.1216
905,0,7,2,1,2,quadratic,0.6492,-0.0859,0.1216
906,0,7,2,1,2,unweighted,-0.1717,-0.0859,0.263
907,0,7,2,1,2,linear,0.3888,-0.0859,0.263
908,0,7,2,1,2,quadratic,0.6492,-0.0859,0.263
909,0,7,2,1,2,unweighted,-0.1717,-0.0859,0.139
910,0,7,2,1,2,linear,0.3888,-0.0859,0.139
911,0,7,2,1,2,quadratic,0.6492,-0.0859,0.139
912,0,7,2,1,2,unweighted,-0.1717,-0.0859,0.3046
913,0,7,2,1,2,linear,0.3888,-0.0859,0.3046
914,0,7,2,1,2,quadratic,0.6492,-0.0859,0.3046
915,0,7,2,1,2,unweighted,-0.1717,-0.0859,0.1503
916,0,7,2,1,2,linear,0.3888,-0.0859,0.1503
917,0,7,2,1,2,quadratic,0.6492,-0.0859,0.1503
918,0,7,2,1,2,unweighted,-0.1717,-0.0859,0.1687
919,0,7,2,1,2,linear,0.3888,-0.0859,0.1687
920,0,7,2,1,2,quadratic,0.6492,-0.0859,0.1687
921,0,7,2,1,2,unweighted,-0.1717,-0.0859,0.0338
922,0,7,2,1,2,linear,0.3888,-0.0859,0.0338
923,0,7,2,1,2,quadratic,0.6492,-0.0859,0.0338
924,0,7,2,1,2,unweighted,-0.1717,-0.0859,0.3003
925,0,7,2,1,2,linear,0.3888,-0.0859,0.3003
926,0,7,2,1,2,quadratic,0.6492,-0.0859,0.3003
927,0,7,2,1,2,unweighted,-0.1717,-0.0859,0.1301
928,0,7,2,1,2,linear,0.3888,-0.0859,0.1301
929,0,7,2,1,2,quadratic,0.6492,-0.0859,0.1301
930,0,7,2,1,3,unweighted,-0.1717,-0.0859,-0.0799
931,0,7,2,1,3,linear,0.3888,-0.0859,-0.0799
932,0,7,2,1,3,quadratic,0.6492,-0.0859,-0.0799
933,0,7,2,1,3,unweighted,-0.1717,-0.0859,-0.0799
934,0,7,2,1,3,linear,0.3888,-0.0859,-0.0799
935,0,7,2,1,3,quadratic,0.6492,-0.0859,-0.0799
936,0,7,2,1,3,unweighted,-0.1717,-0.0859,-0.0799
937,0,7,2,1,3,linear,0.3888,-0.0859,-0.0799
938,0,7,2,1,3,quadratic,0.6492,-0.0859,-0.0799
939,0,7,2,1,3,unweighted,-0.1717,-0.0859,-0.0799
940,0,7,2,1,3,linear,0.3888,-0.0859,-0.0799
941,0,7,2,1,3,quadratic,0.6492,-0.0859,-0.0799
942,0,7,2,1,3,unweighted,-0.1717,-0.0859,-0.0799
943,0,7,2,1,3,linear,0.3888,-0.0859,-0.0799
944,0,7,2,1,3,quadratic,0.6492,-0.0859,-0.0799
945,0,7,2,1,3,unweighted,-0.1717,-0.0859,-0.0799
946,0,7,2,1,3,linear,0.3888,-0.0859,-0.0799
947,0,7,2,1,3,quadratic,0.6492,-0.0859,-0.0799
948,0,7,2,1,3,unweighted,-0.1717,-0.0859,-0.0799
949,0,7,2,1,3,linear,0.3888,-0.0859,-0.0799
950,0,7,2,1,3,quadratic,0.6492,-0.0859,-0.0799
951,0,7,2,1,3,unweighted,-0.1717,-0.0859,-0.0799
952,0,7,2,1,3,linear,0.3888,-0.0859,-0.0799
953,0,7,2,1,3,quadratic,0.6492,-0.0859,-0.0799
954,0,7,2,1,3,unweighted,-0.1717,-0.0859,-0.0799
955,0,7,2,1,3,linear,0.3888,-0.0859,-0.0799
956,0,7,2,1,3,quadratic,0.6492,-0.0859,-0.0799
957,0,7,2,1,3,unweighted,-0.1717,-0.0859,-0.0799
958,0,7,2,1,3,linear,0.3888,-0.0859,-0.0799
959,0,7,2,1,3,quadratic,0.6492,-0.0859,-0.0799
960,0,8,2,1,0,unweighted,-0.1717,0.28,-0.0799
961,0,8,2,1,0,linear,0.3888,0.28,-0.0799
962,0,8,2,1,0,quadratic,0.6492,0.28,-0.0799
963,0,8,2,1,0,unweighted,-0.1717,0.2861,-0.0799
964,0,8,2,1,0,linear,0.3888,0.2861,-0.0799
965,0,8,2,1,0,quadratic,0.6492,0.2861,-0.0799
966,0,8,2,1,0,unweighted,-0.1717,0.3178,-0.0799
967,0,8,2,1,0,linear,0.3888,0.3178,-0.0799
968,0,8,2,1,0,quadratic,0.6492,0.3178,-0.0799
969,0,8,2,1,0,unweighted,-0.1717,0.3784,-0.0799
970,0,8,2,1,0,linear,0.3888,0.3784,-0.0799
971,0,8,2,1,0,quadratic,0.6492,0.3784,-0.0799
972,0,8,2,1,0,unweighted,-0.1717,0.3287,-0.0799
973,0,8,2,1,0,linear,0.3888,0.3287,-0.0799
974,0,8,2,1,0,quadratic,0.6492,0.3287,-0.0799
975,0,8,2,1,0,unweighted,-0.1717,0.3444,-0.0799
976,0,8,2,1,0,linear,0.3888,0.3444,-0.0799
977,0,8,2,1,0,quadratic,0.6492,0.3444,-0.0799
978,0,8,2,1,0,unweighted,-0.1717,0.3542,-0.0799
979,0,8,2,1,0,linear,0.3888,0.3542,-0.0799
980,0,8,2,1,0,quadratic,0.6492,0.3542,-0.0799
981,0,8,2,1,0,unweighted,-0.1717,0.3431,-0.0799
982,0,8,2,1,0,linear,0.3888,0.3431,-0.0799
983,0,8,2,1,0,quadratic,0.6492,0.3431,-0.0799
984,0,8,2,1,0,unweighted,-0.1717,0.3127,-0.0799
985,0,8,2,1,0,linear,0.3888,0.3127,-0.0799
986,0,8,2,1,0,quadratic,0.6492,0.3127,-0.0799
987,0,8,2,1,0,unweighted,-0.1717,0.3125,-0.0799
988,0,8,2,1,0,linear,0.3888,0.3125,-0.0799
989,0,8,2,1,0,quadratic,0.6492,0.3125,-0.0799
990,0,8,2,1,1,unweighted,-0.1582,-0.0859,-0.0799
991,0,8,2,1,1,linear,0.3989,-0.0859,-0.0799
992,0,8,2,1,1,quadratic,0.6547,-0.0859,-0.0799
993,0,8,2,1,1,unweighted,-0.0734,-0.0859,-0.0799
994,0,8,2,1,1,linear,0.4307,-0.0859,-0.0799
995,0,8,2,1,1,quadratic,0.6587,-0.0859,-0.0799
996,0,8,2,1,1,unweighted,-0.1333,-0.0859,-0.0799
997,0,8,2,1,1,linear,0.4025,-0.0859,-0.0799
998,0,8,2,1,1,quadratic,0.651,-0.0859,-0.0799
999,0,8,2,1,1,unweighted,-0.1542,-0.0859,-0.0799
1000,0,8,2,1,1,linear,0.3969,-0.0859,-0.0799
1001,0,8,2,1,1,quadratic,0.6517,-0.0859,-0.0799
1002,0,8,2,1,1,unweighted,-0.1729,-0.0859,-0.0799
1003,0,8,2,1,1,linear,0.3896,-0.0859,-0.0799
1004,0,8,2,1,1,quadratic,0.6502,-0.0859,-0.0799
1005,0,8,2,1,1,unweighted,-0.1741,-0.0859,-0.0799
1006,0,8,2,1,1,linear,0.3904,-0.0859,-0.0799
1007,0,8,2,1,1,quadratic,0.6513,-0.0859,-0.0799
1008,0,8,2,1,1,unweighted,-0.1653,-0.0859,-0.0799
1009,0,8,2,1,1,linear,0.3896,-0.0859,-0.0799
1010,0,8,2,1,1,quadratic,0.6469,-0.0859,-0.0799
1011,0,8,2,1,1,unweighted,-0.1522,-0.0859,-0.0799
1012,0,8,2,1,1,linear,0.3996,-0.0859,-0.0799
1013,0,8,2,1,1,quadratic,0.6524,-0.0859,-0.0799
1014,0,8,2,1,1,unweighted,-0.1515,-0.0859,-0.0799
1015,0,8,2,1,1,linear,0.3954,-0.0859,-0.0799
1016,0,8,2,1,1,quadratic,0.6496,-0.0859,-0.0799
1017,0,8,2,1,1,unweighted,-0.1678,-0.0859,-0.0799
1018,0,8,2,1,1,linear,0.3911,-0.0859,-0.0799
1019,0,8,2,1,1,quadratic,0.649,-0.0859,-0.0799
1020,0,8,2,1,2,unweighted,-0.1717,-0.0859,0.2416
1021,0,8,2,1,2,linear,0.3888,-0.0859,0.2416
1022,0,8,2,1,2,quadratic,0.6492,-0.0859,0.2416
1023,0,8,2,1,2,unweighted,-0.1717,-0.0859,0.2611
1024,0,8,2,1,2,linear,0.3888,-0.0859,0.2611
1025,0,8,2,1,2,quadratic,0.6492,-0.0859,0.2611
1026,0,8,2,1,2,unweighted,-0.1717,-0.0859,0.205
1027,0,8,2,1,2,linear,0.3888,-0.0859,0.205
1028,0,8,2,1,2,quadratic,0.6492,-0.0859,0.205
1029,0,8,2,1,2,unweighted,-0.1717,-0.0859,0.2
1030,0,8,2,1,2,linear,0.3888,-0.0859,0.2
1031,0,8,2,1,2,quadratic,0.6492,-0.0859,0.2
1032,0,8,2,1,2,unweighted,-0.1717,-0.0859,0.2589
1033,0,8,2,1,2,linear,0.3888,-0.0859,0.2589
1034,0,8,2,1,2,quadratic,0.6492,-0.0859,0.2589
1035,0,8,2,1,2,unweighted,-0.1717,-0.0859,0.2775
1036,0,8,2,1,2,linear,0.3888,-0.0859,0.2775
1037,0,8,2,1,2,quadratic,0.6492,-0.0859,0.2775
1038,0,8,2,1,2,unweighted,-0.1717,-0.0859,0.2205
1039,0,8,2,1,2,linear,0.3888,-0.0859,0.2205
1040,0,8,2,1,2,quadratic,0.6492,-0.0859,0.2205
1041,0,8,2,1,2,unweighted,-0.1717,-0.0859,0.1791
1042,0,8,2,1,2,linear,0.3888,-0.0859,0.1791
1043,0,8,2,1,2,quadratic,0.6492,-0.0859,0.1791
1044,0,8,2,1,2,unweighted,-0.1717,-0.0859,0.2164
1045,0,8,2,1,2,linear,0.3888,-0.0859,0.2164
1046,0,8,2,1,2,quadratic,0.6492,-0.0859,0.2164
1047,0,8,2,1,2,unweighted,-0.1717,-0.0859,0.1215
1048,0,8,2,1,2,linear,0.3888,-0.0859,0.1215
1049,0,8,2,1,2,quadratic,0.6492,-0.0859,0.1215
1050,0,8,2,1,3,unweighted,-0.1717,-0.0859,-0.0799
1051,0,8,2,1,3,linear,0.3888,-0.0859,-0.0799
1052,0,8,2,1,3,quadratic,0.6492,-0.0859,-0.0799
1053,0,8,2,1,3,unweighted,-0.1717,-0.0859,-0.0799
1054,0,8,2,1,3,linear,0.3888,-0.0859,-0.0799
1055,0,8,2,1,3,quadratic,0.6492,-0.0859,-0.0799
1056,0,8,2,1,3,unweighted,-0.1717,-0.0859,-0.0799
1057,0,8,2,1,3,linear,0.3888,-0.0859,-0.0799
1058,0,8,2,1,3,quadratic,0.6492,-0.0859,-0.0799
1059,0,8,2,1,3,unweighted,-0.1717,-0.0859,-0.0799
1060,0,8,2,1,3,linear,0.3888,-0.0859,-0.0799
1061,0,8,2,1,3,quadratic,0.6492,-0.0859,-0.0799
1062,0,8,2,1,3,unweighted,-0.1717,-0.0859,-0.0799
1063,0,8,2,1,3,linear,0.3888,-0.0859,-0.0799
1064,0,8,2,1,3,quadratic,0.6492,-0.0859,-0.0799
1065,0,8,2,1,3,unweighted,-0.1717,-0.0859,-0.0799
1066,0,8,2,1,3,linear,0.3888,-0.0859,-0.0799
1067,0,8,2,1,3,quadratic,0.6492,-0.0859,-0.0799
1068,0,8,2,1,3,unweighted,-0.1717,-0.0859,-0.0799
1069,0,8,2,1,3,linear,0.3888,-0.0859,-0.0799
1070,0,8,2,1,3,quadratic,0.6492,-0.0859,-0.0799
1071,0,8,2,1,3,unweighted,-0.1717,-0.0859,-0.0799
1072,0,8,2,1,3,linear,0.3888,-0.0859,-0.0799
1073,0,8,2,1,3,quadratic,0.6492,-0.0859,-0.0799
1074,0,8,2,1,3,unweighted,-0.1717,-0.0859,-0.0799
1075,0,8,2,1,3,linear,0.3888,-0.0859,-0.0799
1076,0,8,2,1,3,quadratic,0.6492,-0.0859,-0.0799
1077,0,8,2,1,3,unweighted,-0.1717,-0.0859,-0.0799
1078,0,8,2,1,3,linear,0.3888,-0.0859,-0.0799
1079,0,8,2,1,3,quadratic,0.6492,-0.0859,-0.0799
