,test_id,kcid,lmc_prior_code,lengthscale_prior_code,input,test_data,elpd_loo,p_loo,se,warning,n_data_points,n_samples,scale,k_count_good,k_count_ok,k_count_bad,k_count_verybad,elpd_loo_y0,elpd_loo_y1,elpd_loo_y2,elpd_loo_y3,elpd_loo_y4
0,0,0,2,1,0,0,12021.070832794348,4.009554924845361,331.62098704610736,False,2945,300,log,2943,2,0,0,-545.79854,6447.14813,6449.93755,-148.57042,-181.6459
1,0,0,2,1,0,0,12021.717166508502,4.373179530455673,331.65607917108935,False,2945,300,log,2945,0,0,0,-545.64874,6447.58056,6450.1295,-147.88566,-182.45849
2,0,0,2,1,0,0,12017.712823710233,4.1192236897331895,331.56922144840837,False,2945,300,log,2945,0,0,0,-545.04876,6446.9249,6449.40682,-148.79293,-184.77721
3,0,0,2,1,0,0,12020.934076567039,4.231743924501643,331.68705022269427,False,2945,300,log,2945,0,0,0,-546.63711,6447.77363,6450.4477,-148.63281,-182.01733
4,0,0,2,1,0,0,12024.58513797778,3.963052513257935,331.6646327363885,False,2945,300,log,2945,0,0,0,-545.69859,6448.17327,6450.81605,-148.52605,-180.17953
5,0,0,2,1,0,0,12025.845716173699,3.973067712828197,331.6751882602035,False,2945,300,log,2945,0,0,0,-545.76505,6448.75784,6451.2083,-148.27969,-180.07568
6,0,0,2,1,0,0,12024.12610234478,4.031864414999291,331.6998281176714,False,2945,300,log,2945,0,0,0,-546.0697,6448.46898,6451.15656,-148.20713,-181.22261
7,0,0,2,1,0,0,12022.092101721397,4.0737085090240726,331.6816613216647,False,2945,300,log,2945,0,0,0,-548.2626,6448.44432,6450.26582,-148.41009,-179.94535
8,0,0,2,1,0,0,12025.725833611517,3.974643273284528,331.7132666129793,False,2945,300,log,2945,0,0,0,-546.46577,6448.83686,6451.55146,-148.08892,-180.1078
9,0,0,2,1,0,0,12014.123278714125,4.69576967167086,331.6876995519479,False,2945,300,log,2945,0,0,0,-549.96081,6446.44554,6448.95249,-148.72644,-182.58751
10,0,0,2,1,1,0,12132.747549026635,4.694675720222222,336.1493921297502,False,2945,300,log,2945,0,0,0,-502.40751,6533.83455,6535.2018,-214.08061,-219.80068
11,0,0,2,1,1,0,12139.557921097943,5.012402246147758,335.9741808452077,False,2945,300,log,2945,0,0,0,-496.7406,6534.0015,6536.26469,-213.91541,-220.05226
12,0,0,2,1,1,0,12138.337863165561,4.835147293875707,335.8787198133815,False,2945,300,log,2945,0,0,0,-496.40775,6533.30583,6535.6913,-213.88366,-220.36785
13,0,0,2,1,1,0,12135.870796306268,4.799150157628901,336.0796101125205,False,2945,300,log,2945,0,0,0,-499.91045,6533.91191,6536.10153,-214.20856,-220.02362
14,0,0,2,1,1,0,12134.982247173482,5.5479546385231515,335.84943328989345,False,2945,300,log,2945,0,0,0,-497.60967,6532.92931,6534.3935,-213.97434,-220.75654
15,0,0,2,1,1,0,12139.084534979502,4.689049432574393,335.93892255036525,False,2945,300,log,2945,0,0,0,-496.40681,6533.4846,6536.19149,-214.03702,-220.14772
16,0,0,2,1,1,0,12137.989430965,4.771945798758679,335.9268975228586,False,2945,300,log,2945,0,0,0,-497.32111,6533.40301,6536.18832,-214.06497,-220.21582
17,0,0,2,1,1,0,12138.387764525833,4.547893726981783,335.964887631314,False,2945,300,log,2945,0,0,0,-497.18457,6533.81296,6536.05951,-214.07432,-220.22581
18,0,0,2,1,1,0,12129.04888133836,6.726578781574062,336.1283715257881,False,2945,300,log,2945,0,0,0,-503.63179,6532.36529,6534.6649,-214.26923,-220.08029
19,0,0,2,1,1,0,12131.95138120701,4.559740938773757,336.00553413611897,False,2945,300,log,2945,0,0,0,-500.85353,6532.61278,6534.98365,-214.89112,-219.90041
20,0,0,2,1,2,0,12001.255630320236,4.090358204044605,332.0786311818329,False,2945,300,log,2945,0,0,0,-547.56197,6448.58229,6450.71245,-201.1962,-149.28094
21,0,0,2,1,2,0,12011.392532233125,4.277486913801113,332.056418167769,False,2945,300,log,2945,0,0,0,-543.7137,6449.95226,6452.53394,-199.7256,-147.65437
22,0,0,2,1,2,0,12002.258869048694,4.051493918936103,332.0457619176298,False,2945,300,log,2945,0,0,0,-546.08774,6448.26361,6450.37265,-202.00947,-148.28018
23,0,0,2,1,2,0,12000.868705717074,4.133796051239187,332.0955009550322,False,2945,300,log,2945,0,0,0,-547.22354,6448.00026,6450.78207,-201.94425,-148.74583
24,0,0,2,1,2,0,12000.199295079896,4.24609604203215,332.0915782393852,False,2945,300,log,2945,0,0,0,-547.12043,6448.19738,6450.78842,-203.34911,-148.31697
25,0,0,2,1,2,0,12004.278731745684,3.7509869593486656,332.11033202785893,False,2945,300,log,2945,0,0,0,-548.3761,6449.26914,6451.76389,-200.29092,-148.08727
26,0,0,2,1,2,0,12004.22204615238,3.8949300009480794,332.11435916936773,False,2945,300,log,2945,0,0,0,-546.71318,6449.2578,6451.25149,-201.57394,-148.00012
27,0,0,2,1,2,0,12002.15517572639,3.687389229075052,332.0775612468026,False,2945,300,log,2945,0,0,0,-546.74989,6448.12166,6450.90808,-200.41272,-149.71196
28,0,0,2,1,2,0,12002.696239163086,3.830751067102028,332.1331730370825,False,2945,300,log,2945,0,0,0,-546.64978,6448.72873,6450.82219,-201.13614,-149.06876
29,0,0,2,1,2,0,12002.083576133864,4.215533319522365,332.0541667203358,False,2945,300,log,2945,0,0,0,-547.95162,6448.28458,6451.15137,-201.12116,-148.2796
30,0,0,2,1,3,0,12097.324049696861,5.245788858417654,336.4176058561283,False,2945,300,log,2945,0,0,0,-523.43527,6528.83828,6531.06365,-230.23472,-208.90788
31,0,0,2,1,3,0,12104.142387113832,4.856699449601365,336.4281598726117,False,2945,300,log,2945,0,0,0,-520.71281,6529.90014,6532.6726,-229.04401,-208.67353
32,0,0,2,1,3,0,12086.0554940074,7.438697191457322,336.20171443233323,False,2945,300,log,2945,0,0,0,-525.87405,6524.54642,6526.19685,-230.26572,-208.54801
33,0,0,2,1,3,0,12087.673485039875,4.746592566660183,336.1342860402082,False,2945,300,log,2945,0,0,0,-525.1886,6524.39076,6526.81023,-229.83134,-208.50756
34,0,0,2,1,3,0,12091.039787937922,4.752961945847346,336.2402238261713,False,2945,300,log,2945,0,0,0,-523.33475,6524.45838,6527.92381,-229.41082,-208.59683
35,0,0,2,1,3,0,12102.064508574967,5.214565058529843,336.27823305856055,False,2945,300,log,2945,0,0,0,-520.28392,6528.69778,6531.04345,-228.83567,-208.55714
36,0,0,2,1,3,0,12092.561419625803,4.850967259520985,336.41182841863593,False,2945,300,log,2945,0,0,0,-525.67467,6527.44568,6529.98733,-230.62451,-208.57241
37,0,0,2,1,3,0,12097.485587371908,5.1164624218272365,336.4627780465001,False,2945,300,log,2945,0,0,0,-523.30121,6528.37939,6531.41875,-230.00426,-209.00708
38,0,0,2,1,3,0,12103.83761106113,4.873580208319254,336.3380598431195,False,2945,300,log,2945,0,0,0,-519.88466,6529.30992,6531.97751,-228.9916,-208.57355
39,0,0,2,1,3,0,12098.929647641464,4.788989929234958,336.5145148790771,False,2945,300,log,2945,0,0,0,-523.03954,6529.16408,6532.03551,-230.2286,-209.00181
40,0,1,2,1,0,0,12026.31043028418,4.88511281630781,331.64688520453944,False,2945,300,log,2945,0,0,0,-545.6052,6448.9191,6450.4376,-145.76708,-181.67399
41,0,1,2,1,0,0,12029.887444791864,4.672935099268216,331.59575158852635,False,2945,300,log,2945,0,0,0,-543.21797,6448.66111,6451.08699,-145.0609,-181.58179
42,0,1,2,1,0,0,12026.733296910883,4.248006717512908,331.6897300785314,False,2945,300,log,2945,0,0,0,-544.83,6448.65784,6451.6484,-147.94755,-180.79539
43,0,1,2,1,0,0,12025.823596592538,3.4319782190923434,331.6369478023145,False,2945,300,log,2945,0,0,0,-544.65455,6448.46238,6450.80598,-147.75268,-181.03753
44,0,1,2,1,0,0,12021.08105411773,3.836912427948846,331.66575201189664,False,2945,300,log,2944,1,0,0,-547.82474,6447.53287,6450.25387,-148.27156,-180.60938
45,0,1,2,1,0,0,12023.785296694396,4.498091405468585,331.6676871770105,False,2945,300,log,2944,1,0,0,-546.05144,6447.77533,6450.8721,-147.64169,-181.169
46,0,1,2,1,0,0,12022.240316751248,4.132300674749786,331.6106885998853,False,2945,300,log,2945,0,0,0,-545.68169,6447.02686,6450.51785,-147.68679,-181.9359
47,0,1,2,1,0,0,12021.705366774553,4.025961479033867,331.68316032783366,False,2945,300,log,2945,0,0,0,-547.21158,6447.79921,6450.3983,-148.10713,-181.17342
48,0,1,2,1,0,0,11956.964101611888,4.709787728414085,332.1252782757866,False,2945,300,log,2945,0,0,0,-557.36223,6443.55772,6443.1344,-186.17273,-186.19306
49,0,1,2,1,0,0,12012.117944391639,4.663046959469284,331.8149404369133,False,2945,300,log,2945,0,0,0,-552.18995,6447.44435,6450.08223,-150.50944,-182.70924
50,0,1,2,1,1,0,12134.193419916315,5.272573810463655,335.9609761348218,False,2945,300,log,2945,0,0,0,-500.09642,6533.27912,6535.68883,-214.48256,-220.19554
51,0,1,2,1,1,0,12138.633284753807,4.566706181878544,335.9151425742744,False,2945,300,log,2944,1,0,0,-497.63744,6533.6766,6536.55813,-213.86478,-220.09923
52,0,1,2,1,1,0,12138.96298994581,4.7581068902782135,336.0703615137172,False,2945,300,log,2945,0,0,0,-498.25888,6534.45796,6536.71487,-214.09812,-219.85284
53,0,1,2,1,1,0,12136.925583127762,4.840243044938688,335.860399615694,False,2945,300,log,2945,0,0,0,-497.08511,6532.52745,6535.67722,-213.81936,-220.3746
54,0,1,2,1,1,0,12134.039899125226,5.661257208847019,335.91664514845917,False,2945,300,log,2945,0,0,0,-499.99909,6533.03563,6535.63184,-214.26488,-220.3636
55,0,1,2,1,1,0,12138.562903135633,4.796596584536019,335.99682591053465,False,2945,300,log,2945,0,0,0,-497.98816,6533.98307,6536.24808,-213.68548,-219.99461
56,0,1,2,1,1,0,12149.89639027043,5.428643986928364,335.97520482141834,False,2945,300,log,2944,1,0,0,-488.10539,6535.807,6536.46128,-214.20035,-220.06615
57,0,1,2,1,1,0,12138.599635146036,4.936870169623944,335.9191444630827,False,2945,300,log,2945,0,0,0,-496.88502,6533.79688,6536.02585,-213.97302,-220.36505
58,0,1,2,1,1,0,12137.157912474033,4.746183940851552,336.0681161451248,False,2945,300,log,2945,0,0,0,-500.35114,6534.79776,6537.05067,-214.31356,-220.02581
59,0,1,2,1,1,0,12128.113217394965,5.432925999240979,335.81393596574424,False,2945,300,log,2945,0,0,0,-500.22673,6528.74617,6534.02491,-214.04192,-220.38922
60,0,1,2,1,2,0,11998.301875264184,4.885374182238593,332.30223585751077,False,2945,300,log,2945,0,0,0,-552.76085,6449.10427,6451.67271,-200.15117,-149.56308
61,0,1,2,1,2,0,11999.520229821741,3.9914986548283196,332.11478380821,False,2945,300,log,2943,2,0,0,-547.95182,6448.02657,6450.53769,-200.5797,-150.5125
62,0,1,2,1,2,0,12002.853255515358,3.8635647757055267,332.11383806171193,False,2945,300,log,2945,0,0,0,-546.64647,6448.4036,6451.3492,-201.84367,-148.4094
63,0,1,2,1,2,0,11981.836986772254,4.616418937421258,332.1878389096642,False,2945,300,log,2945,0,0,0,-552.38779,6445.63584,6448.53023,-208.9323,-151.009
64,0,1,2,1,2,0,12000.47502698846,4.270381837319292,332.1097621867237,False,2945,300,log,2945,0,0,0,-547.18764,6448.83185,6449.90694,-201.65877,-149.41735
65,0,1,2,1,2,0,11994.519676912041,5.857772381481482,332.1716463183527,False,2945,300,log,2945,0,0,0,-549.76677,6447.78082,6449.84565,-200.86472,-152.4753
66,0,1,2,1,2,0,11995.9657702183,6.169227575552213,332.0202549620301,False,2945,300,log,2945,0,0,0,-547.08599,6446.68394,6449.45884,-203.89173,-149.19929
67,0,1,2,1,2,0,12004.890487512126,3.684083491929414,332.15156891846135,False,2945,300,log,2945,0,0,0,-547.82558,6449.40476,6451.89278,-200.54011,-148.04137
68,0,1,2,1,2,0,12002.334328789697,4.452104231666453,332.0253698987504,False,2945,300,log,2945,0,0,0,-546.95284,6447.92629,6450.70972,-200.48447,-148.86437
69,0,1,2,1,2,0,12000.366615274426,4.835585550295946,332.04174875173624,False,2945,300,log,2945,0,0,0,-548.01098,6447.75243,6450.56253,-200.38686,-149.55049
70,0,1,2,1,3,0,12104.295211826728,5.096001851066831,336.32247887367225,False,2945,300,log,2945,0,0,0,-519.6332,6529.20223,6532.28658,-229.02125,-208.53915
71,0,1,2,1,3,0,12105.289317012226,5.641631591020996,336.5233099371591,False,2945,300,log,2945,0,0,0,-519.7008,6530.91209,6533.58986,-230.3452,-209.16664
72,0,1,2,1,3,0,12100.920962600263,5.02428963665443,336.2805094891962,False,2945,300,log,2945,0,0,0,-520.17482,6527.76461,6531.02624,-229.02784,-208.66723
73,0,1,2,1,3,0,12099.745188964265,5.492319707595016,336.38101143443214,False,2945,300,log,2945,0,0,0,-522.22811,6528.63386,6531.12359,-229.16557,-208.61858
74,0,1,2,1,3,0,12085.707584003812,4.548311979749997,336.13428619370796,False,2945,300,log,2944,1,0,0,-525.46938,6523.4993,6526.05661,-229.81145,-208.5675
75,0,1,2,1,3,0,12104.063911997087,4.818951903143898,336.5050021106564,False,2945,300,log,2945,0,0,0,-521.25128,6530.56415,6533.0508,-229.46754,-208.83222
76,0,1,2,1,3,0,12087.935805423645,4.413475621649923,336.17791959242356,False,2945,300,log,2945,0,0,0,-525.42498,6524.65344,6527.06392,-229.71691,-208.63967
77,0,1,2,1,3,0,12102.740338729835,5.376677650794591,336.3486971229701,False,2945,300,log,2945,0,0,0,-520.5086,6529.34232,6531.6006,-229.13194,-208.56205
78,0,1,2,1,3,0,12101.171560932271,5.653654186569838,336.41721420337467,False,2945,300,log,2945,0,0,0,-521.31113,6529.14775,6532.00989,-229.6688,-209.00615
79,0,1,2,1,3,0,12102.57160507269,4.688137845825622,336.3628918435242,False,2945,300,log,2945,0,0,0,-520.82402,6529.69511,6531.47456,-229.09559,-208.67846
80,0,2,2,1,0,0,12027.71059789923,5.617482904322969,331.5114590839586,False,2945,300,log,2945,0,0,0,-542.88281,6447.27165,6449.78413,-143.72532,-182.73706
81,0,2,2,1,0,0,12024.158752505822,4.12375658392375,331.69129315061076,False,2945,300,log,2945,0,0,0,-546.93238,6448.53886,6450.74643,-147.69938,-180.49477
82,0,2,2,1,0,0,12027.182555052837,4.627911681649493,331.71240413402575,False,2945,300,log,2945,0,0,0,-544.93784,6448.92007,6451.42828,-147.64562,-180.58234
83,0,2,2,1,0,0,12025.804182822065,3.840331312303533,331.7174454855555,False,2945,300,log,2945,0,0,0,-546.31925,6448.83415,6451.50067,-148.16193,-180.04946
84,0,2,2,1,0,0,12029.303153851593,4.60327131273516,331.5974877248216,False,2945,300,log,2945,0,0,0,-544.60713,6448.66104,6450.93802,-145.71184,-179.97693
85,0,2,2,1,0,0,12024.588290970976,5.005524017076823,331.6188372747725,False,2945,300,log,2945,0,0,0,-546.77063,6448.40435,6450.41857,-147.94629,-179.51771
86,0,2,2,1,0,0,12028.393457406866,4.916612882801928,331.5940995509648,False,2945,300,log,2945,0,0,0,-543.50233,6448.31526,6450.4162,-145.79444,-181.04123
87,0,2,2,1,0,0,12024.595831926941,4.923528044379054,331.604794279275,False,2945,300,log,2945,0,0,0,-544.67073,6447.7172,6450.34633,-147.59755,-181.19942
88,0,2,2,1,0,0,12028.145964378205,4.897401609143344,331.6566733587252,False,2945,300,log,2945,0,0,0,-543.27275,6448.82767,6451.27219,-147.10836,-181.57278
89,0,2,2,1,0,0,12024.941897865923,4.268097594564097,331.5829195156906,False,2945,300,log,2944,1,0,0,-544.9023,6447.63201,6450.20127,-145.90922,-182.07987
90,0,2,2,1,1,0,12141.267960133067,4.861901473828766,335.9190798236332,False,2945,300,log,2945,0,0,0,-495.78289,6534.46851,6536.62939,-213.60715,-220.4399
91,0,2,2,1,1,0,12142.033706858861,4.980131283249648,336.0255579348407,False,2945,300,log,2945,0,0,0,-495.10461,6534.69635,6536.67769,-213.76243,-220.4733
92,0,2,2,1,1,0,12132.413290049613,5.467209799171542,335.7393795911429,False,2945,300,log,2945,0,0,0,-497.72938,6532.08391,6534.15008,-214.21304,-221.87828
93,0,2,2,1,1,0,12131.004386376026,5.532771588616015,335.7408854975758,False,2945,300,log,2944,1,0,0,-498.09005,6531.43417,6532.86704,-214.21933,-220.98744
94,0,2,2,1,1,0,12139.591499135164,5.753481623332846,336.02770715620983,False,2945,300,log,2945,0,0,0,-496.94678,6534.1668,6536.45985,-213.88976,-220.19862
95,0,2,2,1,1,0,12136.539084154801,5.272043812143238,335.8320237455872,False,2945,300,log,2945,0,0,0,-497.48567,6533.19569,6535.57481,-214.39859,-220.34715
96,0,2,2,1,1,0,12112.081846863999,6.309582688219962,335.8729993046143,False,2945,300,log,2945,0,0,0,-507.86854,6526.76216,6529.04452,-215.4824,-220.37388
97,0,2,2,1,1,0,12131.073125536286,5.3602166400833084,335.7505283727824,False,2945,300,log,2945,0,0,0,-497.94186,6530.77859,6533.39366,-214.2275,-220.92977
98,0,2,2,1,1,0,12137.691224634162,5.023022184979709,336.0210071376525,False,2945,300,log,2945,0,0,0,-499.24582,6534.32179,6536.33542,-213.69737,-220.02279
99,0,2,2,1,1,0,12133.445885085132,5.270571354749336,336.04099006828955,False,2945,300,log,2944,1,0,0,-501.1651,6533.18502,6535.97434,-214.55686,-219.99151
100,0,2,2,1,2,0,12016.589255716586,7.023796523282726,332.07093219510773,False,2945,300,log,2945,0,0,0,-544.5038,6450.95733,6453.09864,-198.65977,-144.30314
101,0,2,2,1,2,0,12012.00243478931,5.241811029436576,332.05193178728933,False,2945,300,log,2945,0,0,0,-545.24998,6450.38607,6452.81143,-199.84783,-146.09727
102,0,2,2,1,2,0,12001.653754299483,4.731008519667739,332.1139734038979,False,2945,300,log,2945,0,0,0,-547.08494,6448.68827,6451.11146,-199.49937,-151.56166
103,0,2,2,1,2,0,12001.824164321759,4.633189618529286,332.13367811556947,False,2945,300,log,2945,0,0,0,-546.186,6448.60732,6450.81244,-200.5092,-150.9004
104,0,2,2,1,2,0,12000.65401893331,4.756196878750416,332.0494741567187,False,2945,300,log,2945,0,0,0,-547.05928,6447.97584,6450.2736,-200.7826,-149.75354
105,0,2,2,1,2,0,11981.520145969345,4.940962852459052,332.30298741798833,False,2945,300,log,2945,0,0,0,-550.59408,6448.83992,6447.74515,-208.73002,-155.74082
106,0,2,2,1,2,0,12001.448467835773,5.734663496064968,332.0529608069079,False,2945,300,log,2945,0,0,0,-547.26735,6448.09305,6450.51119,-200.58882,-149.29961
107,0,2,2,1,2,0,12006.458119039427,4.369980457704514,332.15747720772566,False,2945,300,log,2945,0,0,0,-547.53949,6450.05958,6452.32722,-199.90238,-148.48681
108,0,2,2,1,2,0,12001.23103666491,5.150198783216183,332.12364353241895,False,2945,300,log,2945,0,0,0,-547.3802,6448.69431,6451.35125,-201.51205,-149.92227
109,0,2,2,1,2,0,12004.860478675499,4.182612158878328,332.1799208266365,False,2945,300,log,2945,0,0,0,-547.97113,6449.56486,6451.88678,-199.69595,-148.92407
110,0,2,2,1,3,0,12122.686150048408,6.939341043897002,336.52252908088684,False,2945,300,log,2945,0,0,0,-508.93493,6533.73466,6536.18546,-229.40746,-208.89158
111,0,2,2,1,3,0,12103.354593634951,6.496480528458051,336.4251957204878,False,2945,300,log,2945,0,0,0,-519.93977,6529.37413,6532.30003,-229.4816,-208.89819
112,0,2,2,1,3,0,12103.343664809427,5.401069665316754,336.5359411545449,False,2945,300,log,2945,0,0,0,-521.64699,6530.47593,6532.73487,-229.32929,-208.89085
113,0,2,2,1,3,0,12092.31685687869,5.816393429786331,336.1206911737052,False,2945,300,log,2945,0,0,0,-522.56148,6524.88169,6527.88879,-229.00037,-208.89177
114,0,2,2,1,3,0,12102.984143860487,4.726693445712954,336.518476706688,False,2945,300,log,2945,0,0,0,-521.23497,6530.30643,6532.91731,-229.99117,-209.01346
115,0,2,2,1,3,0,12099.89134259809,5.989790706820713,336.31215116330185,False,2945,300,log,2945,0,0,0,-520.81507,6528.79011,6530.68319,-228.87001,-209.89687
116,0,2,2,1,3,0,12098.783246032186,5.197225394169436,336.51488580287804,False,2945,300,log,2945,0,0,0,-524.76195,6529.79068,6532.35708,-229.67557,-208.92699
117,0,2,2,1,3,0,12106.215616381087,5.341529160861683,336.4866671413515,False,2945,300,log,2945,0,0,0,-520.42565,6530.50009,6533.46313,-228.75389,-208.56807
118,0,2,2,1,3,0,12112.925135876525,5.106086168436377,336.391663401289,False,2945,300,log,2945,0,0,0,-515.7955,6532.28429,6534.76341,-229.40868,-208.91839
119,0,2,2,1,3,0,12102.629303133881,4.854038587920513,336.5580104903502,False,2945,300,log,2945,0,0,0,-522.70245,6530.96407,6533.43947,-230.08836,-208.98343
120,0,3,2,1,0,0,12031.140919833828,5.5829261636154115,331.65416465476267,False,2945,300,log,2945,0,0,0,-543.0356,6449.67364,6452.13097,-145.21424,-182.41384
121,0,3,2,1,0,0,12026.69005731459,4.801619183952425,331.71984842057174,False,2945,300,log,2945,0,0,0,-545.37883,6448.72723,6451.71356,-147.78208,-180.58982
122,0,3,2,1,0,0,12026.135671127024,5.315582888095378,331.68916221104706,False,2945,300,log,2945,0,0,0,-545.26786,6448.75387,6451.09996,-147.2927,-181.1576
123,0,3,2,1,0,0,12027.097788825688,5.016243732714429,331.63013280734333,False,2945,300,log,2945,0,0,0,-544.17548,6448.43681,6450.54944,-146.40364,-181.30934
124,0,3,2,1,0,0,12025.311299517482,4.908137379115942,331.7185159551605,False,2945,300,log,2945,0,0,0,-546.42534,6448.84722,6451.0744,-147.41904,-180.76594
125,0,3,2,1,0,0,12027.918409404483,4.753105082516413,331.66466159265525,False,2945,300,log,2945,0,0,0,-545.58223,6448.69484,6451.15385,-146.17409,-180.17397
126,0,3,2,1,0,0,12027.457366801129,5.02249349030717,331.68189924966407,False,2945,300,log,2945,0,0,0,-545.38939,6448.64897,6451.60589,-145.69495,-181.71316
127,0,3,2,1,0,0,12024.924650029767,4.369742491788202,331.57135238414315,False,2945,300,log,2945,0,0,0,-545.07885,6447.36566,6450.17735,-145.64817,-181.89134
128,0,3,2,1,0,0,12026.921246117146,4.518442731574396,331.6187628358798,False,2945,300,log,2945,0,0,0,-546.1282,6448.8536,6451.21035,-147.37705,-179.63746
129,0,3,2,1,0,0,12030.710610424552,5.1867489118867525,331.66462752487377,False,2945,300,log,2945,0,0,0,-544.6721,6449.93028,6452.2071,-145.70373,-181.05095
130,0,3,2,1,1,0,12141.456288100693,5.727236566126521,336.10659253619605,False,2945,300,log,2945,0,0,0,-497.60823,6535.52418,6537.78397,-214.33653,-219.90711
131,0,3,2,1,1,0,12147.644352417563,5.984703060181346,335.9992602364376,False,2945,300,log,2945,0,0,0,-493.98157,6535.68921,6537.52383,-211.43146,-220.15566
132,0,3,2,1,1,0,12140.247341354261,5.298952112487314,336.05388425508386,False,2945,300,log,2945,0,0,0,-497.46895,6534.61329,6536.17524,-213.15361,-219.91864
133,0,3,2,1,1,0,12142.927089089006,5.6552772038103285,336.0197257859155,False,2945,300,log,2945,0,0,0,-497.6629,6535.52907,6537.77576,-212.58801,-220.12684
134,0,3,2,1,1,0,12133.376529417792,6.718306303859208,335.9697344260034,False,2945,300,log,2945,0,0,0,-500.02215,6532.91901,6535.02269,-214.34342,-220.19961
135,0,3,2,1,1,0,12138.175068856906,5.4222221471281955,336.08634580385893,False,2945,300,log,2945,0,0,0,-500.06083,6535.05474,6537.11806,-214.14939,-219.78751
136,0,3,2,1,1,0,12135.355289493677,5.785995469250338,336.0195659120819,False,2945,300,log,2945,0,0,0,-500.70912,6533.99473,6536.42274,-214.45312,-219.89994
137,0,3,2,1,1,0,12137.000975129582,5.252765163886579,335.9501503345568,False,2945,300,log,2945,0,0,0,-500.09298,6534.34861,6536.57698,-214.01781,-219.81382
138,0,3,2,1,1,0,12134.915335567071,5.683115971756706,335.85963751780776,False,2945,300,log,2944,1,0,0,-498.41499,6532.52654,6535.33667,-214.11681,-220.41607
139,0,3,2,1,1,0,12131.830553074458,5.413987639356492,336.0684373375556,False,2945,300,log,2945,0,0,0,-502.57377,6533.4549,6535.3127,-214.45929,-219.90399
140,0,3,2,1,2,0,12006.565593818286,5.2609275139948295,332.01419467287917,False,2945,300,log,2945,0,0,0,-546.62295,6448.3626,6451.5024,-201.48877,-145.18769
141,0,3,2,1,2,0,12002.228025403805,5.101648954734628,332.03288596371016,False,2945,300,log,2945,0,0,0,-547.51015,6448.16307,6450.58476,-200.76431,-148.24535
142,0,3,2,1,2,0,12007.597097081252,4.007656719932129,332.11616702492654,False,2945,300,log,2945,0,0,0,-546.65593,6449.35933,6451.99802,-200.12293,-146.9814
143,0,3,2,1,2,0,12003.76387607169,4.937533825228456,332.1981051665013,False,2945,300,log,2945,0,0,0,-549.80689,6449.68272,6452.52838,-199.96134,-148.679
144,0,3,2,1,2,0,11999.784140407472,4.775968246040065,332.12771500451197,False,2945,300,log,2945,0,0,0,-547.10982,6447.64034,6450.66769,-201.47,-149.94408
145,0,3,2,1,2,0,12005.40800246493,4.081503545336091,332.12933360347705,False,2945,300,log,2945,0,0,0,-547.81233,6449.468,6452.35325,-200.54349,-148.05742
146,0,3,2,1,2,0,12001.266801440008,4.666103127357928,332.09880327835424,False,2945,300,log,2945,0,0,0,-547.4365,6448.57484,6450.68947,-200.8869,-149.67411
147,0,3,2,1,2,0,11998.021678620858,4.805629458209296,332.0351753182187,False,2945,300,log,2945,0,0,0,-548.90268,6447.31945,6449.67387,-200.76739,-149.30157
148,0,3,2,1,2,0,12005.525112188561,4.337232072261031,332.2214086938133,False,2945,300,log,2944,1,0,0,-548.69815,6450.02061,6452.38967,-199.51998,-148.66704
149,0,3,2,1,2,0,12003.816304283633,4.387589003696121,332.0329280787072,False,2945,300,log,2945,0,0,0,-545.71087,6448.3639,6450.82495,-200.90604,-148.75563
150,0,3,2,1,3,0,12107.089642363662,5.3443740479015105,336.45420959484534,False,2945,300,log,2945,0,0,0,-518.84443,6530.86131,6532.89652,-229.09781,-208.72595
151,0,3,2,1,3,0,12108.029866500558,5.4134931531643815,336.40523610996485,False,2945,300,log,2945,0,0,0,-518.63085,6531.28483,6533.77162,-229.7237,-208.67204
152,0,3,2,1,3,0,12101.2537237545,6.676401937711489,336.326804295117,False,2945,300,log,2945,0,0,0,-520.62063,6528.73597,6531.26751,-229.39547,-208.73366
153,0,3,2,1,3,0,12112.881330313312,5.288506677768964,336.3797288120579,False,2945,300,log,2945,0,0,0,-516.77664,6532.49375,6534.78639,-228.84274,-208.77942
154,0,3,2,1,3,0,12104.686414595151,5.024235647462774,336.45204328317016,False,2945,300,log,2945,0,0,0,-520.97517,6530.62318,6533.0325,-229.40362,-208.59048
155,0,3,2,1,3,0,12104.97805647667,4.3405244466266595,336.4759322305794,False,2945,300,log,2945,0,0,0,-520.86215,6530.71413,6533.28011,-229.36376,-208.79027
156,0,3,2,1,3,0,12100.58076084739,4.9551425383378955,336.4946508016903,False,2945,300,log,2945,0,0,0,-523.41807,6529.84068,6532.63418,-229.57267,-208.90337
157,0,3,2,1,3,0,12108.913629840252,5.202247362740309,336.50730242310107,False,2945,300,log,2945,0,0,0,-518.39705,6531.06331,6534.41092,-229.36148,-208.80206
158,0,3,2,1,3,0,12104.763660732666,5.08373799097717,336.4259331875611,False,2945,300,log,2945,0,0,0,-520.27906,6530.47209,6532.5899,-229.35733,-208.66194
159,0,3,2,1,3,0,12096.53642547015,5.739919195266339,336.5596386807802,False,2945,300,log,2945,0,0,0,-525.49031,6529.55486,6532.04117,-230.2496,-209.3197
160,0,4,2,1,0,0,12026.325790983798,4.250406387298426,331.7137300830531,False,2945,300,log,2945,0,0,0,-545.58605,6449.08986,6451.75305,-148.65655,-180.27451
161,0,4,2,1,0,0,12024.823418735195,4.414215640235852,331.74995738253017,False,2945,300,log,2942,3,0,0,-547.34073,6449.11235,6451.62533,-148.31161,-180.26192
162,0,4,2,1,0,0,12018.927664986899,4.522429664219089,331.6881707217121,False,2945,300,log,2945,0,0,0,-550.48093,6447.60824,6450.31828,-146.6479,-181.87002
163,0,4,2,1,0,0,12023.59936816294,4.933481908672547,331.5469736987131,False,2945,300,log,2945,0,0,0,-544.94756,6447.14196,6449.82407,-145.91568,-182.50343
164,0,4,2,1,0,0,12026.906441500094,4.378512861187119,331.7261413740975,False,2945,300,log,2945,0,0,0,-547.15303,6449.16838,6451.8462,-147.21853,-179.73658
165,0,4,2,1,0,0,12025.72839721955,4.682735501484785,331.67235725933904,False,2945,300,log,2945,0,0,0,-547.73344,6448.50952,6451.38714,-145.63413,-180.8007
166,0,4,2,1,0,0,12025.125293082567,4.795645557522221,331.6306600890785,False,2945,300,log,2945,0,0,0,-546.33476,6448.16659,6450.55773,-146.44826,-180.81601
167,0,4,2,1,0,0,12019.376852816247,4.7331118157017045,331.6197392397217,False,2945,300,log,2945,0,0,0,-547.91597,6446.81391,6449.55151,-147.06004,-182.01256
168,0,4,2,1,0,0,12025.016535160474,4.389105145120993,331.7065167459144,False,2945,300,log,2945,0,0,0,-545.73291,6448.57089,6451.63172,-147.60462,-181.84854
169,0,4,2,1,0,0,12027.359300632412,4.572721663595075,331.72937693592206,False,2945,300,log,2944,1,0,0,-545.50606,6449.19729,6451.79795,-147.80013,-180.32975
170,0,4,2,1,1,0,12115.913280158118,5.346251305312762,335.89306286065477,False,2945,300,log,2945,0,0,0,-506.30508,6527.49818,6529.05884,-214.23929,-220.09937
171,0,4,2,1,1,0,12134.842155022463,5.548094456296894,336.0716957679821,False,2945,300,log,2945,0,0,0,-500.54382,6533.97504,6535.83094,-214.565,-219.855
172,0,4,2,1,1,0,12136.310247839694,5.093502752733912,335.8342910912263,False,2945,300,log,2945,0,0,0,-497.32797,6533.09703,6535.2347,-213.91994,-220.77358
173,0,4,2,1,1,0,12120.235771651724,4.595635574185508,336.01731429397665,False,2945,300,log,2945,0,0,0,-506.50381,6529.45425,6531.19598,-213.96076,-219.94988
174,0,4,2,1,1,0,12133.336854943944,4.620493616457679,335.97861742475885,False,2945,300,log,2945,0,0,0,-500.69687,6533.19085,6535.46653,-214.72188,-219.90178
175,0,4,2,1,1,0,12117.174067456992,5.232121257118706,335.90231536927854,False,2945,300,log,2945,0,0,0,-506.82508,6527.98235,6530.27443,-214.12691,-220.13072
176,0,4,2,1,1,0,12138.030820655562,4.969770818375764,335.97992616055376,False,2945,300,log,2945,0,0,0,-498.35975,6534.09929,6536.45843,-214.13576,-220.0314
177,0,4,2,1,1,0,12131.35535466542,5.852135624683797,335.7577528486206,False,2945,300,log,2945,0,0,0,-498.51822,6530.85993,6534.01161,-214.11228,-220.88568
178,0,4,2,1,1,0,12136.844738804672,5.773410238240103,336.03810247767154,False,2945,300,log,2945,0,0,0,-498.20212,6533.40758,6535.56796,-214.15288,-219.77581
179,0,4,2,1,1,0,12125.473316450358,4.771130223811269,336.06607058773915,False,2945,300,log,2945,0,0,0,-504.56754,6531.11989,6532.79309,-213.96813,-219.90399
180,0,4,2,1,2,0,12001.165813370602,5.193772186923525,332.0459950090796,False,2945,300,log,2945,0,0,0,-550.89006,6448.50712,6449.18824,-200.25519,-145.38429
181,0,4,2,1,2,0,12004.161489922102,5.216438137111254,332.0063331835874,False,2945,300,log,2945,0,0,0,-547.97103,6448.49617,6450.71846,-200.61805,-146.46405
182,0,4,2,1,2,0,12008.387057829112,5.330251678777131,331.9736905971959,False,2945,300,log,2945,0,0,0,-545.47164,6448.63662,6451.17424,-199.52474,-146.42743
183,0,4,2,1,2,0,12002.20652686375,4.211228297210255,332.1379306763206,False,2945,300,log,2945,0,0,0,-545.88943,6448.85995,6450.94839,-202.67534,-149.03704
184,0,4,2,1,2,0,12005.826421055888,4.101173763618135,332.13713563822813,False,2945,300,log,2945,0,0,0,-545.70424,6449.45307,6451.76392,-201.06116,-148.62516
185,0,4,2,1,2,0,12009.947706463858,4.767831463672337,332.1753391955495,False,2945,300,log,2945,0,0,0,-546.98608,6450.85089,6453.01303,-199.64831,-147.28183
186,0,4,2,1,2,0,12005.755820460978,4.590453555312706,332.2462305018464,False,2945,300,log,2945,0,0,0,-548.83598,6450.30258,6452.85355,-200.54309,-148.02124
187,0,4,2,1,2,0,12009.243797937968,4.083631673785931,332.1603401280144,False,2945,300,log,2945,0,0,0,-546.22381,6450.51144,6452.72204,-199.67862,-148.08725
188,0,4,2,1,2,0,12004.230984275375,4.28752928718859,332.1046719080815,False,2945,300,log,2945,0,0,0,-545.41846,6447.42695,6452.66526,-201.70022,-148.74255
189,0,4,2,1,2,0,12005.230729803672,4.923760612895421,332.13538265703454,False,2945,300,log,2945,0,0,0,-547.75472,6448.98942,6451.52402,-199.98164,-147.54635
190,0,4,2,1,3,0,12117.924079329217,6.986892749451727,336.438005849588,False,2945,300,log,2945,0,0,0,-511.57027,6532.396,6534.99029,-229.19734,-208.69459
191,0,4,2,1,3,0,12087.839599544066,5.66156748913636,336.2609123785581,False,2945,300,log,2945,0,0,0,-524.9484,6524.53441,6527.32776,-229.72769,-209.34648
192,0,4,2,1,3,0,12103.378725972267,4.984699299622662,336.45357297706454,False,2945,300,log,2945,0,0,0,-520.76256,6530.12141,6532.54251,-229.63414,-208.8885
193,0,4,2,1,3,0,12098.483361522933,5.5073945217500295,336.4689813819385,False,2945,300,log,2945,0,0,0,-522.23948,6529.19617,6532.03281,-231.3499,-209.15623
194,0,4,2,1,3,0,12103.093019887518,5.927665565159259,336.4122214627711,False,2945,300,log,2945,0,0,0,-521.03043,6529.71928,6532.13271,-229.13041,-208.59813
195,0,4,2,1,3,0,12104.797532138567,5.115857711625722,336.4640791766716,False,2945,300,log,2945,0,0,0,-520.61644,6530.34261,6533.32461,-229.37843,-208.87481
196,0,4,2,1,3,0,12111.19133526026,4.909606379882462,336.43774000711403,False,2945,300,log,2945,0,0,0,-516.70905,6532.10074,6534.50724,-229.54857,-209.15902
197,0,4,2,1,3,0,12103.654675774898,5.239168548338057,336.5985054127275,False,2945,300,log,2945,0,0,0,-520.92579,6530.9945,6533.2985,-229.7494,-209.96313
198,0,4,2,1,3,0,12103.773902838033,5.798735603306341,336.45924471996904,False,2945,300,log,2945,0,0,0,-520.67221,6529.7795,6532.74374,-229.24764,-208.82949
199,0,4,2,1,3,0,12101.964974413324,5.006014425429385,336.5273926453642,False,2945,300,log,2945,0,0,0,-521.92522,6530.52478,6532.68777,-230.27484,-209.04751
200,0,5,2,1,0,0,12032.115022058657,4.722675449807866,331.64902286885643,False,2945,300,log,2945,0,0,0,-543.44581,6449.3356,6452.00594,-144.96569,-180.81502
201,0,5,2,1,0,0,12025.68322615422,4.69117115590052,331.6274538791876,False,2945,300,log,2945,0,0,0,-546.20421,6448.172,6450.63966,-145.63048,-181.29375
202,0,5,2,1,0,0,12022.396321861426,5.014152499417833,331.6855857261045,False,2945,300,log,2944,1,0,0,-546.76613,6447.90774,6450.67788,-148.36283,-181.06035
203,0,5,2,1,0,0,12027.43583533497,4.234429810723668,331.6510546074632,False,2945,300,log,2945,0,0,0,-544.69759,6448.9781,6451.59714,-148.25991,-180.1819
204,0,5,2,1,0,0,12025.813009731783,3.7731361988462595,331.67700989750966,False,2945,300,log,2945,0,0,0,-546.24075,6448.7245,6451.5104,-148.01289,-180.16826
205,0,5,2,1,0,0,12024.119229409971,4.123262701328713,331.71484106913994,False,2945,300,log,2945,0,0,0,-547.34473,6448.79914,6451.1671,-148.31734,-180.18494
206,0,5,2,1,0,0,12022.46001713245,4.041108209697995,331.75789164905393,False,2945,300,log,2945,0,0,0,-549.25261,6448.88905,6451.24888,-148.48967,-179.93564
207,0,5,2,1,0,0,12028.498750847242,4.547477980233452,331.6119567542228,False,2945,300,log,2945,0,0,0,-544.32068,6448.40398,6450.87658,-145.34053,-181.1206
208,0,5,2,1,0,0,12026.7425151699,4.420499839647164,331.58857948957984,False,2945,300,log,2945,0,0,0,-543.90253,6448.03553,6450.63177,-148.2301,-179.79215
209,0,5,2,1,0,0,12023.07128118165,4.071243791977395,331.6825798494349,False,2945,300,log,2945,0,0,0,-547.59762,6448.11312,6450.94851,-147.80041,-180.59232
210,0,5,2,1,1,0,12137.600021519516,4.791696631902596,336.0555264608735,False,2945,300,log,2945,0,0,0,-499.80107,6535.4617,6535.95996,-214.08865,-219.93191
211,0,5,2,1,1,0,12150.09933664831,4.965548003527147,335.94584566670784,False,2945,300,log,2945,0,0,0,-487.64345,6535.91725,6537.42509,-215.34096,-220.25859
212,0,5,2,1,1,0,12149.165927356327,6.569313958283601,335.95946868839593,False,2945,300,log,2945,0,0,0,-491.32421,6535.0183,6538.76743,-213.2741,-220.0215
213,0,5,2,1,1,0,12137.67359229806,5.541685390266139,335.9236462920792,False,2945,300,log,2945,0,0,0,-497.2514,6533.50439,6535.79751,-214.18713,-220.18978
214,0,5,2,1,1,0,12132.894278425283,5.18579086056161,335.7474497418081,False,2945,300,log,2945,0,0,0,-496.67775,6531.47167,6534.09025,-214.86092,-221.12897
215,0,5,2,1,1,0,12135.043273807956,5.606527940717569,335.9227865689388,False,2945,300,log,2945,0,0,0,-498.88149,6532.70201,6536.06123,-214.36133,-220.47715
216,0,5,2,1,1,0,12123.800199002446,4.972400996735814,336.0716068125394,False,2945,300,log,2945,0,0,0,-506.16155,6531.19517,6532.91887,-214.33035,-219.82193
217,0,5,2,1,1,0,12132.015040818806,5.002538732434914,335.9873642028591,False,2945,300,log,2945,0,0,0,-500.69351,6532.84736,6534.85025,-215.22266,-219.7664
218,0,5,2,1,1,0,12135.318939611512,5.05182153514761,335.98665199117295,False,2945,300,log,2945,0,0,0,-500.65635,6534.16738,6536.15687,-214.25329,-220.09567
219,0,5,2,1,1,0,12135.620165086368,4.950787578474774,336.0546791722369,False,2945,300,log,2945,0,0,0,-499.90481,6533.88379,6535.8976,-214.50042,-219.75599
220,0,5,2,1,2,0,12005.950410739493,4.625905321750906,332.00640729712933,False,2945,300,log,2945,0,0,0,-545.11576,6448.35266,6450.76861,-202.77392,-145.28117
221,0,5,2,1,2,0,12008.222910302924,4.665054581892036,332.1022067304902,False,2945,300,log,2945,0,0,0,-546.05329,6449.79095,6452.48375,-200.42753,-147.57097
222,0,5,2,1,2,0,12003.654242956422,4.137880406244221,332.0846129205205,False,2945,300,log,2945,0,0,0,-547.17294,6448.40767,6451.38612,-200.60858,-148.35802
223,0,5,2,1,2,0,11972.348655705762,4.275449371019931,331.98534404562366,False,2945,300,log,2945,0,0,0,-549.93763,6440.05444,6446.04453,-206.15971,-157.65297
224,0,5,2,1,2,0,12004.025555395812,4.015500329303904,332.14306214637776,False,2945,300,log,2945,0,0,0,-547.29323,6449.07048,6451.67433,-201.3631,-148.06293
225,0,5,2,1,2,0,12003.58016201377,4.228174065125131,332.05809104747556,False,2945,300,log,2945,0,0,0,-545.2485,6448.41028,6450.97556,-200.41868,-150.1385
226,0,5,2,1,2,0,12001.485698330976,3.9594049923216517,332.0614815662855,False,2945,300,log,2945,0,0,0,-548.26203,6448.09656,6450.91952,-200.8589,-148.40946
227,0,5,2,1,2,0,12000.831070449389,4.15319406294293,332.17734589162296,False,2945,300,log,2945,0,0,0,-549.10699,6448.78438,6451.45452,-200.69724,-149.6036
228,0,5,2,1,2,0,12000.273120203066,4.495377637376805,332.1171789431718,False,2945,300,log,2945,0,0,0,-547.74752,6448.22099,6450.80423,-199.59117,-151.41341
229,0,5,2,1,2,0,12000.203625069382,4.20320878307939,332.0870163159345,False,2945,300,log,2945,0,0,0,-547.02448,6447.60218,6450.78752,-201.82642,-149.33518
230,0,5,2,1,3,0,12102.689132431737,4.8672519450974505,336.52717101061324,False,2945,300,log,2945,0,0,0,-522.00481,6530.63394,6533.04756,-229.80153,-209.18601
231,0,5,2,1,3,0,12099.814688179216,5.97764358337372,336.2513206762781,False,2945,300,log,2945,0,0,0,-520.66425,6527.53603,6530.54583,-228.9669,-208.63603
232,0,5,2,1,3,0,12086.261410410736,5.19370853242981,336.06527123112426,False,2945,300,log,2945,0,0,0,-524.23751,6523.49197,6525.79714,-229.5938,-209.1964
233,0,5,2,1,3,0,12100.147767110235,4.530642939340396,336.53205264360264,False,2945,300,log,2945,0,0,0,-523.54681,6530.2976,6532.68673,-230.31553,-208.97422
234,0,5,2,1,3,0,12095.54959910698,4.740496737802459,336.4004743156288,False,2945,300,log,2945,0,0,0,-524.33104,6528.71407,6530.49938,-230.54819,-208.78461
235,0,5,2,1,3,0,12086.948565626863,4.723735291299818,336.16267155208925,False,2945,300,log,2945,0,0,0,-524.37434,6524.03571,6525.55468,-229.52882,-208.73867
236,0,5,2,1,3,0,12102.983423059359,4.439695031745941,336.31741102642934,False,2945,300,log,2945,0,0,0,-520.16894,6529.04748,6531.5975,-229.06529,-208.42733
237,0,5,2,1,3,0,12101.76343242855,5.215413753354369,336.2930968802848,False,2945,300,log,2945,0,0,0,-520.5636,6529.02375,6530.59356,-228.82251,-208.46776
238,0,5,2,1,3,0,12113.541738405991,4.918311115376127,336.4783675646092,False,2945,300,log,2945,0,0,0,-516.12466,6532.17914,6534.66889,-228.65588,-208.52575
239,0,5,2,1,3,0,12100.496704678892,6.1518051284583635,336.4870370553434,False,2945,300,log,2945,0,0,0,-522.41527,6529.762,6531.79266,-229.48969,-209.15299
240,0,6,2,1,0,0,12029.574950492348,5.115622235431147,331.6530280792355,False,2945,300,log,2945,0,0,0,-543.7511,6449.5906,6451.32113,-146.35538,-181.23029
241,0,6,2,1,0,0,12026.198592473642,5.266931699188717,331.69113088728307,False,2945,300,log,2944,1,0,0,-544.00935,6447.92229,6450.88698,-146.94475,-181.65658
242,0,6,2,1,0,0,12028.213246360734,4.614467151557619,331.63181567372084,False,2945,300,log,2945,0,0,0,-543.81368,6448.27247,6451.14363,-147.33772,-180.05146
243,0,6,2,1,0,0,12025.856485225404,5.05414719298642,331.6432168778201,False,2945,300,log,2945,0,0,0,-545.47634,6448.51583,6451.22992,-148.18338,-180.22954
244,0,6,2,1,0,0,12027.274613859172,4.732251829573215,331.64657543597167,False,2945,300,log,2945,0,0,0,-545.17525,6448.60842,6450.98979,-145.86454,-181.2838
245,0,6,2,1,0,0,12026.845948316684,4.842475512985402,331.66465473814543,False,2945,300,log,2945,0,0,0,-545.6268,6448.70115,6451.01035,-146.4018,-180.83695
246,0,6,2,1,0,0,12025.847283579174,4.6323064380958385,331.74986263769085,False,2945,300,log,2945,0,0,0,-546.76885,6449.26153,6451.72185,-147.65336,-180.71389
247,0,6,2,1,0,0,12025.977284387869,3.9588341749604297,331.7437503930394,False,2945,300,log,2945,0,0,0,-547.40968,6449.08825,6451.42892,-147.56417,-179.56604
248,0,6,2,1,0,0,12027.857948292849,4.5606319600137795,331.6355234959314,False,2945,300,log,2945,0,0,0,-545.58842,6448.69149,6450.90927,-146.10271,-180.05168
249,0,6,2,1,0,0,12030.345661286327,4.865182636904137,331.6576817587196,False,2945,300,log,2945,0,0,0,-544.20416,6449.24129,6451.79766,-145.47173,-181.01741
250,0,6,2,1,1,0,12139.214846439434,6.423930440822005,336.04697881032564,False,2945,300,log,2944,1,0,0,-499.23548,6535.62004,6538.00864,-214.97775,-220.20059
251,0,6,2,1,1,0,12135.39286049129,6.359623197022302,336.09467263056524,False,2945,300,log,2945,0,0,0,-501.66446,6534.58303,6536.83856,-213.90795,-220.45632
252,0,6,2,1,1,0,12145.429494353404,5.3420555064112705,336.0041899077379,False,2945,300,log,2944,1,0,0,-494.6892,6536.237,6537.86588,-213.83345,-220.15073
253,0,6,2,1,1,0,12140.071126269268,4.963536106197353,336.01983338563247,False,2945,300,log,2945,0,0,0,-497.12247,6535.02194,6536.30601,-214.14753,-219.98683
254,0,6,2,1,1,0,12137.188503389443,5.687392231779086,336.03137779753746,False,2945,300,log,2945,0,0,0,-499.54418,6534.33172,6536.75924,-214.09374,-220.26453
255,0,6,2,1,1,0,12144.593717234588,5.407574691898844,336.0280657013341,False,2945,300,log,2945,0,0,0,-492.76434,6535.71241,6537.38768,-215.10204,-220.63999
256,0,6,2,1,1,0,12146.829244152606,5.78350496616622,335.93766109368386,False,2945,300,log,2945,0,0,0,-492.08102,6535.44734,6537.54267,-214.25373,-219.82601
257,0,6,2,1,1,0,12137.784485693706,5.246470628540919,336.0065037762616,False,2945,300,log,2945,0,0,0,-498.84928,6534.29589,6536.5819,-214.23264,-220.01139
258,0,6,2,1,1,0,12147.745450761942,5.4514703993718285,335.93172735661125,False,2945,300,log,2945,0,0,0,-491.06822,6535.4497,6537.87949,-214.42607,-220.08945
259,0,6,2,1,1,0,12135.285297179824,6.097601571233099,335.97568419721097,False,2945,300,log,2945,0,0,0,-499.28951,6533.35205,6535.78571,-214.20121,-220.36175
260,0,6,2,1,2,0,12008.573929128557,5.086383695948825,332.1016278000309,False,2945,300,log,2945,0,0,0,-547.82385,6449.82102,6451.91721,-200.18552,-145.15493
261,0,6,2,1,2,0,12007.098258793529,4.791980346526543,332.1443121086883,False,2945,300,log,2945,0,0,0,-547.61142,6449.81983,6452.10133,-199.94677,-147.26471
262,0,6,2,1,2,0,12009.801465769444,4.752649552330695,332.13018900760244,False,2945,300,log,2944,1,0,0,-546.92757,6449.98282,6452.33806,-199.88532,-145.70653
263,0,6,2,1,2,0,12007.545109337545,5.162378310200438,332.1657315360745,False,2945,300,log,2945,0,0,0,-547.73134,6449.85185,6452.3555,-200.15248,-146.77843
264,0,6,2,1,2,0,12005.593826165565,4.787177397898631,332.127150719252,False,2945,300,log,2945,0,0,0,-547.43132,6449.29336,6451.83747,-200.31691,-147.78878
265,0,6,2,1,2,0,12002.83365312514,4.878995488721557,332.15415799707137,False,2945,300,log,2945,0,0,0,-548.60101,6449.52493,6451.09645,-200.76623,-148.42048
266,0,6,2,1,2,0,12003.437494484237,4.675637959429878,332.07608386470343,False,2945,300,log,2945,0,0,0,-546.80828,6447.96651,6451.57971,-200.24385,-149.0566
267,0,6,2,1,2,0,11999.641710076718,5.175768154842444,331.99915909554596,False,2945,300,log,2945,0,0,0,-548.62308,6447.56496,6449.98007,-201.95696,-147.32328
268,0,6,2,1,2,0,12008.439542363354,5.251649914334848,332.1111743048959,False,2945,300,log,2945,0,0,0,-547.08158,6449.80133,6452.06747,-200.75031,-145.59737
269,0,6,2,1,2,0,12003.45633156582,4.255448741647342,332.0499625244407,False,2945,300,log,2945,0,0,0,-546.15836,6448.18865,6450.92381,-199.91069,-149.58708
270,0,6,2,1,3,0,12106.785274061669,5.7381720960092935,336.5340274699292,False,2945,300,log,2945,0,0,0,-519.81685,6531.31792,6533.7913,-229.32327,-209.18383
271,0,6,2,1,3,0,12111.49637855871,4.932017020264539,336.41411052338304,False,2945,300,log,2945,0,0,0,-516.39351,6531.22991,6534.537,-228.98874,-208.88828
272,0,6,2,1,3,0,12104.961953096812,5.987328762383186,336.48130262002786,False,2945,300,log,2945,0,0,0,-520.23718,6530.31592,6533.16085,-229.3945,-208.88315
273,0,6,2,1,3,0,12103.418509887168,5.387291840364924,336.5412019327616,False,2945,300,log,2945,0,0,0,-522.10246,6530.83341,6533.25148,-229.57581,-208.9881
274,0,6,2,1,3,0,12102.529631140353,5.806219250442155,336.47865618819435,False,2945,300,log,2945,0,0,0,-521.26582,6530.09185,6532.55106,-229.87683,-208.97062
275,0,6,2,1,3,0,12105.74478841354,5.241858265384508,336.3846721370887,False,2945,300,log,2945,0,0,0,-519.32468,6530.04337,6532.0629,-228.508,-208.5288
276,0,6,2,1,3,0,12104.946064349802,5.317721217466897,336.4497140588897,False,2945,300,log,2945,0,0,0,-520.74844,6530.5976,6533.18515,-229.46386,-208.62439
277,0,6,2,1,3,0,12103.96012335637,4.930328161382931,336.51983312737076,False,2945,300,log,2945,0,0,0,-521.5507,6530.80202,6533.15986,-229.60332,-208.84774
278,0,6,2,1,3,0,12109.083370476657,5.364801268440715,336.4894912694866,False,2945,300,log,2944,1,0,0,-518.31096,6531.07633,6533.86196,-228.93171,-208.61225
279,0,6,2,1,3,0,12100.00840320985,4.739779582305346,336.4985067719627,False,2945,300,log,2945,0,0,0,-522.17519,6529.71696,6531.89469,-230.30404,-209.12401
280,0,7,2,1,0,0,12026.325590881985,4.373897004519677,331.6590053154599,False,2945,300,log,2945,0,0,0,-545.00891,6448.66712,6451.053,-147.46568,-180.91993
281,0,7,2,1,0,0,12026.550682871555,5.105650279811016,331.67583688973275,False,2945,300,log,2945,0,0,0,-545.84262,6448.61236,6451.35979,-146.25224,-181.3266
282,0,7,2,1,0,0,12028.768257364633,5.069288634356781,331.59940157704574,False,2945,300,log,2945,0,0,0,-542.94708,6448.32602,6450.65662,-145.62649,-181.64081
283,0,7,2,1,0,0,12026.90905682398,4.240504677898571,331.66560683328737,False,2945,300,log,2945,0,0,0,-543.85239,6448.36709,6451.25763,-147.65806,-181.20521
284,0,7,2,1,0,0,12024.670109123306,4.842884132409381,331.6053406780105,False,2945,300,log,2945,0,0,0,-546.0252,6447.37297,6450.10567,-145.17295,-181.61038
285,0,7,2,1,0,0,12028.06390535423,5.449650093150922,331.6607172213743,False,2945,300,log,2945,0,0,0,-545.10599,6448.6333,6451.44018,-146.08793,-180.81565
286,0,7,2,1,0,0,12030.77204276087,4.196600262079301,331.6143949085711,False,2945,300,log,2945,0,0,0,-541.92451,6448.84302,6451.52045,-146.69475,-180.97217
287,0,7,2,1,0,0,12026.286196140201,3.8690107602087664,331.70213710010364,False,2945,300,log,2944,1,0,0,-545.72064,6448.87896,6451.40023,-147.61317,-180.65918
288,0,7,2,1,0,0,12028.208218292066,4.153360537804474,331.6748244101015,False,2945,300,log,2945,0,0,0,-543.65726,6449.08167,6451.23447,-147.73025,-180.72042
289,0,7,2,1,0,0,11995.945288374094,3.9862864085207548,331.9342073883759,False,2945,300,log,2945,0,0,0,-549.52116,6446.55536,6449.77119,-166.10926,-184.75084
290,0,7,2,1,1,0,12137.429756032441,5.720364919385247,336.01160191354626,False,2945,300,log,2945,0,0,0,-498.6078,6534.33898,6536.23829,-214.33434,-220.20538
291,0,7,2,1,1,0,12151.139161087347,5.848641364789728,335.8956534555347,False,2945,300,log,2945,0,0,0,-487.96637,6535.57095,6537.96721,-214.61431,-219.81831
292,0,7,2,1,1,0,12136.50735106512,5.400842500657745,336.0572924232561,False,2945,300,log,2945,0,0,0,-499.41836,6534.15372,6536.07497,-214.36321,-219.93977
293,0,7,2,1,1,0,12131.329740305251,5.046170281622835,336.12968387944915,False,2945,300,log,2945,0,0,0,-503.94736,6533.66705,6535.69704,-214.36564,-219.72135
294,0,7,2,1,1,0,12135.407022198082,5.065460664440252,335.9596570683669,False,2945,300,log,2945,0,0,0,-499.65889,6533.77134,6535.91101,-214.53364,-220.08279
295,0,7,2,1,1,0,12134.831361789478,5.393471735662388,336.0598809262295,False,2945,300,log,2945,0,0,0,-500.39692,6533.80539,6535.7585,-214.39102,-219.94458
296,0,7,2,1,1,0,12133.177332210114,5.352186320073088,335.8820497562935,False,2945,300,log,2944,1,0,0,-498.48433,6531.4902,6535.65108,-214.69311,-220.78651
297,0,7,2,1,1,0,12129.957658063684,6.024157378122254,336.10932371280023,False,2945,300,log,2945,0,0,0,-503.00171,6532.82743,6534.96349,-214.72946,-220.1021
298,0,7,2,1,1,0,12122.15809915469,4.830162603280769,335.88999443713084,False,2945,300,log,2945,0,0,0,-503.48501,6529.23929,6530.81712,-214.09517,-220.31813
299,0,7,2,1,1,0,12114.577723193262,4.805042054969817,335.8209814323727,False,2945,300,log,2945,0,0,0,-507.1075,6526.89781,6529.08076,-214.1114,-220.18194
300,0,7,2,1,2,0,11998.800151204337,4.640128074795939,332.2401574058751,False,2945,300,log,2945,0,0,0,-550.10863,6449.60203,6451.40471,-199.99734,-152.10061
301,0,7,2,1,2,0,12006.690006630006,4.117588515735406,332.11805733111674,False,2945,300,log,2944,1,0,0,-546.77213,6449.73783,6451.99384,-200.38615,-147.88338
302,0,7,2,1,2,0,12001.414109913412,4.840051206525459,332.22008503268876,False,2945,300,log,2945,0,0,0,-549.64291,6448.99799,6451.7416,-200.51544,-149.16713
303,0,7,2,1,2,0,12002.254983016657,5.266115835089295,332.0488700881086,False,2945,300,log,2945,0,0,0,-546.89291,6448.67182,6450.57143,-201.4869,-148.60847
304,0,7,2,1,2,0,12001.234404273295,4.704026834280739,332.20116511920617,False,2945,300,log,2945,0,0,0,-549.27595,6448.81796,6451.31566,-199.82768,-149.79559
305,0,7,2,1,2,0,12007.824961469169,4.453772602830213,332.1128780623043,False,2945,300,log,2944,1,0,0,-545.75389,6449.55983,6451.851,-200.10395,-147.72802
306,0,7,2,1,2,0,12004.969561318198,4.402670692419633,332.1543004460102,False,2945,300,log,2945,0,0,0,-547.82096,6449.46172,6451.9684,-200.08122,-148.55838
307,0,7,2,1,2,0,11993.224022581919,4.28202216939826,332.1472209868082,False,2945,300,log,2945,0,0,0,-549.94805,6447.74739,6449.49091,-204.23967,-149.82656
308,0,7,2,1,2,0,12000.31902476762,4.3899294029197335,332.0528123974523,False,2945,300,log,2945,0,0,0,-546.90671,6447.64655,6450.2883,-200.85409,-149.85503
309,0,7,2,1,2,0,12002.437596584217,4.081806124801005,332.11141314794145,False,2945,300,log,2945,0,0,0,-549.04297,6448.88852,6451.40607,-200.65824,-148.15579
310,0,7,2,1,3,0,12103.488664801982,5.378965216841607,336.37648937219717,False,2945,300,log,2945,0,0,0,-520.86285,6529.65718,6532.30334,-229.0824,-208.5266
311,0,7,2,1,3,0,12105.67905610193,5.471418397915841,336.51774831691307,False,2945,300,log,2945,0,0,0,-520.80363,6531.05213,6533.34671,-229.15361,-208.76254
312,0,7,2,1,3,0,12100.858241160455,5.407571291498243,336.2367069374645,False,2945,300,log,2945,0,0,0,-520.14265,6528.83139,6530.16133,-229.03633,-208.95551
313,0,7,2,1,3,0,12104.101696301686,5.631209269822648,336.415473235344,False,2945,300,log,2945,0,0,0,-520.10901,6529.93599,6532.03442,-229.16132,-208.59838
314,0,7,2,1,3,0,12102.498016689726,4.562334680356798,336.4035677791084,False,2945,300,log,2945,0,0,0,-520.85768,6529.72776,6532.13685,-229.73346,-208.77546
315,0,7,2,1,3,0,12105.058084131337,5.267110601431341,336.47591125361856,False,2945,300,log,2945,0,0,0,-520.45651,6530.98932,6532.84698,-229.52074,-208.80096
316,0,7,2,1,3,0,12121.945164433964,6.2622609832797025,336.31224602824324,False,2945,300,log,2945,0,0,0,-506.93013,6532.77332,6535.02646,-229.00149,-209.92299
317,0,7,2,1,3,0,12106.803836983723,5.918648719547491,336.32414793847886,False,2945,300,log,2945,0,0,0,-517.93411,6531.06195,6533.97441,-230.65781,-209.6406
318,0,7,2,1,3,0,12115.711953723834,6.387489343380366,336.4113354705313,False,2945,300,log,2945,0,0,0,-513.07429,6532.93397,6534.51449,-229.76532,-208.89689
319,0,7,2,1,3,0,12104.190393411896,5.536486022074314,336.37008550856785,False,2945,300,log,2945,0,0,0,-519.91838,6529.73468,6532.15796,-229.18601,-208.59785
320,0,8,2,1,0,0,12030.424938289012,4.897934371074371,331.6809415648173,False,2945,300,log,2945,0,0,0,-545.01318,6450.22728,6451.50928,-145.69451,-180.60393
321,0,8,2,1,0,0,12028.239580465637,5.115356985415929,331.5651603086684,False,2945,300,log,2945,0,0,0,-542.81594,6447.70478,6450.56428,-145.74923,-181.46431
322,0,8,2,1,0,0,12024.988734959741,5.034165973349445,331.7025094876416,False,2945,300,log,2944,1,0,0,-545.78763,6448.691,6451.18888,-148.65678,-180.44673
323,0,8,2,1,0,0,12025.49474196565,4.038290458331176,331.67299471555805,False,2945,300,log,2944,1,0,0,-545.5503,6448.6181,6450.82397,-147.70404,-180.69299
324,0,8,2,1,0,0,12025.20070714923,3.740960601840925,331.6449177283681,False,2945,300,log,2945,0,0,0,-544.89554,6448.19605,6450.82068,-147.56707,-181.35342
325,0,8,2,1,0,0,12024.30333538893,3.943017995361515,331.6557258882454,False,2945,300,log,2944,1,0,0,-546.33744,6447.99468,6450.7728,-147.87733,-180.24938
326,0,8,2,1,0,0,12026.55009756057,3.904140205222575,331.6925552402736,False,2945,300,log,2945,0,0,0,-545.63832,6449.13352,6451.23178,-147.31572,-180.86116
327,0,8,2,1,0,0,12024.000349040569,4.918575104995398,331.6069859881491,False,2945,300,log,2945,0,0,0,-544.48195,6447.83985,6450.31656,-147.84548,-181.82862
328,0,8,2,1,0,0,12026.987191313128,4.611220786602644,331.6578986487083,False,2945,300,log,2945,0,0,0,-545.61723,6448.70779,6451.3516,-146.63764,-180.81731
329,0,8,2,1,0,0,12029.417643471079,4.560011343364749,331.64876151267606,False,2945,300,log,2945,0,0,0,-543.88923,6448.85632,6451.52725,-146.19758,-180.87911
330,0,8,2,1,1,0,12156.578200076681,6.198395850880843,335.8823630006307,False,2945,300,log,2945,0,0,0,-484.40417,6536.09048,6538.27211,-213.15163,-220.2286
331,0,8,2,1,1,0,12173.47493128127,6.7056719315150985,335.76045914689314,False,2945,300,log,2945,0,0,0,-475.99231,6539.22751,6541.69199,-211.48222,-219.97005
332,0,8,2,1,1,0,12142.028466746044,5.3927917948713,336.0622881713151,False,2945,300,log,2945,0,0,0,-499.12704,6535.41452,6537.92973,-212.11273,-220.07602
333,0,8,2,1,1,0,12139.410273913656,5.905372225726751,335.8926832306836,False,2945,300,log,2945,0,0,0,-497.13282,6533.9412,6536.30699,-213.05736,-220.64773
334,0,8,2,1,1,0,12136.450853614844,5.764227400233722,335.9600218102988,False,2945,300,log,2945,0,0,0,-498.69705,6533.24215,6536.04536,-213.86821,-220.2714
335,0,8,2,1,1,0,12136.671669272107,5.748645775009209,336.0649379610557,False,2945,300,log,2945,0,0,0,-500.56517,6534.44305,6536.95588,-213.93359,-220.2285
336,0,8,2,1,1,0,12140.872646313042,5.801066443857053,336.01861512147656,False,2945,300,log,2945,0,0,0,-495.20117,6534.39727,6536.27857,-214.25909,-220.34294
337,0,8,2,1,1,0,12154.725631058614,5.590039302074729,335.9191375071711,False,2945,300,log,2945,0,0,0,-487.64132,6537.12421,6539.33309,-213.9684,-220.12196
338,0,8,2,1,1,0,12137.718688588107,6.125711726579539,335.88672558062234,False,2945,300,log,2945,0,0,0,-497.35975,6534.49942,6535.6762,-214.11824,-220.97894
339,0,8,2,1,1,0,12137.43054045623,6.055661836537183,335.9646293846522,False,2945,300,log,2945,0,0,0,-499.06184,6534.33161,6536.29779,-213.97459,-220.16243
340,0,8,2,1,2,0,12009.890181745388,6.662015371754023,332.1572859225085,False,2945,300,log,2945,0,0,0,-547.78546,6449.77859,6452.51941,-199.07328,-145.54908
341,0,8,2,1,2,0,12006.460909552032,5.786491251337793,332.0283855962383,False,2945,300,log,2945,0,0,0,-546.94329,6448.69544,6450.88479,-200.40126,-145.77476
342,0,8,2,1,2,0,12003.348399767254,4.4423831871481525,332.1776362404497,False,2945,300,log,2945,0,0,0,-550.69303,6449.59161,6451.64821,-200.14201,-147.05638
343,0,8,2,1,2,0,12004.103766595945,4.126129154290538,332.1144965017842,False,2945,300,log,2945,0,0,0,-546.39217,6448.55458,6451.47987,-201.7271,-147.8114
344,0,8,2,1,2,0,12001.541746413839,4.484432468450905,332.10125434086643,False,2945,300,log,2945,0,0,0,-548.2962,6448.68149,6451.07821,-200.05659,-149.86516
345,0,8,2,1,2,0,12003.987073614739,4.758874056331479,332.14051633079424,False,2945,300,log,2945,0,0,0,-547.57288,6448.98818,6451.2655,-200.73779,-147.95594
346,0,8,2,1,2,0,12002.251220697457,4.585381342658366,332.0029501419358,False,2945,300,log,2944,1,0,0,-546.96642,6447.84443,6450.36523,-201.67953,-147.31247
347,0,8,2,1,2,0,12009.284177817222,4.769827601350698,332.11702834503694,False,2945,300,log,2945,0,0,0,-545.27257,6450.08356,6452.06012,-199.64935,-147.93758
348,0,8,2,1,2,0,12003.87884668404,5.061531181383543,332.13154184698465,False,2945,300,log,2945,0,0,0,-547.70041,6449.20807,6451.13889,-200.27733,-148.49038
349,0,8,2,1,2,0,12003.227387828334,4.221545371761749,332.0629678274342,False,2945,300,log,2945,0,0,0,-547.64169,6448.60089,6451.10572,-200.74109,-148.09644
350,0,8,2,1,3,0,12106.138193828294,6.443336927106429,336.23703848620994,False,2945,300,log,2945,0,0,0,-516.43364,6528.51991,6531.47053,-228.52978,-208.88882
351,0,8,2,1,3,0,12105.31578177321,6.205491622589761,336.4077136973102,False,2945,300,log,2945,0,0,0,-519.37667,6529.9602,6532.53782,-229.12301,-208.68254
352,0,8,2,1,3,0,12102.966258818919,6.410600687480837,336.4685183869788,False,2945,300,log,2945,0,0,0,-521.2418,6530.78886,6532.15858,-229.7294,-209.00998
353,0,8,2,1,3,0,12102.091285230199,5.661211927601471,336.5167293017237,False,2945,300,log,2945,0,0,0,-521.78747,6530.19926,6532.77227,-229.96963,-209.12315
354,0,8,2,1,3,0,12099.361885265493,6.215681924306409,336.46559487990294,False,2945,300,log,2945,0,0,0,-522.64413,6528.85318,6531.95746,-229.7729,-209.03172
355,0,8,2,1,3,0,12104.25967124799,5.209924410042731,336.4009930674561,False,2945,300,log,2945,0,0,0,-519.90522,6529.72828,6532.36971,-229.18495,-208.74816
356,0,8,2,1,3,0,12105.01908971839,5.002904312179453,336.5110458486133,False,2945,300,log,2945,0,0,0,-520.87979,6530.91721,6533.38829,-229.47231,-208.93432
357,0,8,2,1,3,0,12103.721460227529,5.419272883171288,336.519840508337,False,2945,300,log,2945,0,0,0,-521.02603,6530.20177,6533.09812,-229.59177,-208.96063
358,0,8,2,1,3,0,12114.1545253049,6.030186321535439,336.4822268620977,False,2945,300,log,2944,1,0,0,-515.59873,6532.59935,6534.78959,-228.9374,-208.69827
359,0,8,2,1,3,0,12104.53560964244,5.058613483775844,336.47611444268176,False,2945,300,log,2944,1,0,0,-520.96,6530.52232,6533.18585,-229.35663,-208.85594
