,test_id,kcid,lmc_prior_code,lengthscale_prior_code,input,y0,y1,y2,y3,y4,total_nlpd
0,0.0,0.0,2.0,1.0,0.0,0.9387722201442638,-11.200443116499454,-11.20074929775024,0.30941240537376646,0.3373495511211939,-20.81565823761047
1,0.0,0.0,2.0,1.0,0.0,0.9390059791338079,-11.201967087627267,-11.201339857026833,0.3084069598377602,0.3400414895875852,-20.815852516094946
2,0.0,0.0,2.0,1.0,0.0,0.9369918979471232,-11.201574661987168,-11.200812536988941,0.3090735390372126,0.338088748259652,-20.818233013732122
3,0.0,0.0,2.0,1.0,0.0,0.9408703670179358,-11.202484536803498,-11.20137898126427,0.30812338661633415,0.3395897206454062,-20.81528004378809
4,0.0,0.0,2.0,1.0,0.0,0.938993947454253,-11.201560157034674,-11.201752656227876,0.3119164722232094,0.3323319266275222,-20.820070466957564
5,0.0,0.0,2.0,1.0,0.0,0.9390269918709385,-11.202611867290775,-11.202209789189352,0.31114636505499293,0.33168922900757297,-20.822959070546624
6,0.0,0.0,2.0,1.0,0.0,0.940128888362119,-11.20422174216533,-11.203541761871909,0.3077031604769057,0.336825127433441,-20.823106327764773
7,0.0,0.0,2.0,1.0,0.0,0.9433290815566268,-11.202141657641954,-11.200686034069582,0.3114081711812687,0.3310495934222433,-20.817040845551396
8,0.0,0.0,2.0,1.0,0.0,0.9412001043781132,-11.204298339725351,-11.203383274277051,0.3094277649154973,0.3329326879704549,-20.824121056738335
9,0.0,0.0,2.0,1.0,0.0,0.9444563221556393,-11.199890314072977,-11.1991092427896,0.30761053413065975,0.34033300438695857,-20.80659969618932
10,0.0,0.0,2.0,1.0,1.0,0.8896037660351619,-11.33219490747468,-11.331292778423853,0.41263443358666996,0.42441894335919345,-20.93683054291751
11,0.0,0.0,2.0,1.0,1.0,0.8880885925397378,-11.33130974543338,-11.332146565245123,0.4134634225507628,0.4227792531290554,-20.93912504245895
12,0.0,0.0,2.0,1.0,1.0,0.8873352772666484,-11.329142075991955,-11.330527911855249,0.4120742656082726,0.42253625765335145,-20.93772418731893
13,0.0,0.0,2.0,1.0,1.0,0.8898019564217653,-11.332465974712857,-11.33187943049434,0.4151588757058327,0.4232667411545127,-20.936117831925085
14,0.0,0.0,2.0,1.0,1.0,0.8892367492261387,-11.327772872914261,-11.32721009922271,0.4119830174922157,0.4225355160802121,-20.931227689338403
15,0.0,0.0,2.0,1.0,1.0,0.8865212985214328,-11.331564434876249,-11.331315131442889,0.4139997730170358,0.4223629112547378,-20.93999558352593
16,0.0,0.0,2.0,1.0,1.0,0.8847549843575274,-11.330534641637284,-11.331885718958718,0.41320682342553855,0.4222250079267284,-20.942233544886207
17,0.0,0.0,2.0,1.0,1.0,0.8882224382024233,-11.331318720960294,-11.331544331097279,0.4145914633801448,0.422442127765999,-20.937607022709003
18,0.0,0.0,2.0,1.0,1.0,0.8906818241468903,-11.331097500912186,-11.33056220463344,0.41340999507665205,0.4255750018864439,-20.93199288443564
19,0.0,0.0,2.0,1.0,1.0,0.886560769893077,-11.332912857321654,-11.332163377533965,0.4120721365509834,0.42435385710192325,-20.942089471309636
20,0.0,0.0,2.0,1.0,2.0,0.9491515279201423,-11.194748486000664,-11.194334616957068,0.3558335733117075,0.304100522615597,-20.77999747911029
21,0.0,0.0,2.0,1.0,2.0,0.9457221608446772,-11.19785453729889,-11.196862759837488,0.3526466458739549,0.3001607283625838,-20.796187762055162
22,0.0,0.0,2.0,1.0,2.0,0.9437324612288653,-11.192938271148675,-11.192200677342155,0.3616884712616558,0.30223730880542,-20.77748070719489
23,0.0,0.0,2.0,1.0,2.0,0.9446687327847392,-11.192593605822445,-11.192900477745095,0.36062513370300503,0.30162383263971115,-20.778576384440086
24,0.0,0.0,2.0,1.0,2.0,0.9447631279733918,-11.193209037253647,-11.193639565600831,0.3652844799500351,0.30098740289030246,-20.77581359204075
25,0.0,0.0,2.0,1.0,2.0,0.9485449440037312,-11.196588894124744,-11.196162099080022,0.35074635053786835,0.30396119776580816,-20.78949850089736
26,0.0,0.0,2.0,1.0,2.0,0.9454703940177451,-11.193840486095064,-11.191943916998753,0.36043223738147273,0.30374160857733773,-20.77614016311726
27,0.0,0.0,2.0,1.0,2.0,0.9503163306648228,-11.194087417997471,-11.193921167862658,0.3557777853061062,0.3029163022855244,-20.778998167603678
28,0.0,0.0,2.0,1.0,2.0,0.9471220787214178,-11.193425013787891,-11.193072087768794,0.3588883685797879,0.30181844846542677,-20.778668205790055
29,0.0,0.0,2.0,1.0,2.0,0.947794708879221,-11.195271245727735,-11.195225428448241,0.35271229941325044,0.30432148040843876,-20.785668185475064
30,0.0,0.0,2.0,1.0,3.0,0.8803438353786865,-11.312487653481716,-11.313361780594807,0.43938220207313344,0.3669443343886092,-20.939179062236093
31,0.0,0.0,2.0,1.0,3.0,0.8753987338941316,-11.314769855125421,-11.315250010506636,0.43968156201676245,0.36776919589200546,-20.94717037382916
32,0.0,0.0,2.0,1.0,3.0,0.8824441426434889,-11.311740452874275,-11.310155772611399,0.4397517720612437,0.3686675887588779,-20.931032722022064
33,0.0,0.0,2.0,1.0,3.0,0.8802109438540782,-11.31138372807681,-11.311533789172465,0.438810323377577,0.36941207206548277,-20.934484177952136
34,0.0,0.0,2.0,1.0,3.0,0.8784675451175493,-11.312324988099993,-11.31529027155062,0.4388821655808992,0.3679531130423377,-20.942312435909827
35,0.0,0.0,2.0,1.0,3.0,0.8737681166508368,-11.315516968097816,-11.31556529670751,0.4408350239358335,0.37019862178529356,-20.946280502433364
36,0.0,0.0,2.0,1.0,3.0,0.8832811226138249,-11.31079358728159,-11.31045179102291,0.43943717872742943,0.36801940799374006,-20.930507668969508
37,0.0,0.0,2.0,1.0,3.0,0.8783220839632206,-11.313401856730584,-11.314503458892407,0.4394113352297343,0.3666099140287827,-20.943561982401253
38,0.0,0.0,2.0,1.0,3.0,0.8737603577185853,-11.315891701875088,-11.31512804093815,0.44006372317893516,0.368461775377038,-20.948733886538683
39,0.0,0.0,2.0,1.0,3.0,0.8788123433905191,-11.313897926989867,-11.313096938567098,0.439542890031803,0.36791354254426656,-20.940726089590378
40,0.0,1.0,2.0,1.0,0.0,0.9393855514093524,-11.202180493770001,-11.202147765082568,0.31048173794514167,0.3386969888074697,-20.815763980690605
41,0.0,1.0,2.0,1.0,0.0,0.9466695295958494,-11.202245127254603,-11.202837630421126,0.311357616212399,0.33528495225674265,-20.811770659610737
42,0.0,1.0,2.0,1.0,0.0,0.937798368154081,-11.204656396045976,-11.203212842957504,0.3097923149467969,0.3345100909544984,-20.8257684649481
43,0.0,1.0,2.0,1.0,0.0,0.9371205629540138,-11.202751884967292,-11.202032362778171,0.3104661015442376,0.336471993481888,-20.820725589765324
44,0.0,1.0,2.0,1.0,0.0,0.9418947492843988,-11.200826493205668,-11.200792269309362,0.30949032856807485,0.33231358203381617,-20.81792010262874
45,0.0,1.0,2.0,1.0,0.0,0.9403956974079819,-11.203355655945888,-11.20277798450723,0.3080448906061144,0.33616788785526097,-20.821525164583758
46,0.0,1.0,2.0,1.0,0.0,0.9394371853211299,-11.200263311157421,-11.200728111777988,0.30802799324586283,0.3385949057335831,-20.814931338634835
47,0.0,1.0,2.0,1.0,0.0,0.9423553937116042,-11.200638698489488,-11.200813489677953,0.31099965147933295,0.3359253453612626,-20.812171797615246
48,0.0,1.0,2.0,1.0,0.0,0.9533728347019274,-11.192996014198478,-11.188093585396299,0.3631656873465649,0.348105811880043,-20.71644526566624
49,0.0,1.0,2.0,1.0,0.0,0.9463022201888416,-11.200772543237324,-11.202223590685398,0.30664169218178344,0.3394929832535705,-20.810559238298524
50,0.0,1.0,2.0,1.0,1.0,0.8838330232286129,-11.330404796198923,-11.330371009893968,0.4109280833524025,0.4229187256643916,-20.943095973847484
51,0.0,1.0,2.0,1.0,1.0,0.8849670470764442,-11.328663182939803,-11.331732166389218,0.4115366237038164,0.42256344451594363,-20.941328234032817
52,0.0,1.0,2.0,1.0,1.0,0.8883771160584526,-11.33326602200667,-11.33349269542159,0.41422183627671355,0.4234276706872343,-20.94073209440586
53,0.0,1.0,2.0,1.0,1.0,0.8868011088527383,-11.328641502289544,-11.330438114177612,0.41219653479514173,0.42210532674730633,-20.937976646071967
54,0.0,1.0,2.0,1.0,1.0,0.8839029781915704,-11.326021403504066,-11.32790458982899,0.41035156998542605,0.4232269646000548,-20.936444480556005
55,0.0,1.0,2.0,1.0,1.0,0.8870607052261935,-11.331729188699299,-11.330846916072224,0.41370991718885647,0.4228869592458593,-20.938918523110612
56,0.0,1.0,2.0,1.0,1.0,0.8805102447207485,-11.331161694441523,-11.32856290202968,0.41536922521710234,0.42684628313337614,-20.936998843399977
57,0.0,1.0,2.0,1.0,1.0,0.8862873947473408,-11.330747002014498,-11.330258249571534,0.4129224871315987,0.42253402530988615,-20.939261344397206
58,0.0,1.0,2.0,1.0,1.0,0.8832721488177776,-11.330411567173035,-11.330065683507595,0.4118316975654717,0.42332782644765815,-20.942045577849726
59,0.0,1.0,2.0,1.0,1.0,0.8864985625957753,-11.324407589431523,-11.329325243023787,0.41011608405377664,0.4228100241715608,-20.9343081616342
60,0.0,1.0,2.0,1.0,2.0,0.951823862808294,-11.192014507063393,-11.192031534119527,0.35495190125805043,0.30302523604012094,-20.774245041076455
61,0.0,1.0,2.0,1.0,2.0,0.9479918544633048,-11.193814097861855,-11.193625041335617,0.35729054875761357,0.30400938566935487,-20.778147350307194
62,0.0,1.0,2.0,1.0,2.0,0.9469028346929826,-11.193288258987218,-11.19361653488104,0.36112739384074566,0.30253399984890494,-20.776340565485626
63,0.0,1.0,2.0,1.0,2.0,0.9487603748746875,-11.183629974183583,-11.18875766366112,0.3836246133882071,0.3010803055496499,-20.738922344032158
64,0.0,1.0,2.0,1.0,2.0,0.9471381809425597,-11.193765531855375,-11.190654712461289,0.3610806366679164,0.3022862490818802,-20.773915177624307
65,0.0,1.0,2.0,1.0,2.0,0.9488649461884685,-11.190502033651281,-11.193251890422534,0.3593442208650538,0.304856121197179,-20.770688635823113
66,0.0,1.0,2.0,1.0,2.0,0.945949141393308,-11.191523801911444,-11.192349232414951,0.36561731261693786,0.30313650562335925,-20.769170074692788
67,0.0,1.0,2.0,1.0,2.0,0.9487918995635038,-11.193929369052253,-11.193873297211265,0.35636228846545454,0.3031872897372711,-20.77946118849729
68,0.0,1.0,2.0,1.0,2.0,0.9486153959933997,-11.193596875659463,-11.196164264585695,0.3524946122183417,0.3049808712157248,-20.78367026081769
69,0.0,1.0,2.0,1.0,2.0,0.9495858590213619,-11.19442918628657,-11.195514480621636,0.3520930856246292,0.3049325903880645,-20.78333213187415
70,0.0,1.0,2.0,1.0,3.0,0.8735402319752643,-11.316092358061246,-11.314043132455982,0.43961366451934586,0.36819080624390443,-20.948790787778712
71,0.0,1.0,2.0,1.0,3.0,0.8782871296662255,-11.313130487957778,-11.313039614156802,0.44076016653962685,0.36824585171017266,-20.938876954198555
72,0.0,1.0,2.0,1.0,3.0,0.8740740843532848,-11.313545986799156,-11.31483508286022,0.44097718591941204,0.3711497508743651,-20.942180048512313
73,0.0,1.0,2.0,1.0,3.0,0.8776279217268333,-11.314508114400365,-11.313618363993509,0.4393811440212512,0.36935722841852703,-20.941760184227263
74,0.0,1.0,2.0,1.0,3.0,0.8832766689296786,-11.31041671478424,-11.310360569187573,0.43968385635944857,0.36874156656637025,-20.92907519211632
75,0.0,1.0,2.0,1.0,3.0,0.876671987514512,-11.313792656651971,-11.313358863154235,0.4396906516109878,0.36986402788852046,-20.940924852792183
76,0.0,1.0,2.0,1.0,3.0,0.8817866514765081,-11.311003662039633,-11.310576509010223,0.4400655228496358,0.3668726205389604,-20.93285537618475
77,0.0,1.0,2.0,1.0,3.0,0.8749365339970508,-11.315158973401095,-11.314562861992387,0.43966151618892896,0.3692279800111555,-20.945895805196347
78,0.0,1.0,2.0,1.0,3.0,0.8757367972152776,-11.314354961449597,-11.313959964801665,0.4393503221119342,0.3685551438905729,-20.94467266303348
79,0.0,1.0,2.0,1.0,3.0,0.8745710403340407,-11.315605436928417,-11.314847965366175,0.4398299727762485,0.3667197849105119,-20.949332604273792
80,0.0,2.0,2.0,1.0,0.0,0.9450293431780775,-11.199494523669586,-11.19933822602642,0.3145264502477909,0.3390501285133726,-20.800226827756767
81,0.0,2.0,2.0,1.0,0.0,0.941752111125408,-11.203418542361584,-11.203090888930827,0.30833481009681823,0.3356368009321921,-20.820785709137994
82,0.0,2.0,2.0,1.0,0.0,0.941473819843563,-11.202860220094928,-11.20298399536788,0.3125670940126886,0.33287554822712123,-20.818927753379434
83,0.0,2.0,2.0,1.0,0.0,0.9405154415250433,-11.20262540188371,-11.203622226861059,0.3102498134711552,0.3327994209428655,-20.822682952805703
84,0.0,2.0,2.0,1.0,0.0,0.9407963326289541,-11.203164712961028,-11.202658581981042,0.3082216878597166,0.33196545747320555,-20.824839816980194
85,0.0,2.0,2.0,1.0,0.0,0.9459494264727952,-11.201993635081921,-11.201119329479276,0.30816266947905024,0.32679652685235167,-20.822204341757
86,0.0,2.0,2.0,1.0,0.0,0.9453792655538944,-11.20099881653072,-11.200453346254063,0.3136599558898512,0.3334719921705305,-20.80894094917051
87,0.0,2.0,2.0,1.0,0.0,0.9382804405562529,-11.200253540845145,-11.20073697087716,0.31549075532729837,0.3364107561670145,-20.810808559671734
88,0.0,2.0,2.0,1.0,0.0,0.9399392084625303,-11.20197035135866,-11.20109589633082,0.3099812512893367,0.3366603071680336,-20.81648548076958
89,0.0,2.0,2.0,1.0,0.0,0.9424454215452784,-11.200336242529001,-11.20121381635163,0.30854347193227305,0.3403407071729458,-20.810220458230138
90,0.0,2.0,2.0,1.0,1.0,0.8868636851519549,-11.329993454890998,-11.330111408643171,0.41507537914031395,0.4218291642042954,-20.936336635037602
91,0.0,2.0,2.0,1.0,1.0,0.8907322290220431,-11.334226432876523,-11.334175022706694,0.4130619699285575,0.42237001853310785,-20.94223723809951
92,0.0,2.0,2.0,1.0,1.0,0.884497339437608,-11.321523101183834,-11.32492968848368,0.40887265876284007,0.423981467583185,-20.92910132388388
93,0.0,2.0,2.0,1.0,1.0,0.8868823632516828,-11.326165777006928,-11.32383296490932,0.4108588232126936,0.4218786801790603,-20.93037887527281
94,0.0,2.0,2.0,1.0,1.0,0.8888997095747262,-11.334395459720067,-11.334262393137225,0.41129873554070234,0.42267276946455246,-20.945786638277312
95,0.0,2.0,2.0,1.0,1.0,0.8843563307330113,-11.328709456730051,-11.327900931721643,0.41360029975094886,0.4219703451801903,-20.93668341278754
96,0.0,2.0,2.0,1.0,1.0,0.8969974595171456,-11.319434121547102,-11.319798493125813,0.41198019386617607,0.42383421046082814,-20.906420750828765
97,0.0,2.0,2.0,1.0,1.0,0.8865953033478285,-11.323660418727771,-11.325639461404611,0.4110715948457063,0.42238220232076384,-20.929250779618084
98,0.0,2.0,2.0,1.0,1.0,0.8865675990460885,-11.331133198750262,-11.330727019910098,0.4140123639584893,0.42273159173976144,-20.93854866391602
99,0.0,2.0,2.0,1.0,1.0,0.8885595001918929,-11.33128173641607,-11.332005118987187,0.4127517977317947,0.424270983859073,-20.937704573620497
100,0.0,2.0,2.0,1.0,2.0,0.947997889456903,-11.19885319537857,-11.197814539545249,0.3532589639785824,0.3126062741364229,-20.78280460735191
101,0.0,2.0,2.0,1.0,2.0,0.9494546866305427,-11.196034496029219,-11.195177391917527,0.3518065691865031,0.30386168022563625,-20.786088951904063
102,0.0,2.0,2.0,1.0,2.0,0.9500832527764396,-11.196081468191277,-11.194534328324455,0.35113773070974574,0.30502786829325584,-20.784366944736295
103,0.0,2.0,2.0,1.0,2.0,0.9500436575609404,-11.193657469960296,-11.1929665234097,0.357091937487329,0.3042661540564502,-20.775222244265276
104,0.0,2.0,2.0,1.0,2.0,0.9460844394453123,-11.195588717862051,-11.194728479888164,0.35737489761935937,0.3049927840220285,-20.781865076663514
105,0.0,2.0,2.0,1.0,2.0,0.9542657639816099,-11.194126563887206,-11.178937558073576,0.38719691483050483,0.3070613585206677,-20.724540084628
106,0.0,2.0,2.0,1.0,2.0,0.9492175461128861,-11.194402216210657,-11.194136639545565,0.35248803443036225,0.30442145772314344,-20.78241181748983
107,0.0,2.0,2.0,1.0,2.0,0.9460396438249115,-11.194898610715153,-11.192608236135268,0.3520315385265886,0.30551814914421954,-20.783917515354702
108,0.0,2.0,2.0,1.0,2.0,0.9466898036864745,-11.194184102943154,-11.194906099410284,0.35795126109600595,0.304622832835176,-20.77982630473578
109,0.0,2.0,2.0,1.0,2.0,0.9466281692856023,-11.193915003607062,-11.193768946759555,0.35264799076752074,0.3040043271840059,-20.784403463129483
110,0.0,2.0,2.0,1.0,3.0,0.8891969305287007,-11.315406291334808,-11.31387510415648,0.4386656375632932,0.36949547731102167,-20.93192335008827
111,0.0,2.0,2.0,1.0,3.0,0.8769275070493724,-11.312608667445831,-11.313391446021138,0.4400525575333915,0.3697230629156008,-20.939296985968607
112,0.0,2.0,2.0,1.0,3.0,0.8805641782891993,-11.31407213840355,-11.314571041079605,0.4389985777715183,0.36742230492080147,-20.941658118501635
113,0.0,2.0,2.0,1.0,3.0,0.8779001293397275,-11.312736118845388,-11.313896454094218,0.44030065758204484,0.3718586070400656,-20.936573178977767
114,0.0,2.0,2.0,1.0,3.0,0.8765575964216675,-11.313479414334914,-11.312793171758555,0.4397996861066948,0.36934193501622753,-20.94057336854888
115,0.0,2.0,2.0,1.0,3.0,0.8771149480043828,-11.3148618944486,-11.313176833816936,0.4398269280656336,0.3826936743687838,-20.928403177826734
116,0.0,2.0,2.0,1.0,3.0,0.8799026670519795,-11.316196316622554,-11.312464715769503,0.4396215705012864,0.37034557710129284,-20.938791217737496
117,0.0,2.0,2.0,1.0,3.0,0.8780621379421276,-11.313596372600315,-11.31509761189117,0.43894040877911816,0.3705653832518958,-20.941126054518346
118,0.0,2.0,2.0,1.0,3.0,0.877618772739253,-11.312526463335063,-11.31195965618098,0.44026885440338687,0.3660090231035082,-20.94058946926989
119,0.0,2.0,2.0,1.0,3.0,0.8779231799333072,-11.313284678252376,-11.312892122763355,0.4398819860843878,0.3710027696861613,-20.93736886531188
120,0.0,3.0,2.0,1.0,0.0,0.9463546881880485,-11.199803189635276,-11.200308528283015,0.31278321229835465,0.33669523212405356,-20.80427858530783
121,0.0,3.0,2.0,1.0,0.0,0.9410429061949254,-11.20337296353311,-11.20128842983927,0.3108545422579853,0.33335261484269807,-20.819411330076772
122,0.0,3.0,2.0,1.0,0.0,0.9446463473566941,-11.20245405478137,-11.202464098261329,0.31393123988980104,0.3321077543234269,-20.814232811472777
123,0.0,3.0,2.0,1.0,0.0,0.9440276171348128,-11.201170752729688,-11.201120196516012,0.3142252338883104,0.33242480517939743,-20.81161329304318
124,0.0,3.0,2.0,1.0,0.0,0.9454948717553396,-11.202113921009763,-11.201729088539167,0.31376428536815154,0.3319867830690948,-20.812597069356347
125,0.0,3.0,2.0,1.0,0.0,0.9424721288442814,-11.201735714511807,-11.202390855566986,0.31040116917998023,0.3322556935864746,-20.818997578468057
126,0.0,3.0,2.0,1.0,0.0,0.9442686781707872,-11.202648886158354,-11.203487127771995,0.30793322795747197,0.335101512290706,-20.818832595511385
127,0.0,3.0,2.0,1.0,0.0,0.9435682909585992,-11.200865052545153,-11.200072347821832,0.3094017936690369,0.3387588482655701,-20.80920846747378
128,0.0,3.0,2.0,1.0,0.0,0.9407952321412003,-11.20101521858958,-11.200506023959239,0.3090717259937934,0.33045675370317756,-20.82119753071065
129,0.0,3.0,2.0,1.0,0.0,0.94772032315431,-11.20076238394189,-11.200109662166257,0.3130223300854186,0.3330526463484589,-20.80707674651996
130,0.0,3.0,2.0,1.0,1.0,0.8845782500986947,-11.327726875320582,-11.328937517639732,0.41234008488505064,0.42408115331989515,-20.93566490465667
131,0.0,3.0,2.0,1.0,1.0,0.8854558256876711,-11.328565507770396,-11.328763276922459,0.4141521760815957,0.42396404456372566,-20.93375673835986
132,0.0,3.0,2.0,1.0,1.0,0.8872445905076808,-11.333159824342145,-11.33126144159408,0.41327943549953955,0.42721643441860396,-20.9366808055104
133,0.0,3.0,2.0,1.0,1.0,0.8880835290613021,-11.328670958641435,-11.328493443009805,0.4151128576730606,0.42314405410518857,-20.930823960811686
134,0.0,3.0,2.0,1.0,1.0,0.8876504443656831,-11.330400319006168,-11.330067305881151,0.41333616509989257,0.4230897035691761,-20.936391311852567
135,0.0,3.0,2.0,1.0,1.0,0.8897899539920748,-11.334015880036516,-11.33330921138225,0.41357296786296377,0.42436616686825346,-20.93959600269547
136,0.0,3.0,2.0,1.0,1.0,0.8866018698237785,-11.330496401616506,-11.32930806169299,0.4121224654229915,0.42412914551585457,-20.93695098254687
137,0.0,3.0,2.0,1.0,1.0,0.8862985603840781,-11.32983531282467,-11.329426351165285,0.4098872693412665,0.4238890976380227,-20.93918673662659
138,0.0,3.0,2.0,1.0,1.0,0.8882920642131243,-11.327655556250592,-11.328718422931068,0.4128432757004804,0.4225033085062137,-20.93273533076184
139,0.0,3.0,2.0,1.0,1.0,0.8902593291054169,-11.331493676179122,-11.33130906011377,0.413190836501973,0.42328133010470187,-20.9360712405808
140,0.0,3.0,2.0,1.0,2.0,0.9489251232872001,-11.194288625084624,-11.196181725839368,0.35456387501054754,0.30455301353870556,-20.78242833908754
141,0.0,3.0,2.0,1.0,2.0,0.9480729890488037,-11.195144728912789,-11.195022578271878,0.3537967649197363,0.3049454427703862,-20.783352110445744
142,0.0,3.0,2.0,1.0,2.0,0.9464971842120091,-11.194317590188819,-11.193534265095685,0.3534144644856989,0.3039329745637704,-20.784007232023026
143,0.0,3.0,2.0,1.0,2.0,0.9509945803900965,-11.194518881233373,-11.195451806171413,0.3514830320831792,0.3063699759006125,-20.781123099030896
144,0.0,3.0,2.0,1.0,2.0,0.9475220697677258,-11.192722734265587,-11.192451084600824,0.3601683040396061,0.3005428694654316,-20.776940575593645
145,0.0,3.0,2.0,1.0,2.0,0.9469550472310408,-11.195048075058834,-11.197060638933765,0.3536935202865846,0.30302821353588544,-20.788431932939087
146,0.0,3.0,2.0,1.0,2.0,0.9500427534436288,-11.194959262706796,-11.194947102645628,0.3537263764513516,0.3029080328977406,-20.783229202559703
147,0.0,3.0,2.0,1.0,2.0,0.9469065130263771,-11.193759665971712,-11.193738275916399,0.35535267293865025,0.30367770329324867,-20.781561052629833
148,0.0,3.0,2.0,1.0,2.0,0.9498322489016316,-11.195477061713634,-11.19439841336539,0.3513623751216445,0.3041754047708292,-20.784505446284914
149,0.0,3.0,2.0,1.0,2.0,0.9476418302253801,-11.194762488599537,-11.194117173033508,0.35669902321873437,0.3037583165675807,-20.780780491621346
150,0.0,3.0,2.0,1.0,3.0,0.8754271335626135,-11.314567564000079,-11.314832474897509,0.43961930050622344,0.37171331415972897,-20.942640290669026
151,0.0,3.0,2.0,1.0,3.0,0.8752609658945782,-11.317719767912717,-11.316110338005078,0.4404668308077317,0.3675732604226059,-20.95052904879288
152,0.0,3.0,2.0,1.0,3.0,0.8750675491426064,-11.312972643091566,-11.312229993327135,0.4403665656665479,0.3671290285337311,-20.942639493075813
153,0.0,3.0,2.0,1.0,3.0,0.8732519769060368,-11.31524252758545,-11.315797913058274,0.4389391261166227,0.3690419418405944,-20.94980739578047
154,0.0,3.0,2.0,1.0,3.0,0.8753687110563524,-11.3161778163991,-11.315870359519712,0.44049799201433504,0.3686066080535109,-20.94757486479461
155,0.0,3.0,2.0,1.0,3.0,0.8751349739573238,-11.314826475507548,-11.31496129951104,0.43976519634300953,0.3680921079800306,-20.946795496738225
156,0.0,3.0,2.0,1.0,3.0,0.878015344576264,-11.314587655444535,-11.314423258929027,0.4400556894632525,0.36812150390673,-20.942818376427315
157,0.0,3.0,2.0,1.0,3.0,0.8767767907547301,-11.312404835499873,-11.312188981957988,0.44074646286450986,0.3690456632070788,-20.938024900631543
158,0.0,3.0,2.0,1.0,3.0,0.8740183217235569,-11.315987174474463,-11.31541272608196,0.44052972838174886,0.36820339473759517,-20.94864845571352
159,0.0,3.0,2.0,1.0,3.0,0.8815587773184185,-11.312514175805106,-11.312634981513833,0.4393327709929828,0.37399501097407567,-20.930262598033462
160,0.0,4.0,2.0,1.0,0.0,0.9379150874304528,-11.202847136980822,-11.201031320022077,0.3107507878573565,0.3344421113643468,-20.820770470350745
161,0.0,4.0,2.0,1.0,0.0,0.9427510879508086,-11.20345607499687,-11.202992042011145,0.3107940108895474,0.33248320753937427,-20.820419810628284
162,0.0,4.0,2.0,1.0,0.0,0.9504950191683713,-11.201204744605791,-11.201390154280631,0.30474997812010535,0.3358351924056449,-20.811514709192295
163,0.0,4.0,2.0,1.0,0.0,0.9419557996778464,-11.199287551463057,-11.199956973466744,0.3076113886788784,0.339296192261822,-20.810381144311254
164,0.0,4.0,2.0,1.0,0.0,0.9427417457580162,-11.203571832532786,-11.202690383175604,0.3090356318436083,0.3313732353020238,-20.82311160280474
165,0.0,4.0,2.0,1.0,0.0,0.9472658313932467,-11.202845413182057,-11.201336687008538,0.3087876072353187,0.3341870003137122,-20.813941661248318
166,0.0,4.0,2.0,1.0,0.0,0.9426516786390016,-11.201761788563664,-11.202206350204087,0.30850512173254163,0.3346104980119495,-20.81820084038426
167,0.0,4.0,2.0,1.0,0.0,0.9435280175851721,-11.199187138311716,-11.198816919055115,0.30882752697503874,0.33847115180080956,-20.80717736100581
168,0.0,4.0,2.0,1.0,0.0,0.9397357380699342,-11.203322312608869,-11.201322171120417,0.3081047484983506,0.33931695657522304,-20.817487040585775
169,0.0,4.0,2.0,1.0,0.0,0.940020135759699,-11.203341492430694,-11.203398176995265,0.31216483637714104,0.3328753973067153,-20.8216792999824
170,0.0,4.0,2.0,1.0,1.0,0.8946963997661661,-11.322144949521338,-11.321277530659623,0.4086096556109636,0.4223232999656882,-20.917793124838145
171,0.0,4.0,2.0,1.0,1.0,0.8881734540166497,-11.333322933421654,-11.332642278484746,0.41402409727591705,0.42494555011569035,-20.938822110498144
172,0.0,4.0,2.0,1.0,1.0,0.8853553172236397,-11.328062187562994,-11.32776970791168,0.41005475192748925,0.4223106936825325,-20.938111132641012
173,0.0,4.0,2.0,1.0,1.0,0.8951181496051299,-11.327204966528885,-11.326387177721985,0.41011824824492493,0.4234551001945194,-20.924900646206297
174,0.0,4.0,2.0,1.0,1.0,0.8851190867097605,-11.331043745283367,-11.332035487938901,0.4109365016984798,0.4235381304347875,-20.943485514379237
175,0.0,4.0,2.0,1.0,1.0,0.8972523669498104,-11.32274563411466,-11.323241056301155,0.410414004541433,0.4231604024554368,-20.915159916469133
176,0.0,4.0,2.0,1.0,1.0,0.8864717034057898,-11.331840384659312,-11.332754668123059,0.41175849677488,0.422798563174802,-20.9435662894269
177,0.0,4.0,2.0,1.0,1.0,0.8869096685418871,-11.324583868651972,-11.326180089379653,0.41187093186017987,0.4217400672714397,-20.930243290358117
178,0.0,4.0,2.0,1.0,1.0,0.8890751814989207,-11.33381870242203,-11.332998054891217,0.4119531053572665,0.4241172421945981,-20.94167122826246
179,0.0,4.0,2.0,1.0,1.0,0.8939074679935465,-11.329139852094,-11.327500773023585,0.4102317834672753,0.42386112905082096,-20.928640244605944
180,0.0,4.0,2.0,1.0,2.0,0.9559337157669926,-11.197647023821363,-11.192916080197511,0.3519995714997442,0.31025921280144697,-20.77237060395069
181,0.0,4.0,2.0,1.0,2.0,0.941513798050329,-11.193960674514575,-11.19402633741194,0.3536161919399703,0.30933816725220475,-20.78351885468401
182,0.0,4.0,2.0,1.0,2.0,0.9514080737921454,-11.196756405137021,-11.19615964834382,0.3522853890534009,0.3082110420351359,-20.78101154860016
183,0.0,4.0,2.0,1.0,2.0,0.9451831239877508,-11.191824609357484,-11.191167797389484,0.36475770510731154,0.3014036132062667,-20.77164796444564
184,0.0,4.0,2.0,1.0,2.0,0.9447313137823831,-11.19380955642989,-11.193674978001589,0.35887462613420906,0.3033040581764912,-20.780574536338396
185,0.0,4.0,2.0,1.0,2.0,0.9426420206307958,-11.197124815777855,-11.195355837929005,0.34813488457643355,0.3045481224614295,-20.797155626038197
186,0.0,4.0,2.0,1.0,2.0,0.9484535212307965,-11.190199073147612,-11.190994919477678,0.35165763354206897,0.3053604781187158,-20.775722359733713
187,0.0,4.0,2.0,1.0,2.0,0.9448317290842533,-11.196685103498348,-11.195791334911268,0.3513548282975985,0.30458372127462624,-20.79170615975314
188,0.0,4.0,2.0,1.0,2.0,0.9459325762914151,-11.190670278919796,-11.196598258006329,0.3609297170259176,0.30120203528107237,-20.77920420832772
189,0.0,4.0,2.0,1.0,2.0,0.947927642611622,-11.193659291551226,-11.194220069715765,0.3517700785551407,0.3028955287908132,-20.785286111309414
190,0.0,4.0,2.0,1.0,3.0,0.8905312237701043,-11.314014805243128,-11.312700308464011,0.43876823652282254,0.3704871005479399,-20.926928552866272
191,0.0,4.0,2.0,1.0,3.0,0.8802364117307525,-11.311957300272928,-11.312582627194267,0.4394676729913193,0.37623310527539344,-20.928602737469728
192,0.0,4.0,2.0,1.0,3.0,0.8746757460983635,-11.315135440210096,-11.314982220919765,0.43988527037285674,0.3667104322311221,-20.94884621242752
193,0.0,4.0,2.0,1.0,3.0,0.8778426846289108,-11.311119961438536,-11.313073935906093,0.4405621072618278,0.3729234996244159,-20.93286560582947
194,0.0,4.0,2.0,1.0,3.0,0.8753400296393503,-11.316183901826541,-11.316531200084556,0.4401720356098598,0.3696362128768902,-20.947566823785
195,0.0,4.0,2.0,1.0,3.0,0.8739769387316136,-11.315827667072517,-11.315609716850075,0.4401639811394951,0.3694306366559004,-20.947865827395585
196,0.0,4.0,2.0,1.0,3.0,0.8734741240227911,-11.312457109231527,-11.310486063953158,0.4404688742618729,0.36474927953339886,-20.944250895366622
197,0.0,4.0,2.0,1.0,3.0,0.8775557847229801,-11.314059270652784,-11.313771878480912,0.4400926403933819,0.36882585921061867,-20.941356864806714
198,0.0,4.0,2.0,1.0,3.0,0.8760890632355903,-11.31454882965607,-11.313792780126844,0.43939862828511667,0.3710875588859476,-20.941766359376263
199,0.0,4.0,2.0,1.0,3.0,0.8788446544110775,-11.31127570341639,-11.31086396382374,0.4400064756105445,0.36944591602769866,-20.93384262119081
200,0.0,5.0,2.0,1.0,0.0,0.9441686089352078,-11.20156440648092,-11.202803147272999,0.3105150633023875,0.33248192279354993,-20.817201958722773
201,0.0,5.0,2.0,1.0,0.0,0.946216176728002,-11.20236383745865,-11.201973619165065,0.3086797967330376,0.3358358889544695,-20.813605594208205
202,0.0,5.0,2.0,1.0,0.0,0.9406678816919424,-11.202419232073284,-11.202066255069916,0.3084342065707683,0.3341231793354451,-20.821260219545042
203,0.0,5.0,2.0,1.0,0.0,0.9366891352543416,-11.200882623572738,-11.20147381401792,0.31053906188690544,0.33261835174063864,-20.82250988870877
204,0.0,5.0,2.0,1.0,0.0,0.9397807794393731,-11.203885003186407,-11.202679608987303,0.31007810302359173,0.3331439625533364,-20.823561767157408
205,0.0,5.0,2.0,1.0,0.0,0.9421114618812694,-11.20328462994423,-11.202752127529813,0.3117701704148589,0.33255516424937276,-20.81959996092854
206,0.0,5.0,2.0,1.0,0.0,0.9447332487153967,-11.20218904497672,-11.202690015690669,0.3108109206699198,0.33117865232535243,-20.81815623895672
207,0.0,5.0,2.0,1.0,0.0,0.9437848109468108,-11.202362294367381,-11.202731436219345,0.3117297941587562,0.33612145658819637,-20.813457668892966
208,0.0,5.0,2.0,1.0,0.0,0.9343099262387979,-11.20149861564036,-11.20137699728515,0.3102163979976096,0.3283629972803128,-20.82998629140879
209,0.0,5.0,2.0,1.0,0.0,0.9427585966897761,-11.20250640252415,-11.20263531799219,0.30857103863802526,0.3350042659428041,-20.818807819245734
210,0.0,5.0,2.0,1.0,1.0,0.8838742461455923,-11.330874637568076,-11.329180890950216,0.4115913662910588,0.42358392525293237,-20.94100599082871
211,0.0,5.0,2.0,1.0,1.0,0.8880412275850976,-11.334465507406767,-11.334482424830904,0.4206686696709374,0.4223813935573257,-20.937856641424307
212,0.0,5.0,2.0,1.0,1.0,0.8792683501364219,-11.323212288281546,-11.328285134013006,0.4132616651024619,0.42530379416972247,-20.933663612885947
213,0.0,5.0,2.0,1.0,1.0,0.8859895221965046,-11.330262937679581,-11.330676584361361,0.41364884617717834,0.42247295632869714,-20.938828197338562
214,0.0,5.0,2.0,1.0,1.0,0.8879657634175351,-11.325763932697626,-11.326082448789052,0.41392644524124456,0.421799618507463,-20.928154554320436
215,0.0,5.0,2.0,1.0,1.0,0.890240726352853,-11.328337422167364,-11.330176549456557,0.4113926596921191,0.4221097898425623,-20.934770795736387
216,0.0,5.0,2.0,1.0,1.0,0.8954242158716633,-11.330499101796118,-11.329247172341054,0.41027824760230924,0.42469345120871504,-20.92935035945448
217,0.0,5.0,2.0,1.0,1.0,0.8846712802745857,-11.33244503147748,-11.332354701238424,0.4136557513785225,0.42406072787598387,-20.94241197318681
218,0.0,5.0,2.0,1.0,1.0,0.8836491413901048,-11.330620235123602,-11.329915416735371,0.41089627121619526,0.4229110592908422,-20.94307917996183
219,0.0,5.0,2.0,1.0,1.0,0.8862629858683162,-11.33333475404045,-11.332343891202187,0.41325636430171503,0.4238447661545178,-20.94231452891809
220,0.0,5.0,2.0,1.0,2.0,0.9436979054492348,-11.192515141603089,-11.192614497749172,0.3617452202351894,0.3046678255967414,-20.775018688071096
221,0.0,5.0,2.0,1.0,2.0,0.9431359634340621,-11.196899307017423,-11.196824787624028,0.3557313787319193,0.30384036918000756,-20.79101638329546
222,0.0,5.0,2.0,1.0,2.0,0.9469878534592535,-11.193598246241914,-11.19436445771026,0.355557257423057,0.3029623936964072,-20.782455199373455
223,0.0,5.0,2.0,1.0,2.0,0.9481013459007755,-11.192700805773539,-11.185156911919718,0.3753522032822425,0.3093706758760809,-20.745033492634153
224,0.0,5.0,2.0,1.0,2.0,0.9459707886918265,-11.193561254480258,-11.194108210364167,0.3594637506657524,0.30296457278881767,-20.779270352698028
225,0.0,5.0,2.0,1.0,2.0,0.947409413999238,-11.194991562682755,-11.194261060588214,0.35552215174700375,0.3031066156845973,-20.78321444184013
226,0.0,5.0,2.0,1.0,2.0,0.9475017086026214,-11.194062862700346,-11.194096855034633,0.35386547363655035,0.30432350989693474,-20.78246902559887
227,0.0,5.0,2.0,1.0,2.0,0.9491988977343857,-11.194732111732977,-11.193556295296773,0.3575640648495795,0.3032342890584412,-20.778291155387343
228,0.0,5.0,2.0,1.0,2.0,0.9492681271902152,-11.194634375389741,-11.194163310341285,0.3510376325032442,0.30430755197903264,-20.784184374058537
229,0.0,5.0,2.0,1.0,2.0,0.946194780567268,-11.192583674610066,-11.194202584466156,0.3610046285776489,0.30054611785356833,-20.77904073207774
230,0.0,5.0,2.0,1.0,3.0,0.8768260234498044,-11.314589095127825,-11.313292315030585,0.4396098997891203,0.3698998483329644,-20.941545638586526
231,0.0,5.0,2.0,1.0,3.0,0.876973203873756,-11.31329139017329,-11.313546432208042,0.4409376363745783,0.3719351143117513,-20.93699186782125
232,0.0,5.0,2.0,1.0,3.0,0.8780016740370973,-11.309033572645415,-11.309488864046376,0.44085121377143177,0.3750990345585635,-20.9245705143247
233,0.0,5.0,2.0,1.0,3.0,0.878779258154282,-11.31297772558368,-11.312021492229027,0.4396497825874637,0.3689720150666489,-20.937598162004313
234,0.0,5.0,2.0,1.0,3.0,0.8808593395342227,-11.313728157942798,-11.311346232282872,0.4399038154733855,0.36960636616402565,-20.934704869054038
235,0.0,5.0,2.0,1.0,3.0,0.881432660079631,-11.312979467288166,-11.312104047986926,0.4387483192408825,0.36915616365035575,-20.935746372304223
236,0.0,5.0,2.0,1.0,3.0,0.8741246757884416,-11.316601359925302,-11.316621856571865,0.44052871142254296,0.3669343497210062,-20.951635479565176
237,0.0,5.0,2.0,1.0,3.0,0.8748794697960016,-11.31496644007511,-11.313849216391441,0.4407201403833064,0.37043168485544775,-20.942784361431798
238,0.0,5.0,2.0,1.0,3.0,0.8812202164687876,-11.312593861587192,-11.31086739019472,0.43870809199377186,0.3693984984635331,-20.93413444485582
239,0.0,5.0,2.0,1.0,3.0,0.8775643200665509,-11.313889639734413,-11.314485205626813,0.43935515784018603,0.3686151010388204,-20.94284026641567
240,0.0,6.0,2.0,1.0,0.0,0.9395523343838397,-11.20371448404124,-11.203010001811041,0.3100165741941789,0.33500019579031864,-20.822155381483945
241,0.0,6.0,2.0,1.0,0.0,0.9406209240955155,-11.202251748369665,-11.20181927203321,0.3096049380005748,0.33663960780830154,-20.817205550498485
242,0.0,6.0,2.0,1.0,0.0,0.93775005267895,-11.20170401257317,-11.203082014658824,0.3093946615730218,0.3335193890610157,-20.824121923919
243,0.0,6.0,2.0,1.0,0.0,0.9430262309191179,-11.20241907507384,-11.201654224156522,0.3088849365518414,0.3310813619904138,-20.82108076976899
244,0.0,6.0,2.0,1.0,0.0,0.9438219207403611,-11.203039618466988,-11.20298695896353,0.30943954198289364,0.3351807516912637,-20.817584363015996
245,0.0,6.0,2.0,1.0,0.0,0.9423179413748234,-11.202884087931542,-11.202419418445249,0.30910690991373174,0.3362629143885928,-20.817615740699647
246,0.0,6.0,2.0,1.0,0.0,0.9425881233694805,-11.203275625892237,-11.203710622402276,0.3104505117923933,0.3338043116864291,-20.820143301446212
247,0.0,6.0,2.0,1.0,0.0,0.9442396483585543,-11.20260945271878,-11.202449324731113,0.30926785996142375,0.3314883832211188,-20.8200628859088
248,0.0,6.0,2.0,1.0,0.0,0.9429173078504549,-11.202802073148645,-11.201321834751539,0.3091542827313915,0.33314113919825245,-20.818911178120082
249,0.0,6.0,2.0,1.0,0.0,0.9457766674332271,-11.203780743690574,-11.204101387481302,0.31173331854497544,0.33284556379038277,-20.817526581403293
250,0.0,6.0,2.0,1.0,1.0,0.8871017992521832,-11.32589713353689,-11.326612415702977,0.4096123656898509,0.4232344917470247,-20.932560892550807
251,0.0,6.0,2.0,1.0,1.0,0.8842739729694769,-11.32963409951755,-11.3298216614634,0.41171650765742474,0.4225909963572638,-20.940874283996784
252,0.0,6.0,2.0,1.0,1.0,0.8788578614506388,-11.32744805492106,-11.32676578743928,0.41236070123988955,0.4237356967108996,-20.93925958295891
253,0.0,6.0,2.0,1.0,1.0,0.8854620394455333,-11.331858453422177,-11.328919719169741,0.4127698094183009,0.4236137005068412,-20.93893262322124
254,0.0,6.0,2.0,1.0,1.0,0.8854549124137479,-11.331151973463239,-11.329869927289534,0.4113973207620359,0.4232268213580812,-20.94094284621891
255,0.0,6.0,2.0,1.0,1.0,0.8817081382363833,-11.331814974149069,-11.332314138822003,0.41482846431782605,0.4225783953452039,-20.945014115071658
256,0.0,6.0,2.0,1.0,1.0,0.87850642747062,-11.332288282566331,-11.33062700936989,0.4092471560297319,0.42698487809098956,-20.948176830344877
257,0.0,6.0,2.0,1.0,1.0,0.8865221021096317,-11.330665697881154,-11.330430285350806,0.41120055499901603,0.42335210835776566,-20.940021217765548
258,0.0,6.0,2.0,1.0,1.0,0.8822386581673711,-11.33286879738172,-11.333878506284183,0.40833578418848443,0.42830073091011417,-20.947872130399936
259,0.0,6.0,2.0,1.0,1.0,0.8882048487546694,-11.330010312414494,-11.330871304492561,0.4117269378017355,0.4229890186870534,-20.937960811663597
260,0.0,6.0,2.0,1.0,2.0,0.9455018124810489,-11.194194456647043,-11.193941305721697,0.3544285282758849,0.30595407923788903,-20.782251342373918
261,0.0,6.0,2.0,1.0,2.0,0.9475411140107785,-11.193897947056763,-11.193858899506584,0.35351176607169305,0.30436670215740613,-20.782337264323466
262,0.0,6.0,2.0,1.0,2.0,0.9481448681105156,-11.195335183330135,-11.19506026104194,0.35158801191071243,0.30422685953252415,-20.78643570481832
263,0.0,6.0,2.0,1.0,2.0,0.9489796988554553,-11.19592931985044,-11.194602594294517,0.3515210590680957,0.3039949253642319,-20.786036230857178
264,0.0,6.0,2.0,1.0,2.0,0.9471058621566717,-11.194498303277152,-11.193379733274583,0.35502523816830156,0.30384445292952483,-20.781902483297237
265,0.0,6.0,2.0,1.0,2.0,0.9490610537404308,-11.195419476733727,-11.193717530767124,0.3579496712782333,0.30125717385022444,-20.78086910863196
266,0.0,6.0,2.0,1.0,2.0,0.9492027232496917,-11.194449441376188,-11.195664133101092,0.3539612616136667,0.3040080726009207,-20.782941517013
267,0.0,6.0,2.0,1.0,2.0,0.9489485821452271,-11.194572099220187,-11.192146599807709,0.3584204455712956,0.30453861425582246,-20.77481105705555
268,0.0,6.0,2.0,1.0,2.0,0.9492668000542793,-11.196982448336218,-11.196425256161463,0.3528336185087104,0.30474756497217204,-20.78655972096252
269,0.0,6.0,2.0,1.0,2.0,0.9478966019616849,-11.19532700821656,-11.194623835342272,0.3539518004053705,0.30390383890104167,-20.784198602290736
270,0.0,6.0,2.0,1.0,3.0,0.8750460539155063,-11.31503531417879,-11.31454105566959,0.4402016957651596,0.3709066550213476,-20.943421965146367
271,0.0,6.0,2.0,1.0,3.0,0.8724531833538596,-11.312835099032137,-11.316294013083386,0.43959976602428064,0.3672460913723081,-20.949830071365074
272,0.0,6.0,2.0,1.0,3.0,0.875096178699006,-11.3153894745817,-11.314576035810976,0.4406934377456046,0.3703883932689902,-20.943787500679075
273,0.0,6.0,2.0,1.0,3.0,0.8768357049562291,-11.31410555949422,-11.314281430633699,0.43988009671503236,0.3693800257490061,-20.94229116270765
274,0.0,6.0,2.0,1.0,3.0,0.875489488516231,-11.311839953004098,-11.312530076564576,0.4400033606202373,0.3688443730710087,-20.940032807361195
275,0.0,6.0,2.0,1.0,3.0,0.8750707744132905,-11.315823222646097,-11.31549600475905,0.4405979883480741,0.3694638385925898,-20.94618662605119
276,0.0,6.0,2.0,1.0,3.0,0.8740797606181531,-11.31455782599595,-11.314752339830205,0.4404871796395275,0.369316946483743,-20.94542627908473
277,0.0,6.0,2.0,1.0,3.0,0.8761705338194663,-11.314749182961425,-11.314073395757449,0.4401068921837018,0.3694192640313587,-20.943125888684346
278,0.0,6.0,2.0,1.0,3.0,0.8758526924455248,-11.315057910384775,-11.31372224982904,0.43994625906789436,0.3683900948836576,-20.944591113816735
279,0.0,6.0,2.0,1.0,3.0,0.8798593294032576,-11.313300269396127,-11.310657973435461,0.439746663112092,0.3685763842821894,-20.93577586603405
280,0.0,7.0,2.0,1.0,0.0,0.9383883727818323,-11.202307488261438,-11.202831773133504,0.3105614009045401,0.3346906540978963,-20.821498833610672
281,0.0,7.0,2.0,1.0,0.0,0.9464190606124142,-11.201824260228346,-11.202207165664555,0.3127795146037419,0.3340638834821629,-20.810768967194583
282,0.0,7.0,2.0,1.0,0.0,0.9423050908637899,-11.20059952554654,-11.200449352738808,0.3157679851057094,0.33482560145941115,-20.80815020085644
283,0.0,7.0,2.0,1.0,0.0,0.9344758322094979,-11.201056602398555,-11.203338414008925,0.30993642628767654,0.3380283441563707,-20.821954413753936
284,0.0,7.0,2.0,1.0,0.0,0.9508831639268569,-11.200275569712224,-11.199964372592719,0.3115702774001953,0.3350885336071734,-20.802697967370715
285,0.0,7.0,2.0,1.0,0.0,0.9476104017899555,-11.202785675716237,-11.201380783866862,0.31278800769169984,0.33345732425967234,-20.81031072584177
286,0.0,7.0,2.0,1.0,0.0,0.9400261203701399,-11.202468779581745,-11.20179627898599,0.31538979402343054,0.33275138171876745,-20.816097762455396
287,0.0,7.0,2.0,1.0,0.0,0.939001894643923,-11.204429140837012,-11.20343961003281,0.30884583605466537,0.33616827059191984,-20.823852749579316
288,0.0,7.0,2.0,1.0,0.0,0.9358091487340172,-11.201879224546103,-11.203461143998872,0.31098053904216016,0.3357642715667425,-20.822786409202056
289,0.0,7.0,2.0,1.0,0.0,0.9443615623533118,-11.202777539564638,-11.200504633135536,0.32821958149381797,0.3432354676309374,-20.787465561222106
290,0.0,7.0,2.0,1.0,1.0,0.8861155917819867,-11.33122872167704,-11.330242033037198,0.4116021748077201,0.42388320689754827,-20.93986978122698
291,0.0,7.0,2.0,1.0,1.0,0.8815040169301487,-11.3338588376029,-11.333311217711085,0.4125358242707542,0.42474199730782536,-20.948388216805256
292,0.0,7.0,2.0,1.0,1.0,0.8871387505181589,-11.33210105447542,-11.332704057312336,0.4136223094581569,0.4240880704882118,-20.93995598132323
293,0.0,7.0,2.0,1.0,1.0,0.8900620988852718,-11.332040128375397,-11.331505350851687,0.4116343724657623,0.4239652178162823,-20.937883790059768
294,0.0,7.0,2.0,1.0,1.0,0.886168030721902,-11.330816527937545,-11.33091699134736,0.41211218651409454,0.42260254727505453,-20.940850754773855
295,0.0,7.0,2.0,1.0,1.0,0.8874714748520834,-11.332064958178268,-11.332337017136366,0.41278504500235275,0.4231721980992679,-20.94097325736093
296,0.0,7.0,2.0,1.0,1.0,0.8876888126515003,-11.327235236703133,-11.329809823709281,0.41023457532121366,0.422942976015715,-20.936178696423987
297,0.0,7.0,2.0,1.0,1.0,0.8893424385502224,-11.331920232472777,-11.331048633914415,0.4132245998410825,0.4246165354487163,-20.93578529254717
298,0.0,7.0,2.0,1.0,1.0,0.8944773929094783,-11.326786616821678,-11.325398461461878,0.4095813299677189,0.42288558488775074,-20.92524077051861
299,0.0,7.0,2.0,1.0,1.0,0.8980908865126825,-11.322629195066536,-11.321592503080563,0.41059158123640005,0.4222217885223629,-20.913317441875652
300,0.0,7.0,2.0,1.0,2.0,0.9499773266506032,-11.194922498501077,-11.19411017470214,0.35046690363366056,0.3061943821374289,-20.782394060781527
301,0.0,7.0,2.0,1.0,2.0,0.9465193086198601,-11.195549752825784,-11.19447557702762,0.35290036662710195,0.3038476447370038,-20.786758009869438
302,0.0,7.0,2.0,1.0,2.0,0.9523760261928953,-11.192480971707779,-11.193996450982127,0.35512758467965927,0.30263323828811817,-20.776340573529232
303,0.0,7.0,2.0,1.0,2.0,0.9467685953046189,-11.19474578679419,-11.194228039071673,0.35835369102592296,0.3036759305971066,-20.780175608938215
304,0.0,7.0,2.0,1.0,2.0,0.9519776353924251,-11.194856915096846,-11.194497812491695,0.3504275866234034,0.3046680639338479,-20.782281441638865
305,0.0,7.0,2.0,1.0,2.0,0.9469363006523678,-11.194625816681757,-11.192902484674033,0.3538361813201981,0.3036958083782332,-20.78306001100499
306,0.0,7.0,2.0,1.0,2.0,0.947411191641372,-11.194549401138914,-11.193893060424701,0.35444979681933164,0.30463489220880935,-20.7819465808941
307,0.0,7.0,2.0,1.0,2.0,0.9406640682536729,-11.190087526805547,-11.189127000318905,0.36948593429415677,0.30009006401487914,-20.768974460561743
308,0.0,7.0,2.0,1.0,2.0,0.9467056929426534,-11.193028031794393,-11.193489742660198,0.35718524283253145,0.30306417946206493,-20.77956265921734
309,0.0,7.0,2.0,1.0,2.0,0.9493057819344357,-11.196623037206072,-11.196484474332966,0.35141658227506245,0.30420030921983016,-20.788184838109707
310,0.0,7.0,2.0,1.0,3.0,0.8744196073386539,-11.314947662758989,-11.314765165496846,0.4408494430794982,0.3677528733318849,-20.9466909045058
311,0.0,7.0,2.0,1.0,3.0,0.8758881218954414,-11.314392482082859,-11.31409907927724,0.4408564093660842,0.36880921085396795,-20.942937819244605
312,0.0,7.0,2.0,1.0,3.0,0.8748286493087098,-11.314843186565806,-11.314034969867492,0.4414539760344846,0.370563220882972,-20.942032310207132
313,0.0,7.0,2.0,1.0,3.0,0.8756693802409027,-11.31441784003965,-11.314567622299098,0.4408317470210953,0.3718816592845572,-20.940602675792192
314,0.0,7.0,2.0,1.0,3.0,0.8746656639240429,-11.314478576532027,-11.314204476354075,0.4397288560367436,0.3660548554154962,-20.94823367750982
315,0.0,7.0,2.0,1.0,3.0,0.8737808871765931,-11.316080571834732,-11.313839097310895,0.44102576403884963,0.3684015601455886,-20.9467114577846
316,0.0,7.0,2.0,1.0,3.0,0.8719638011361264,-11.313060271987299,-11.312042001210102,0.4417805462068922,0.3717583309111762,-20.939599594943203
317,0.0,7.0,2.0,1.0,3.0,0.8737901322655127,-11.312227962819899,-11.311651074302441,0.4446282544483107,0.36120295755102677,-20.94425769285749
318,0.0,7.0,2.0,1.0,3.0,0.8747065396662675,-11.311911709965491,-11.316861238593148,0.4405007008376981,0.3720684412162003,-20.94149726683847
319,0.0,7.0,2.0,1.0,3.0,0.8750636301878966,-11.314784549036805,-11.314286441036634,0.4396708213769812,0.37020749598212516,-20.944129042526434
320,0.0,8.0,2.0,1.0,0.0,0.9446928011484089,-11.200107206021038,-11.201554552750522,0.31370980763506756,0.33361430628073685,-20.809644843707346
321,0.0,8.0,2.0,1.0,0.0,0.9470855734350324,-11.201000042882097,-11.200756369492636,0.3155022200458102,0.33540752184739486,-20.803761097046493
322,0.0,8.0,2.0,1.0,0.0,0.9389633961893669,-11.202791701401171,-11.20303174681404,0.30981116480257337,0.333896355438852,-20.823152531784416
323,0.0,8.0,2.0,1.0,0.0,0.9379201516068103,-11.203645210772954,-11.203561078918224,0.3094417198052716,0.3350047916493513,-20.824839626629746
324,0.0,8.0,2.0,1.0,0.0,0.9374675080545094,-11.20265857945494,-11.202013743953641,0.3082478751076398,0.3369710603976352,-20.8219858798488
325,0.0,8.0,2.0,1.0,0.0,0.9413062047993853,-11.200342184958004,-11.200458607170859,0.31131236934046647,0.3315667061193663,-20.816615511869642
326,0.0,8.0,2.0,1.0,0.0,0.9393467366148015,-11.20334608826913,-11.202970358936156,0.30932174331170864,0.3363225182722218,-20.82132544900655
327,0.0,8.0,2.0,1.0,0.0,0.9377906313371294,-11.201926754396787,-11.200703662321681,0.3099847780725512,0.33803775411609605,-20.81681725319269
328,0.0,8.0,2.0,1.0,0.0,0.9412996533974295,-11.203542066849007,-11.202423569154577,0.30980415096073977,0.33332939571108516,-20.82153243593433
329,0.0,8.0,2.0,1.0,0.0,0.9405862226580478,-11.20350747752352,-11.201265767431583,0.30963157934065066,0.3348013888652859,-20.819754054091117
330,0.0,8.0,2.0,1.0,1.0,0.8895417559304002,-11.328764358446712,-11.330186182982256,0.4116029942330911,0.42600215459236124,-20.931803636673116
331,0.0,8.0,2.0,1.0,1.0,0.8930832737430828,-11.3249521307556,-11.325181396425176,0.41527650158703455,0.4235638052008438,-20.918209946649817
332,0.0,8.0,2.0,1.0,1.0,0.8884460245893927,-11.327824292211305,-11.32936169440649,0.41411725053636567,0.42290937068314627,-20.931713340808894
333,0.0,8.0,2.0,1.0,1.0,0.8889201480555697,-11.326008854317827,-11.326177344853376,0.41065849196927645,0.4226632606037924,-20.929944298542566
334,0.0,8.0,2.0,1.0,1.0,0.8874989381711297,-11.330043293286343,-11.329911766838865,0.413609601161221,0.42222618126468797,-20.936620339528172
335,0.0,8.0,2.0,1.0,1.0,0.8898463730017344,-11.329955168735415,-11.330693783415418,0.4108152231909841,0.4227671241655084,-20.937220231792608
336,0.0,8.0,2.0,1.0,1.0,0.8897466744254439,-11.33306113342444,-11.331417571423815,0.41080361099565266,0.422935768982877,-20.94099265044428
337,0.0,8.0,2.0,1.0,1.0,0.8763913888403144,-11.328462418439436,-11.331344182990035,0.4115819965297242,0.4286624929797994,-20.943170723079632
338,0.0,8.0,2.0,1.0,1.0,0.8888274625901664,-11.32636210699876,-11.324480661847154,0.4122378252149356,0.42191108748063344,-20.92786639356018
339,0.0,8.0,2.0,1.0,1.0,0.8824384745271231,-11.328923238702371,-11.32719397046939,0.41052848155562743,0.4232219198232732,-20.939928333265737
340,0.0,8.0,2.0,1.0,2.0,0.9528027314469725,-11.196768744052672,-11.196475122733181,0.35143646180045873,0.30901407460086655,-20.779990598937555
341,0.0,8.0,2.0,1.0,2.0,0.9500366671768581,-11.199211647453762,-11.194807412563538,0.3522084718929813,0.3079773648758765,-20.78379655607158
342,0.0,8.0,2.0,1.0,2.0,0.9507013503152903,-11.194069296900107,-11.1929553876726,0.35443948302106365,0.304533204561509,-20.777350646674844
343,0.0,8.0,2.0,1.0,2.0,0.9457619081290604,-11.191714033310106,-11.192268930215414,0.36092190474413927,0.3013244449462045,-20.77597470570612
344,0.0,8.0,2.0,1.0,2.0,0.9488642693062622,-11.19565737881628,-11.195869006186117,0.35015948178057343,0.3050084930659172,-20.787494140849645
345,0.0,8.0,2.0,1.0,2.0,0.9466943537089088,-11.193842967436428,-11.192261253854856,0.35669055204744665,0.3042500191284375,-20.77846929640649
346,0.0,8.0,2.0,1.0,2.0,0.946373015710083,-11.194491751080468,-11.194150169601246,0.35688364256047456,0.3042862250285172,-20.78109903738264
347,0.0,8.0,2.0,1.0,2.0,0.9442612322997681,-11.19611127205852,-11.193481036704414,0.35140126752045064,0.3041786988038347,-20.78975111013888
348,0.0,8.0,2.0,1.0,2.0,0.9466744971777104,-11.19429925558113,-11.192846592279519,0.3539915091186235,0.3042021483175245,-20.78227769324679
349,0.0,8.0,2.0,1.0,2.0,0.9453519290543738,-11.196166002434127,-11.195112306313451,0.3531005139880003,0.30447453550061687,-20.788351330204588
350,0.0,8.0,2.0,1.0,3.0,0.8761380524244032,-11.31819943906904,-11.315844687122066,0.4392322816963301,0.37430989950990345,-20.94436389256047
351,0.0,8.0,2.0,1.0,3.0,0.8739786806347823,-11.315770573972845,-11.315418011424494,0.4396988538299769,0.36996480742266696,-20.947546243509912
352,0.0,8.0,2.0,1.0,3.0,0.8759750567300587,-11.315014712032006,-11.311701494070137,0.44141586425137663,0.36990398567708427,-20.939421299443623
353,0.0,8.0,2.0,1.0,3.0,0.8767278207868946,-11.312598545859458,-11.312840993185432,0.4396554984289798,0.3703454717420371,-20.938710748086976
354,0.0,8.0,2.0,1.0,3.0,0.880598588616264,-11.31335930921188,-11.312473917777847,0.4393257264109316,0.37328948812581425,-20.932619423836716
355,0.0,8.0,2.0,1.0,3.0,0.8754049921649046,-11.314083046969913,-11.315075721091965,0.44132639194585277,0.37058206567806856,-20.941845318273053
356,0.0,8.0,2.0,1.0,3.0,0.8756204151661218,-11.314823847550926,-11.314285594111396,0.44048984139942293,0.3696621030486081,-20.94333708204817
357,0.0,8.0,2.0,1.0,3.0,0.8766665823889427,-11.31389943017846,-11.312147382509952,0.43915569348786615,0.3699946433103954,-20.940229893501208
358,0.0,8.0,2.0,1.0,3.0,0.873664628117263,-11.31238939297848,-11.314277761444753,0.4408022122916949,0.36872241154857943,-20.9434779024657
359,0.0,8.0,2.0,1.0,3.0,0.8759727093628069,-11.3148212692324,-11.314858251562736,0.44034300875096094,0.3692759168347293,-20.94408788584664
