,test_id,kcid,lmc_prior_code,lengthscale_prior_code,input,test_data,elpd_waic,p_waic,se,warning,n_data_points,n_samples,scale,elpd_waic_y0,elpd_waic_y1,elpd_waic_y2,elpd_waic_y3,elpd_waic_y4
0,0,0,2,1,0,1,8158.265926555929,2.936250054414132,277.1548782871181,False,1960,300,log,-368.17371,4390.17015,4390.30172,-121.63038,-132.40185
1,0,0,2,1,0,1,8158.303638174662,3.0145645614452574,277.21798512046576,False,1960,300,log,-368.30453,4390.74134,4390.50165,-121.11253,-133.52229
2,0,0,2,1,0,1,8159.355681833749,2.7778450213269084,277.1108844598366,False,1960,300,log,-367.5047,4390.61581,4390.31437,-121.31244,-132.75736
3,0,0,2,1,0,1,8158.056101140374,3.0593922033704146,277.2481611513659,False,1960,300,log,-369.05586,4390.9313,4390.53414,-121.10608,-133.2474
4,0,0,2,1,0,1,8160.0202927618475,2.888177855932822,277.20108578739905,False,1960,300,log,-368.31305,4390.60377,4390.69226,-122.56395,-130.39874
5,0,0,2,1,0,1,8161.205770127847,2.782918789259206,277.20598609932307,False,1960,300,log,-368.31894,4391.01524,4390.85219,-122.13465,-130.20808
6,0,0,2,1,0,1,8161.260120438257,2.788989930860712,277.27250684724396,False,1960,300,log,-368.7152,4391.62484,4391.34822,-120.81113,-132.18661
7,0,0,2,1,0,1,8158.834541798204,2.883984932068553,277.19480382481635,False,1960,300,log,-369.98197,4390.8411,4390.23363,-122.31416,-129.94406
8,0,0,2,1,0,1,8161.643248901759,2.818248312789792,277.2731766973823,False,1960,300,log,-369.19255,4391.65582,4391.31103,-121.50399,-130.62705
9,0,0,2,1,0,1,8154.449914516759,3.4622338393558056,277.1887301029153,False,1960,300,log,-370.53444,4389.91292,4389.61922,-120.94444,-133.60334
10,0,0,2,1,1,1,8205.672109280848,3.1220379634528,281.1177473268821,False,1960,300,log,-348.97372,4441.6294,4441.30801,-161.8611,-166.43049
11,0,0,2,1,1,1,8206.472491505736,3.319070444792911,280.94119013540575,False,1960,300,log,-348.37955,4441.27054,4441.60027,-162.21626,-165.80252
12,0,0,2,1,1,1,8205.97535109067,3.214975123035589,280.80470211496123,False,1960,300,log,-348.08878,4440.41323,4440.97801,-161.6378,-165.68931
13,0,0,2,1,1,1,8205.368321005815,3.1709598639940775,281.05875013611814,False,1960,300,log,-349.02625,4441.73932,4441.50205,-162.86053,-165.98627
14,0,0,2,1,1,1,8203.199648761745,3.6728815090270763,280.74295984673535,False,1960,300,log,-348.97257,4439.8673,4439.60668,-161.5945,-165.70726
15,0,0,2,1,1,1,8206.930840758574,3.08536049257646,280.9053685067303,False,1960,300,log,-347.73417,4441.36562,4441.30143,-162.38102,-165.62102
16,0,0,2,1,1,1,8207.76468442259,3.172434501948407,280.8448640275346,False,1960,300,log,-347.04931,4440.95719,4441.50733,-162.07941,-165.57111
17,0,0,2,1,1,1,8206.024610460578,3.026958481752945,280.9335201174333,False,1960,300,log,-348.44187,4441.31767,4441.41343,-162.59792,-165.6667
18,0,0,2,1,1,1,8203.069758797534,4.526440733791198,281.1071929107955,False,1960,300,log,-349.58233,4440.98805,4440.84646,-162.22421,-166.95821
19,0,0,2,1,1,1,8207.790591759187,3.0089547134104313,280.9785084035916,False,1960,300,log,-347.73366,4441.93766,4441.62972,-161.636,-166.40713
20,0,0,2,1,2,1,8144.326838449981,2.857813793092074,277.2295616971701,False,1960,300,log,-372.2935,4387.96007,4387.79773,-139.62376,-119.5137
21,0,0,2,1,2,1,8150.646750048368,2.912102827381843,277.2709314610167,False,1960,300,log,-370.96537,4389.15354,4388.76705,-138.45967,-117.84879
22,0,0,2,1,2,1,8143.365037232784,2.8080728544633535,277.190554850835,False,1960,300,log,-370.14789,4387.19481,4386.93835,-141.86129,-118.75894
23,0,0,2,1,2,1,8143.769517848859,2.8588133860127782,277.2345614426686,False,1960,300,log,-370.52662,4387.06556,4387.17216,-141.56911,-118.37247
24,0,0,2,1,2,1,8142.611892235114,3.0070541755229216,277.22286932472065,False,1960,300,log,-370.56313,4387.30929,4387.47697,-143.38029,-118.23096
25,0,0,2,1,2,1,8148.181441105016,2.599513022541183,277.25477310724364,False,1960,300,log,-372.02284,4388.66623,4388.4873,-137.62229,-119.32696
26,0,0,2,1,2,1,8142.882275310078,2.7233370285594924,277.2483766535365,False,1960,300,log,-370.82641,4387.54077,4386.81065,-141.40548,-119.23725
27,0,0,2,1,2,1,8144.096360341173,2.537161951760337,277.27601689685963,False,1960,300,log,-372.71515,4387.68116,4387.61753,-139.59657,-118.89062
28,0,0,2,1,2,1,8143.9102368269805,2.6502191548569782,277.28734126374826,False,1960,300,log,-371.4503,4387.39868,4387.27388,-140.85981,-118.45222
29,0,0,2,1,2,1,8146.511323513799,2.9353487935450064,277.1896017699518,False,1960,300,log,-371.73009,4388.14628,4388.14914,-138.454,-119.60002
30,0,0,2,1,3,1,8206.340184324254,3.622838818526519,280.06868594963896,False,1960,300,log,-345.36471,4433.78836,4434.17131,-172.31234,-143.94243
31,0,0,2,1,3,1,8209.58652893829,3.397069336869073,280.16288115177747,False,1960,300,log,-343.39616,4434.71968,4434.94304,-172.41049,-144.26955
32,0,0,2,1,3,1,8202.442561534845,5.028125149976507,280.0712751676852,False,1960,300,log,-346.51894,4433.45572,4432.71418,-172.58305,-144.62535
33,0,0,2,1,3,1,8204.705113514221,3.214883742568573,280.0332498054561,False,1960,300,log,-345.27787,4433.44723,4433.48957,-172.06776,-144.88606
34,0,0,2,1,3,1,8207.742129853392,3.279300343016703,280.1522420311791,False,1960,300,log,-344.66411,4433.84965,4434.98024,-172.11012,-144.31353
35,0,0,2,1,3,1,8209.172971255404,3.52803051745943,280.1919996704315,False,1960,300,log,-342.82712,4435.0421,4435.06151,-172.88632,-145.2172
36,0,0,2,1,3,1,8203.067531167062,3.3706820066050516,280.0302653930483,False,1960,300,log,-346.46457,4433.19063,4433.03537,-172.33108,-144.36281
37,0,0,2,1,3,1,8208.1142461569,3.512833181712675,280.1209592242923,False,1960,300,log,-344.54068,4434.17401,4434.64435,-172.32701,-143.83641
38,0,0,2,1,3,1,8210.24300885514,3.3103648808215205,280.18503893384934,False,1960,300,log,-342.74908,4435.19078,4434.90011,-172.57244,-144.52636
39,0,0,2,1,3,1,8207.11870014104,3.282552129807694,280.1444356537246,False,1960,300,log,-344.7529,4434.42356,4434.12974,-172.3762,-144.30551
40,0,1,2,1,0,1,8157.933229882039,3.681140151316762,277.26202873511716,False,1960,300,log,-368.49869,4390.74465,4390.80871,-122.17352,-132.94792
41,0,1,2,1,0,1,8156.505175993717,3.4096602616879643,277.335495758688,False,1960,300,log,-371.37534,4390.87933,4391.1214,-122.45287,-131.66734
42,0,1,2,1,0,1,8162.21737035345,2.9615254420359065,277.2577328488128,False,1960,300,log,-367.84006,4391.81786,4391.28117,-121.73074,-131.31085
43,0,1,2,1,0,1,8160.508760274746,2.426465892490104,277.2001386950986,False,1960,300,log,-367.51396,4391.08453,4390.81391,-121.86569,-132.01003
44,0,1,2,1,0,1,8159.236659413782,2.7707275813745724,277.15997482259144,False,1960,300,log,-369.44785,4390.27962,4390.31409,-121.51639,-130.39282
45,0,1,2,1,0,1,8160.399931329456,3.266113087637869,277.2586708740078,False,1960,300,log,-368.87898,4391.18261,4391.03167,-121.0215,-131.91386
46,0,1,2,1,0,1,8157.973898087863,2.95150096235691,277.16873077793605,False,1960,300,log,-368.50354,4390.05586,4390.26607,-121.00198,-132.84251
47,0,1,2,1,0,1,8156.982858842748,2.771007026833587,277.2280216403437,False,1960,300,log,-369.61856,4390.25003,4390.33596,-122.06402,-131.92055
48,0,1,2,1,0,1,8119.210622362968,3.263033027860426,277.32978318814475,False,1960,300,log,-374.02835,4387.14971,4385.20387,-142.50158,-136.61302
49,0,1,2,1,0,1,8156.127530314732,3.215519584981332,277.2562910347087,False,1960,300,log,-371.27154,4390.27594,4390.75602,-120.3942,-133.23869
50,0,1,2,1,1,1,8207.927905594512,3.5190660774263165,280.79253269680186,False,1960,300,log,-346.69229,4440.85059,4440.87558,-161.23726,-165.86871
51,0,1,2,1,1,1,8207.509665351248,2.9736699755435176,280.7777126908269,False,1960,300,log,-347.14052,4440.2616,4441.47885,-161.39987,-165.69039
52,0,1,2,1,1,1,8207.188999146976,3.1483353094609265,281.0627926882175,False,1960,300,log,-348.50435,4442.06776,4442.14794,-162.47379,-166.04856
53,0,1,2,1,1,1,8206.066845146048,3.231421573487072,280.77325955228713,False,1960,300,log,-347.92104,4440.23772,4440.93907,-161.6705,-165.51841
54,0,1,2,1,1,1,8205.127227583649,3.9039941277979433,280.66847254031904,False,1960,300,log,-346.87752,4439.12564,4439.84166,-160.97216,-165.9904
55,0,1,2,1,1,1,8206.457352371348,3.1875358345813933,280.9718175701606,False,1960,300,log,-347.96153,4441.45107,4441.07454,-162.28161,-165.82512
56,0,1,2,1,1,1,8205.43008204196,3.734746640663282,280.94291024523744,False,1960,300,log,-345.50773,4441.13646,4440.1508,-162.93708,-167.41237
57,0,1,2,1,1,1,8206.56559184642,3.240844549721217,280.83593146660843,False,1960,300,log,-347.67639,4441.05059,4440.85581,-161.96733,-165.69709
58,0,1,2,1,1,1,8207.728858205352,3.097096271865344,280.8475737490175,False,1960,300,log,-346.46904,4440.93352,4440.81735,-161.53869,-166.01428
59,0,1,2,1,1,1,8204.469805888539,3.5473934919923726,280.6823882334011,False,1960,300,log,-347.85953,4438.55522,4440.43672,-160.84695,-165.81565
60,0,1,2,1,2,1,8141.763878314452,3.4716153584028775,277.2734367574926,False,1960,300,log,-373.51349,4386.82388,4386.80293,-139.35227,-118.99717
61,0,1,2,1,2,1,8143.649455008559,2.7637249927777603,277.26314246197444,False,1960,300,log,-371.83179,4387.56365,4387.48411,-140.2245,-119.34201
62,0,1,2,1,2,1,8142.981508797784,2.6822909151043284,277.2806904478739,False,1960,300,log,-371.41635,4387.32296,4387.51159,-141.6946,-118.74208
63,0,1,2,1,2,1,8128.03112542322,3.2417820073556083,277.17673032408806,False,1960,300,log,-372.16242,4383.46417,4385.50188,-150.46737,-118.30513
64,0,1,2,1,2,1,8141.884557885505,2.9741216934550923,277.23588593342913,False,1960,300,log,-371.477,4387.49619,4386.29404,-141.77083,-118.65784
65,0,1,2,1,2,1,8140.025047624242,4.149741513976845,277.2256890791626,False,1960,300,log,-372.26818,4386.19078,4387.21197,-140.98927,-120.12025
66,0,1,2,1,2,1,8139.254671227417,4.4923965263946535,277.16805185819476,False,1960,300,log,-371.07234,4386.58432,4386.92796,-143.5121,-119.67317
67,0,1,2,1,2,1,8144.267126177037,2.5582619908122672,277.2757112312439,False,1960,300,log,-372.07897,4387.60446,4387.59956,-139.83098,-119.02695
68,0,1,2,1,2,1,8145.6313420983115,3.126095621857634,277.21955858699005,False,1960,300,log,-372.07165,4387.48484,4388.4854,-138.35934,-119.90791
69,0,1,2,1,2,1,8145.366627611422,3.3888073664437144,277.21178062888396,False,1960,300,log,-372.47922,4387.78636,4388.23251,-138.20704,-119.96599
70,0,1,2,1,3,1,8210.1751139708,3.489921633629662,280.1346129628967,False,1960,300,log,-342.69036,4435.27253,4434.46464,-172.4395,-144.4322
71,0,1,2,1,3,1,8206.090393735867,3.8845411608819536,280.1279703198224,False,1960,300,log,-344.6001,4434.00753,4434.01144,-172.85354,-144.47494
72,0,1,2,1,3,1,8207.590729941665,3.4757667310045153,280.15937877939774,False,1960,300,log,-342.95425,4434.26138,4434.77832,-172.92907,-145.56565
73,0,1,2,1,3,1,8207.289203601886,3.7479472622489096,280.18989226351647,False,1960,300,log,-344.37042,4434.59959,4434.24968,-172.30334,-144.88631
74,0,1,2,1,3,1,8202.642429584268,3.1013384219140576,280.0536528887042,False,1960,300,log,-346.49818,4433.09499,4433.09459,-172.43406,-144.61491
75,0,1,2,1,3,1,8207.163402787912,3.3486067072172574,280.15813897012987,False,1960,300,log,-343.89013,4434.35945,4434.18855,-172.413,-145.08146
76,0,1,2,1,3,1,8204.14269722578,3.061711673623691,280.02518163849624,False,1960,300,log,-345.85529,4433.30663,4433.15065,-172.56604,-143.89325
77,0,1,2,1,3,1,8208.959335711366,3.652783439846865,280.1791413731415,False,1960,300,log,-343.32199,4434.87147,4434.64532,-172.40945,-144.82602
78,0,1,2,1,3,1,8208.362819578706,3.884929864913068,280.13950558176435,False,1960,300,log,-343.56859,4434.48877,4434.36751,-172.29485,-144.63002
79,0,1,2,1,3,1,8210.536636136268,3.192354945502452,280.1631117800567,False,1960,300,log,-343.04467,4435.09674,4434.80242,-172.46991,-143.84794
80,0,2,2,1,0,1,8151.506871826438,4.343033615078285,277.28688396443044,False,1960,300,log,-370.76325,4389.8114,4389.74928,-123.9971,-133.29346
81,0,2,2,1,0,1,8160.2425085534005,3.0042415252282213,277.25004801454304,False,1960,300,log,-369.38583,4391.27972,4391.16174,-121.0825,-131.73063
82,0,2,2,1,0,1,8159.313224725283,3.403203297791231,277.2889132850042,False,1960,300,log,-369.32837,4391.08716,4391.11699,-122.87601,-130.68655
83,0,2,2,1,0,1,8161.088841119057,2.799831686055339,277.281495638032,False,1960,300,log,-368.90036,4391.01688,4391.42002,-121.86077,-130.58692
84,0,2,2,1,0,1,8161.673787185134,3.3165204367555723,277.2266218414848,False,1960,300,log,-369.0003,4391.22614,4391.01687,-121.22774,-130.34117
85,0,2,2,1,0,1,8160.42365387052,3.7483544494010683,277.1691517242382,False,1960,300,log,-371.05364,4390.71101,4390.27105,-121.24116,-128.2636
86,0,2,2,1,0,1,8155.203408162783,3.789625571565672,277.2676329388222,False,1960,300,log,-370.86896,4390.34404,4390.19047,-123.54641,-130.91573
87,0,2,2,1,0,1,8155.822384253594,4.010883984206202,277.2136644779794,False,1960,300,log,-368.0782,4390.03441,4390.27228,-124.40459,-132.00151
88,0,2,2,1,0,1,8158.276937795597,3.560948386602065,277.2348036434055,False,1960,300,log,-368.78163,4390.69713,4390.36341,-121.75587,-132.24611
89,0,2,2,1,0,1,8155.997850580398,3.207743354097812,277.2384215839114,False,1960,300,log,-369.62695,4390.09697,4390.44217,-121.41904,-133.4953
90,0,2,2,1,1,1,8205.435438144283,3.2086239085852486,280.86183304897276,False,1960,300,log,-347.92091,4440.76581,4440.8067,-162.79977,-165.41639
91,0,2,2,1,1,1,8207.696738965693,3.311469544513432,281.0641754592801,False,1960,300,log,-349.50156,4442.42112,4442.41062,-162.01771,-165.61573
92,0,2,2,1,1,1,8202.388031201088,3.628780452090376,280.5000632648254,False,1960,300,log,-347.02877,4437.36031,4438.72275,-160.36779,-166.29846
93,0,2,2,1,1,1,8202.88192944707,3.6417870611952115,280.5815043096039,False,1960,300,log,-348.06709,4439.23026,4438.30183,-161.13929,-165.44377
94,0,2,2,1,1,1,8208.875778225909,3.7323403181253876,281.0394560471448,False,1960,300,log,-348.82446,4442.38171,4442.39437,-161.32304,-165.75279
95,0,2,2,1,1,1,8205.449657627838,3.450659199913105,280.7218866513682,False,1960,300,log,-346.98314,4440.23839,4439.90692,-162.23968,-165.47283
96,0,2,2,1,1,1,8193.175411123098,4.265544220789056,280.76419065907004,False,1960,300,log,-351.96158,4436.47395,4436.54711,-161.63742,-166.24665
97,0,2,2,1,1,1,8202.482641974579,3.5557847343219713,280.5869914174365,False,1960,300,log,-347.89144,4438.25387,4438.99524,-161.22717,-165.64787
98,0,2,2,1,1,1,8206.235195085805,3.342586279042285,280.9374485862525,False,1960,300,log,-347.79171,4441.18375,4441.03471,-162.42911,-165.76244
99,0,2,2,1,1,1,8205.798877180972,3.55173663936585,280.9857871189402,False,1960,300,log,-348.62672,4441.23047,4441.53127,-161.91797,-166.41817
100,0,2,2,1,2,1,8144.260740527658,5.166116623020902,277.47048097669796,False,1960,300,log,-371.98433,4389.51917,4389.05264,-138.86099,-123.46575
101,0,2,2,1,2,1,8146.284132862393,3.7140310569487056,277.2944523966382,False,1960,300,log,-372.54293,4388.44556,4388.04171,-138.21567,-119.44453
102,0,2,2,1,2,1,8145.832034394387,3.2715877308802916,277.26891325583256,False,1960,300,log,-372.813,4388.46708,4387.83609,-137.79433,-119.86381
103,0,2,2,1,2,1,8142.277276659323,3.2123797173934685,277.30556047397897,False,1960,300,log,-372.67804,4387.46714,4387.15859,-140.1839,-119.48652
104,0,2,2,1,2,1,8144.83995945311,3.295138147559662,277.24810333153846,False,1960,300,log,-371.08995,4388.22237,4387.91376,-140.29906,-119.90717
105,0,2,2,1,2,1,8122.255752106992,3.5198069451859726,277.3143610040643,False,1960,300,log,-374.47522,4387.64144,4381.67061,-151.87616,-120.7049
106,0,2,2,1,2,1,8144.683821451868,4.0291593272263775,277.20696370829256,False,1960,300,log,-372.39686,4387.76223,4387.6867,-138.58041,-119.78784
107,0,2,2,1,2,1,8145.758306997439,3.0667125235801063,277.2291428501762,False,1960,300,log,-371.05329,4387.99456,4387.07838,-138.11755,-120.14379
108,0,2,2,1,2,1,8143.823354611532,3.717681504021532,277.24294063546944,False,1960,300,log,-371.30838,4387.71493,4387.99328,-140.48102,-120.09545
109,0,2,2,1,2,1,8146.0157219659695,2.93426346205139,277.22740159602614,False,1960,300,log,-371.2601,4387.55277,4387.48681,-138.40943,-119.35432
110,0,2,2,1,3,1,8202.932891945276,4.7417516985809165,280.19470070193245,False,1960,300,log,-349.19621,4434.85895,4434.25599,-172.03548,-144.95037
111,0,2,2,1,3,1,8206.02033053312,4.349820589975608,280.16249103945336,False,1960,300,log,-344.09933,4433.70379,4434.09518,-172.59148,-145.08782
112,0,2,2,1,3,1,8207.28773939753,3.6698112731602395,280.18524416410696,False,1960,300,log,-345.39367,4434.35011,4434.62781,-172.14231,-144.1542
113,0,2,2,1,3,1,8205.14157863764,3.9775890008104673,280.1417628952867,False,1960,300,log,-344.63522,4433.94458,4434.39979,-172.72054,-145.84703
114,0,2,2,1,3,1,8207.08256357787,3.2345126792286005,280.1392088695248,False,1960,300,log,-343.80976,4434.25997,4433.98275,-172.45594,-144.89445
115,0,2,2,1,3,1,8201.865171285994,4.123370726126121,280.27977295661225,False,1960,300,log,-344.31713,4434.7147,4434.03443,-172.48774,-150.07909
116,0,2,2,1,3,1,8206.228730103481,3.5423441149380297,280.2202208678251,False,1960,300,log,-345.16298,4435.32984,4433.77092,-172.40202,-145.30704
117,0,2,2,1,3,1,8207.078966384353,3.674101718604531,280.1867779441727,False,1960,300,log,-344.52676,4434.24914,4434.85912,-172.14517,-145.35736
118,0,2,2,1,3,1,8206.920471618192,3.567479079375534,279.9990266400425,False,1960,300,log,-344.31909,4433.84148,4433.6004,-172.64163,-143.56069
119,0,2,2,1,3,1,8205.753761223215,3.3780552491993485,280.1443907172087,False,1960,300,log,-344.39844,4434.15835,4434.01757,-172.50754,-145.51619
120,0,3,2,1,0,1,8153.053146453562,4.429743887216594,277.3037507652279,False,1960,300,log,-371.29557,4389.89308,4390.09414,-123.41444,-132.22406
121,0,3,2,1,0,1,8159.51137300317,3.3865010000183373,277.25686380009995,False,1960,300,log,-369.12827,4391.26494,4390.40346,-122.04273,-130.98602
122,0,3,2,1,0,1,8157.159142613227,4.028414072872605,277.2859320515704,False,1960,300,log,-370.66819,4390.92706,4390.94455,-123.47062,-130.57366
123,0,3,2,1,0,1,8156.221324077074,3.845609574362154,277.2422968594802,False,1960,300,log,-370.2893,4390.42127,4390.40863,-123.73935,-130.57992
124,0,3,2,1,0,1,8156.6564885298685,3.752872966693086,277.2845738469106,False,1960,300,log,-371.04383,4390.80186,4390.66985,-123.36792,-130.40347
125,0,3,2,1,0,1,8159.2526255425655,3.577416205727327,277.29662493129916,False,1960,300,log,-369.66076,4390.57647,4390.8236,-122.05282,-130.43386
126,0,3,2,1,0,1,8159.2088276078875,3.5372888658611004,277.30887028925224,False,1960,300,log,-370.46665,4391.01644,4391.33907,-121.00581,-131.67423
127,0,3,2,1,0,1,8155.607877600009,3.195671237917338,277.2136400429859,False,1960,300,log,-370.13652,4390.29293,4390.00388,-121.59143,-132.96098
128,0,3,2,1,0,1,8160.291446087851,3.2283549090027313,277.1695290411065,False,1960,300,log,-369.00821,4390.36126,4390.07315,-121.41982,-129.71494
129,0,3,2,1,0,1,8154.424859794444,3.887838508998138,277.2997102421621,False,1960,300,log,-371.87834,4390.29691,4390.03355,-123.19609,-130.83118
130,0,3,2,1,1,1,8204.831473991311,3.886755601815726,280.86222017411995,False,1960,300,log,-347.08068,4439.78006,4440.27844,-161.78747,-166.35887
131,0,3,2,1,1,1,8204.029857991578,3.992224987812363,280.9471852967112,False,1960,300,log,-347.39337,4440.079,4440.17639,-162.55619,-166.27597
132,0,3,2,1,1,1,8205.380286919599,3.5860671333032395,281.1077330178532,False,1960,300,log,-348.10136,4441.94333,4441.24141,-162.1261,-167.57698
133,0,3,2,1,1,1,8203.001688788707,3.751675964778749,280.9003103682246,False,1960,300,log,-348.44718,4440.17034,4440.12169,-162.89284,-165.95032
134,0,3,2,1,1,1,8204.867003218564,4.381620047244476,280.9231514410514,False,1960,300,log,-348.35243,4440.72251,4440.70895,-162.2216,-165.99043
135,0,3,2,1,1,1,8206.522528505973,3.5870082332417423,281.06585678500323,False,1960,300,log,-349.12694,4442.27835,4442.04856,-162.24061,-166.43683
136,0,3,2,1,1,1,8205.350726279139,3.8541391899570456,280.8755135590359,False,1960,300,log,-347.86638,4440.87693,4440.41091,-161.69152,-166.37921
137,0,3,2,1,1,1,8206.381286689677,3.549061590563457,280.82913140886023,False,1960,300,log,-347.73244,4440.64615,4440.48665,-160.78523,-166.23384
138,0,3,2,1,1,1,8203.722596386648,3.806942802414154,280.74410730500625,False,1960,300,log,-348.59997,4439.74179,4440.20906,-161.93381,-165.69448
139,0,3,2,1,1,1,8205.144753839875,3.5787893153877017,281.0167553013584,False,1960,300,log,-349.2067,4441.30761,4441.14505,-162.116,-165.9852
140,0,3,2,1,2,1,8144.8005352206,3.811312394978294,277.2540827111189,False,1960,300,log,-372.22607,4387.74425,4388.48967,-139.30946,-119.89785
141,0,3,2,1,2,1,8145.262641538476,3.6072166611965994,277.2143178801727,False,1960,300,log,-371.83263,4388.09392,4388.03427,-138.84574,-120.18717
142,0,3,2,1,2,1,8145.933833096749,2.7882689402802345,277.2322685402879,False,1960,300,log,-371.20682,4387.76376,4387.43425,-138.61725,-119.4401
143,0,3,2,1,2,1,8144.451766882476,3.486066448718048,277.29061454025896,False,1960,300,log,-373.02174,4387.82522,4388.20423,-137.93986,-120.61609
144,0,3,2,1,2,1,8142.887523893147,3.336626714459008,277.28227584305927,False,1960,300,log,-371.65728,4387.03259,4386.96549,-141.45637,-117.99691
145,0,3,2,1,2,1,8147.612846441111,2.8982483974755104,277.2504607397768,False,1960,300,log,-371.41843,4388.049,4388.8013,-138.81554,-119.00348
146,0,3,2,1,2,1,8145.396363505337,3.250662069421405,277.2495607049298,False,1960,300,log,-372.63735,4387.99446,4387.98499,-139.03272,-118.91302
147,0,3,2,1,2,1,8144.699744034813,3.337678804108074,277.1747841172163,False,1960,300,log,-371.42153,4387.48649,4387.51233,-139.57076,-119.30678
148,0,3,2,1,2,1,8146.019946163439,3.0061918812208397,277.2905936840236,False,1960,300,log,-372.54472,4388.19866,4387.77299,-137.94729,-119.45968
149,0,3,2,1,2,1,8144.559837683239,3.006017880210319,277.26005627855903,False,1960,300,log,-371.73169,4387.94443,4387.68619,-140.06479,-119.27431
150,0,3,2,1,3,1,8207.654698344058,3.709801405672745,280.24342671481753,False,1960,300,log,-343.4389,4434.67678,4434.78685,-172.47188,-145.89814
151,0,3,2,1,3,1,8210.737516880788,3.727111718139252,280.16609540555163,False,1960,300,log,-343.44841,4435.90569,4435.22795,-172.76047,-144.18725
152,0,3,2,1,3,1,8207.240850187272,4.530255139185675,280.07154765764363,False,1960,300,log,-343.49446,4433.90411,4433.59015,-172.75266,-144.00629
153,0,3,2,1,3,1,8210.487752377478,3.658938344711613,280.04442176416626,False,1960,300,log,-342.59456,4434.90786,4435.10326,-172.16672,-144.76209
154,0,3,2,1,3,1,8209.719780712006,3.4474283848124103,280.22837921768,False,1960,300,log,-343.48351,4435.3237,4435.1932,-172.76296,-144.55065
155,0,3,2,1,3,1,8209.6373104871,3.0043460952882297,280.16728583284925,False,1960,300,log,-343.25161,4434.83725,4434.86677,-172.44434,-144.37076
156,0,3,2,1,3,1,8207.847121578516,3.463990298890054,280.16732724457046,False,1960,300,log,-344.44398,4434.62915,4434.62793,-172.57694,-144.38904
157,0,3,2,1,3,1,8205.888227336942,3.623350563310874,280.1109685543281,False,1960,300,log,-343.96435,4433.79114,4433.68742,-172.86259,-144.76339
158,0,3,2,1,3,1,8210.130865496954,3.46591262876738,280.18983924999037,False,1960,300,log,-342.87677,4435.22731,4434.97739,-172.7717,-144.42536
159,0,3,2,1,3,1,8202.687920797714,3.938014102212523,280.17934344901494,False,1960,300,log,-345.91706,4433.80619,4433.82694,-172.29042,-146.73772
160,0,4,2,1,0,1,8160.178755981284,3.118072168367285,277.24727946237203,False,1960,300,log,-367.9061,4391.055,4390.33077,-122.04194,-131.25897
161,0,4,2,1,0,1,8159.954150566781,3.2905066505117633,277.3028630236928,False,1960,300,log,-369.76333,4391.32219,4391.15441,-122.19645,-130.56266
162,0,4,2,1,0,1,8156.485892461337,3.247812634538902,277.2493258848175,False,1960,300,log,-372.83788,4390.46638,4390.52614,-119.82683,-131.84192
163,0,4,2,1,0,1,8155.929871114649,3.471238592353682,277.1743016356461,False,1960,300,log,-369.51247,4389.69393,4389.96372,-120.96341,-133.2519
164,0,4,2,1,0,1,8161.100209546175,3.112535918711843,277.2943461143796,False,1960,300,log,-369.85054,4391.37342,4391.00239,-121.36377,-130.06129
165,0,4,2,1,0,1,8157.392426523246,3.3360769008914675,277.2780270008594,False,1960,300,log,-371.53027,4391.01899,4390.43458,-121.31519,-131.21569
166,0,4,2,1,0,1,8159.059506905579,3.34084272483373,277.23814372384595,False,1960,300,log,-369.74931,4390.61952,4390.83511,-121.29958,-131.34624
167,0,4,2,1,0,1,8154.63316931133,3.551341468616876,277.16856767541987,False,1960,300,log,-370.10644,4389.62988,4389.43574,-121.53584,-132.79016
168,0,4,2,1,0,1,8158.888724012129,3.125386583499956,277.2872124911121,False,1960,300,log,-368.60435,4391.25179,4390.45253,-121.02013,-133.19111
169,0,4,2,1,0,1,8160.477331655101,3.235559987510908,277.29017784730297,False,1960,300,log,-368.84695,4391.28439,4391.32861,-122.53381,-130.75491
170,0,4,2,1,1,1,8198.030323665324,3.4791187043047604,280.8118374919533,False,1960,300,log,-350.9314,4437.66208,4437.29087,-160.35372,-165.63752
171,0,4,2,1,1,1,8206.181495321282,3.663308601508911,281.07360386823865,False,1960,300,log,-348.501,4442.03388,4441.77812,-162.4634,-166.6661
172,0,4,2,1,1,1,8206.04352862632,3.382329867676231,280.6794111086749,False,1960,300,log,-347.33035,4439.9611,4439.87146,-160.85353,-165.60516
173,0,4,2,1,1,1,8201.035188758586,3.0433150561729647,281.0220971627879,False,1960,300,log,-351.0418,4439.67726,4439.35917,-160.89642,-166.06303
174,0,4,2,1,1,1,8208.324925019086,3.034860070401006,280.86754139389853,False,1960,300,log,-347.14317,4441.16417,4441.58535,-161.19157,-166.08986
175,0,4,2,1,1,1,8197.015002601434,3.4445262161534265,280.8641887593945,False,1960,300,log,-352.01614,4437.88983,4438.09933,-160.99111,-165.96691
176,0,4,2,1,1,1,8208.21791542836,3.3108291942005232,280.9162852774038,False,1960,300,log,-347.77622,4441.49291,4441.81434,-161.50548,-165.80765
177,0,4,2,1,1,1,8202.717141468745,3.8637003957834635,280.59756223538017,False,1960,300,log,-348.09861,4438.54081,4439.2176,-161.55702,-165.38564
178,0,4,2,1,1,1,8207.207597806882,3.8426683748645556,281.06952596772095,False,1960,300,log,-348.91107,4442.20787,4441.85975,-161.61321,-166.33575
179,0,4,2,1,1,1,8202.43364662039,3.176607992656313,281.08478611529324,False,1960,300,log,-350.6194,4440.43107,4439.78801,-160.93582,-166.23021
180,0,4,2,1,2,1,8140.88956132913,3.749027050885031,277.3095107220197,False,1960,300,log,-374.98652,4389.0735,4387.21026,-138.29158,-122.11611
181,0,4,2,1,2,1,8145.132368730877,3.9988132802057375,277.1651264861054,False,1960,300,log,-369.31631,4387.62533,4387.6344,-138.78684,-122.02421
182,0,4,2,1,2,1,8144.306955037827,3.6900351733076953,277.30176768008107,False,1960,300,log,-373.20128,4388.71419,4388.47162,-138.45385,-121.22373
183,0,4,2,1,2,1,8140.991039968437,2.982683002439273,277.26468434373504,False,1960,300,log,-370.73562,4386.7496,4386.46364,-143.1415,-118.34509
184,0,4,2,1,2,1,8144.542886257099,2.8765792535622676,277.26796145940284,False,1960,300,log,-370.53688,4387.56469,4387.49611,-140.78297,-119.19806
185,0,4,2,1,2,1,8150.798685169899,3.365480909128737,277.2338274163716,False,1960,300,log,-369.82502,4388.84374,4388.13018,-136.64692,-119.7033
186,0,4,2,1,2,1,8142.4503206979625,3.257673008682336,277.1458679645179,False,1960,300,log,-371.96364,4386.04913,4386.37146,-138.1101,-119.89652
187,0,4,2,1,2,1,8148.932442412382,2.825994987065794,277.27040393166425,False,1960,300,log,-370.54845,4388.66621,4388.36639,-137.82496,-119.72674
188,0,4,2,1,2,1,8143.96181331486,2.96658654449167,277.27965336923654,False,1960,300,log,-371.07181,4386.32636,4388.55474,-141.64907,-118.19841
189,0,4,2,1,2,1,8146.054194415951,3.5453577121545194,277.23086960592525,False,1960,300,log,-371.80549,4387.40954,4387.64844,-138.06832,-119.12999
190,0,4,2,1,3,1,8200.961137858267,4.772175320142287,280.13997621993195,False,1960,300,log,-349.6186,4434.26214,4433.74597,-172.07887,-145.3495
191,0,4,2,1,3,1,8202.04439765957,3.9209284480021935,280.144166800437,False,1960,300,log,-345.35937,4433.56152,4433.81662,-172.37989,-147.59448
192,0,4,2,1,3,1,8210.236837156752,3.408722405605287,280.14564332908503,False,1960,300,log,-343.04983,4434.86069,4434.83021,-172.51058,-143.89365
193,0,4,2,1,3,1,8203.806210002462,3.7396228502548956,280.101768831771,False,1960,300,log,-344.35567,4433.21915,4434.02552,-172.76813,-146.31466
194,0,4,2,1,3,1,8209.432396295328,4.011030111498211,280.22146315360425,False,1960,300,log,-343.48825,4435.20695,4435.36638,-172.64984,-145.00285
195,0,4,2,1,3,1,8209.825256752554,3.4647756495267052,280.192218684683,False,1960,300,log,-342.87876,4435.14536,4435.08995,-172.62432,-144.90696
196,0,4,2,1,3,1,8208.43217055257,3.416805762338111,279.95605301587125,False,1960,300,log,-342.67289,4433.84643,4433.03525,-172.71751,-143.05912
197,0,4,2,1,3,1,8207.20785210049,3.597474243697724,280.1739353233957,False,1960,300,log,-344.25619,4434.44874,4434.34269,-172.58555,-144.74183
198,0,4,2,1,3,1,8207.191435652807,3.9497105313120233,280.21053327855316,False,1960,300,log,-343.71483,4434.55716,4434.31928,-172.35297,-145.61719
199,0,4,2,1,3,1,8204.3164260101,3.488403296757477,280.05740664159936,False,1960,300,log,-344.71852,4433.31824,4433.20846,-172.55456,-144.93719
200,0,5,2,1,0,1,8158.578945811446,3.519541291110251,277.3114272659821,False,1960,300,log,-370.33093,4390.59608,4391.08094,-122.1719,-130.59525
201,0,5,2,1,0,1,8157.184572066971,3.487209927553396,277.3107226756539,False,1960,300,log,-371.13345,4390.89603,4390.73253,-121.50001,-131.81052
202,0,5,2,1,0,1,8160.156292376735,3.5443191505703933,277.2112973385145,False,1960,300,log,-369.02417,4390.87919,4390.72994,-121.17601,-131.25265
203,0,5,2,1,0,1,8160.954471596722,2.9329747348594433,277.175456715564,False,1960,300,log,-367.46247,4390.34337,4390.57523,-121.97564,-130.52602
204,0,5,2,1,0,1,8161.470036088164,2.726748864645633,277.22669490246454,False,1960,300,log,-368.60045,4391.51182,4391.04109,-121.76975,-130.71268
205,0,5,2,1,0,1,8159.773600929508,3.0122496152612195,277.26517802297906,False,1960,300,log,-369.50411,4391.26625,4391.03055,-122.46126,-130.55784
206,0,5,2,1,0,1,8159.263603765092,2.90030404651897,277.2650554915386,False,1960,300,log,-370.5069,4390.78797,4391.01682,-122.01145,-130.02282
207,0,5,2,1,0,1,8157.145556733696,3.446470487583732,277.35138670818526,False,1960,300,log,-370.20731,4390.89601,4391.05024,-122.7175,-131.87589
208,0,5,2,1,0,1,8163.845783932319,3.012015192053415,277.0906119336235,False,1960,300,log,-366.50753,4390.59874,4390.49637,-121.75138,-128.99042
209,0,5,2,1,0,1,8159.512196255194,2.9148560457877437,277.23602817031053,False,1960,300,log,-369.77198,4390.93342,4390.99671,-121.16864,-131.47731
210,0,5,2,1,1,1,8207.27527301063,3.1893326571547984,280.8763505710908,False,1960,300,log,-346.71676,4441.0946,4440.45465,-161.4448,-166.11242
211,0,5,2,1,1,1,8205.977269689854,3.31632985376399,281.08885839764287,False,1960,300,log,-348.48387,4442.52379,4442.54778,-164.99991,-165.61052
212,0,5,2,1,1,1,8203.791764352054,4.394234544818115,280.768541474839,False,1960,300,log,-345.19988,4437.94656,4439.98302,-162.13925,-166.79868
213,0,5,2,1,1,1,8206.161612804102,3.705379243413092,280.86250955045193,False,1960,300,log,-347.64021,4440.81723,4440.94786,-162.2906,-165.67266
214,0,5,2,1,1,1,8202.132652384164,3.397700881757731,280.6259430327825,False,1960,300,log,-348.43509,4439.08944,4439.22308,-162.33258,-165.41219
215,0,5,2,1,1,1,8204.594849659505,3.6592371479047845,280.836412548922,False,1960,300,log,-349.34999,4440.03527,4440.78157,-161.34099,-165.53101
216,0,5,2,1,1,1,8202.68104442917,3.2387591028722076,281.1097147670539,False,1960,300,log,-351.23496,4440.94872,4440.49106,-160.96223,-166.56156
217,0,5,2,1,1,1,8207.786220607206,3.269132422515619,280.9612272836181,False,1960,300,log,-347.05438,4441.73387,4441.66515,-162.26152,-166.29689
218,0,5,2,1,1,1,8208.02251076296,3.3183829972066876,280.78165947480176,False,1960,300,log,-346.72462,4440.99327,4440.73728,-161.14055,-165.84287
219,0,5,2,1,1,1,8207.744692997565,3.275225960261069,281.03968786389976,False,1960,300,log,-347.68168,4442.06792,4441.66809,-162.10457,-166.20508
220,0,5,2,1,2,1,8142.166358513482,3.271729203898139,277.19430955216046,False,1960,300,log,-370.18687,4387.05765,4387.10705,-141.95005,-119.86141
221,0,5,2,1,2,1,8148.422360919225,3.3025766460630295,277.28978835707363,False,1960,300,log,-369.94099,4388.73554,4388.70761,-139.59476,-119.48504
222,0,5,2,1,2,1,8145.271085325068,2.895884946796972,277.2391495813407,False,1960,300,log,-371.44204,4387.48665,4387.7602,-139.52902,-119.00471
223,0,5,2,1,2,1,8130.572732253746,2.9529148609548956,277.148227078564,False,1960,300,log,-371.85054,4387.07166,4384.1615,-147.23694,-121.57295
224,0,5,2,1,2,1,8144.06135905577,2.818792276399921,277.2752893522547,False,1960,300,log,-371.00599,4387.45101,4387.65217,-141.02674,-119.0091
225,0,5,2,1,2,1,8145.581792210104,2.8709594526855264,277.250700107109,False,1960,300,log,-371.63064,4388.02177,4387.73491,-139.52764,-119.0166
226,0,5,2,1,2,1,8145.329720188147,2.790172919245671,277.1789851290519,False,1960,300,log,-371.62309,4387.69037,4387.6903,-138.87025,-119.55761
227,0,5,2,1,2,1,8143.624951494989,2.923141131163825,277.3018229021576,False,1960,300,log,-372.30278,4387.93147,4387.46969,-140.28101,-119.19242
228,0,5,2,1,2,1,8145.831422555992,3.1283433877123326,277.24922790930776,False,1960,300,log,-372.34932,4387.85751,4387.67726,-137.71775,-119.63628
229,0,5,2,1,2,1,8143.923000212236,2.915999948128882,277.2309128072069,False,1960,300,log,-371.097,4386.9723,4387.69073,-141.61707,-118.02597
230,0,5,2,1,3,1,8207.382803719096,3.3950281351902682,280.1650723444049,False,1960,300,log,-343.96919,4434.68775,4434.16998,-172.38762,-145.11812
231,0,5,2,1,3,1,8205.217600750771,4.151080931807344,280.1904799324684,False,1960,300,log,-344.20963,4434.115,4434.14997,-172.95075,-145.88699
232,0,5,2,1,3,1,8200.654746983222,3.5422045243153413,280.02619335344446,False,1960,300,log,-344.44006,4432.49719,4432.6713,-172.93798,-147.1357
233,0,5,2,1,3,1,8205.97021137409,3.1277246175697964,280.09983733719116,False,1960,300,log,-344.72813,4434.10241,4433.70786,-172.40086,-144.71107
234,0,5,2,1,3,1,8204.745120940132,3.307305855486874,280.0927490781161,False,1960,300,log,-345.52097,4434.36448,4433.39673,-172.50655,-144.98857
235,0,5,2,1,3,1,8205.21245650129,3.1915847751548325,280.1398582592999,False,1960,300,log,-345.73716,4434.09019,4433.73706,-172.05756,-144.82007
236,0,5,2,1,3,1,8211.508504796295,3.0568430481586484,280.1958825231526,False,1960,300,log,-342.90159,4435.52993,4435.54397,-172.76017,-143.90364
237,0,5,2,1,3,1,8207.77281249116,3.5858443949929306,280.201565407822,False,1960,300,log,-343.27342,4434.82908,4434.35997,-172.83726,-145.30557
238,0,5,2,1,3,1,8204.478453545486,3.3926627013428536,280.0637754845112,False,1960,300,log,-345.71665,4433.89372,4433.19714,-172.03697,-144.85878
239,0,5,2,1,3,1,8207.473581179325,4.22574730646352,280.2119271247175,False,1960,300,log,-344.35731,4434.30209,4434.53349,-172.31072,-144.69397
240,0,6,2,1,0,1,8160.426347435318,3.70654751974162,277.2887644480159,False,1960,300,log,-368.64262,4391.40539,4391.1641,-121.87144,-131.62909
241,0,6,2,1,0,1,8158.473947733948,3.7290469617699697,277.279156847205,False,1960,300,log,-368.99062,4390.75142,4390.59355,-121.59569,-132.28471
242,0,6,2,1,0,1,8161.335137077581,3.4305198034813063,277.2414190336115,False,1960,300,log,-367.85568,4390.56493,4391.15041,-121.69531,-130.82922
243,0,6,2,1,0,1,8159.977879918584,3.7605352225354363,277.192554511672,False,1960,300,log,-370.01998,4390.80726,4390.54723,-121.36213,-129.9945
244,0,6,2,1,0,1,8158.765943658356,3.444974247997482,277.29851290532156,False,1960,300,log,-370.23154,4391.15211,4391.15771,-121.66351,-131.64882
245,0,6,2,1,0,1,8158.68835481721,3.6216695642239976,277.30796995061786,False,1960,300,log,-369.65405,4391.06475,4390.82263,-121.61873,-131.92625
246,0,6,2,1,0,1,8159.827780880907,3.327404976991655,277.3107039210737,False,1960,300,log,-369.74418,4391.26391,4391.42215,-122.01497,-131.09912
247,0,6,2,1,0,1,8160.036934644819,2.8485488967428587,277.3034872142308,False,1960,300,log,-370.32506,4390.98726,4390.91073,-121.41445,-130.12155
248,0,6,2,1,0,1,8159.348861242022,3.3189410700938256,277.2693323579291,False,1960,300,log,-369.85192,4391.03729,4390.44834,-121.56232,-130.72253
249,0,6,2,1,0,1,8158.589071659813,3.749430080608781,277.35825908673837,False,1960,300,log,-371.05346,4391.46154,4391.59749,-122.67296,-130.74354
250,0,6,2,1,1,1,8203.362516163792,4.3884009241936095,280.762362830997,False,1960,300,log,-348.22498,4439.01354,4439.29408,-160.66951,-166.05061
251,0,6,2,1,1,1,8206.6915861777,4.248261354649836,280.8368815068223,False,1960,300,log,-347.08307,4440.51075,4440.57853,-161.53188,-165.78275
252,0,6,2,1,1,1,8206.393797072802,3.580957253654872,280.7366124607309,False,1960,300,log,-344.81031,4439.69517,4439.46502,-161.7625,-166.19359
253,0,6,2,1,1,1,8206.39629577559,3.321014780895779,280.9186169386267,False,1960,300,log,-347.34857,4441.4835,4440.31753,-161.92663,-166.12953
254,0,6,2,1,1,1,8206.950255690685,3.786430256138745,280.8821216540981,False,1960,300,log,-347.38862,4441.15506,4440.59966,-161.41274,-166.0031
255,0,6,2,1,1,1,8208.56393360404,3.7515701833063364,280.89977807037656,False,1960,300,log,-346.04999,4441.45376,4441.60752,-162.72642,-165.72094
256,0,6,2,1,1,1,8209.755078741136,3.848812669412572,280.88397438696506,False,1960,300,log,-344.72165,4441.61238,4440.92903,-160.58737,-167.47731
257,0,6,2,1,1,1,8206.78185338782,3.4023714372015226,280.8710330062643,False,1960,300,log,-347.77662,4440.983,4440.898,-161.30678,-166.01575
258,0,6,2,1,1,1,8209.636942883859,3.846109183939097,280.9252947558487,False,1960,300,log,-346.22448,4441.88089,4442.26512,-160.2425,-168.04209
259,0,6,2,1,1,1,8205.733569842305,3.881319616284168,280.8615148147367,False,1960,300,log,-348.53519,4440.68093,4441.01853,-161.52601,-165.9047
260,0,6,2,1,2,1,8144.7726864883,3.7275068566588043,277.2441747565662,False,1960,300,log,-370.85798,4387.6551,4387.5882,-139.12988,-120.48275
261,0,6,2,1,2,1,8144.978715093228,3.384418654146621,277.23932523365306,False,1960,300,log,-371.65394,4387.55161,4387.49258,-138.72095,-119.69058
262,0,6,2,1,2,1,8146.5848437398845,3.386612192579844,277.2798059172834,False,1960,300,log,-371.89796,4388.16609,4388.06401,-138.0454,-119.7019
263,0,6,2,1,2,1,8146.289636909722,3.662329057560837,277.28221244411185,False,1960,300,log,-372.25271,4388.36491,4387.83477,-138.05853,-119.5988
264,0,6,2,1,2,1,8144.833221849272,3.3371513510775945,277.2355464881226,False,1960,300,log,-371.48475,4387.75932,4387.32004,-139.41978,-119.3416
265,0,6,2,1,2,1,8144.376872994143,3.4373816329954816,277.2676462357022,False,1960,300,log,-372.29342,4388.13073,4387.50364,-140.47358,-118.49049
266,0,6,2,1,2,1,8145.29874425918,3.2208359267299516,277.2868158419989,False,1960,300,log,-372.3231,4387.7546,4388.29329,-138.91906,-119.50699
267,0,6,2,1,2,1,8141.905564912108,3.6336269847018157,277.1869900765322,False,1960,300,log,-372.41594,4387.82802,4386.87339,-140.73047,-119.64943
268,0,6,2,1,2,1,8146.4713282688845,3.711438944140893,277.3434436303438,False,1960,300,log,-372.42384,4388.80186,4388.58896,-138.55329,-119.94237
269,0,6,2,1,2,1,8145.938988675398,2.9274219220398954,277.25377658799175,False,1960,300,log,-371.7726,4388.15656,4387.86967,-138.88086,-119.43379
270,0,6,2,1,3,1,8207.818792510254,3.9896618914707602,280.1918687107023,False,1960,300,log,-343.26962,4434.75803,4434.55586,-172.67861,-145.54687
271,0,6,2,1,3,1,8210.65886982733,3.3386682178377396,280.0975471352675,False,1960,300,log,-342.27982,4434.00205,4435.35514,-172.36857,-144.04992
272,0,6,2,1,3,1,8207.914425838613,4.088536217269146,280.22281911026687,False,1960,300,log,-343.37056,4434.89529,4434.60103,-172.9027,-145.30864
273,0,6,2,1,3,1,8207.504562396138,3.7348981351129282,280.1871082246028,False,1960,300,log,-343.99937,4434.42266,4434.50188,-172.51312,-144.90749
274,0,6,2,1,3,1,8206.463135856282,4.04387718178817,280.08844050577153,False,1960,300,log,-343.47358,4433.48524,4433.76487,-172.57259,-144.74081
275,0,6,2,1,3,1,8209.091915584773,3.6132893069336154,280.2002086251231,False,1960,300,log,-343.34072,4435.14202,4435.03704,-172.82725,-144.91919
276,0,6,2,1,3,1,8208.750198011196,3.7017444286803527,280.1667806283624,False,1960,300,log,-342.97797,4434.6328,4434.71768,-172.7743,-144.84802
277,0,6,2,1,3,1,8208.010308143097,3.3808716982502576,280.17264862846,False,1960,300,log,-343.72188,4434.757,4434.4708,-172.61047,-144.88513
278,0,6,2,1,3,1,8208.442075431156,3.662552086873951,280.1798055162808,False,1960,300,log,-343.66544,4434.86102,4434.27185,-172.54226,-144.48308
279,0,6,2,1,3,1,8205.16357043908,3.3081900168779796,280.05389001819714,False,1960,300,log,-345.11368,4434.19467,4433.12274,-172.45166,-144.5885
280,0,7,2,1,0,1,8160.4092892801755,3.2293207096426766,277.2403197673608,False,1960,300,log,-368.07901,4390.89926,4391.09841,-122.06029,-131.44907
281,0,7,2,1,0,1,8155.936764699956,3.7607774543901193,277.2875747712682,False,1960,300,log,-371.52776,4390.69484,4390.86907,-122.88549,-131.2139
282,0,7,2,1,0,1,8154.857317992008,3.8640988451829816,277.25636096323456,False,1960,300,log,-369.67143,4390.22575,4390.16775,-124.30102,-131.56373
283,0,7,2,1,0,1,8160.703915841097,2.9967282735574043,277.2195009447228,False,1960,300,log,-366.51819,4390.28119,4391.28795,-121.69699,-132.65003
284,0,7,2,1,0,1,8152.795319506448,3.715195985091989,277.2970688837206,False,1960,300,log,-373.08402,4390.08014,4389.98812,-122.60648,-131.58243
285,0,7,2,1,0,1,8155.504406369274,4.253320863226036,277.36707026111543,False,1960,300,log,-371.6903,4391.06621,4390.51583,-123.53128,-130.85605
286,0,7,2,1,0,1,8158.335112518329,3.144304504816079,277.241353008419,False,1960,300,log,-368.70492,4390.95435,4390.71916,-123.98708,-130.6464
287,0,7,2,1,0,1,8161.54780394003,2.7987260022164744,277.2935166096639,False,1960,300,log,-368.28883,4391.70713,4391.30713,-121.28166,-131.89596
288,0,7,2,1,0,1,8161.03785423563,2.9819732982326865,277.2531572437771,False,1960,300,log,-367.0508,4390.65839,4391.30335,-122.13652,-131.73656
289,0,7,2,1,0,1,8147.346301980946,2.6748939336628053,277.36362899865856,False,1960,300,log,-370.40958,4391.05416,4390.16591,-128.73375,-134.73044
290,0,7,2,1,1,1,8206.532087373125,3.781156699412541,280.8832147327109,False,1960,300,log,-347.72265,4441.1632,4440.80247,-161.46159,-166.24934
291,0,7,2,1,1,1,8209.766235918236,3.9920508971767106,280.93356899918814,False,1960,300,log,-346.01181,4442.21405,4441.9909,-161.83314,-166.59376
292,0,7,2,1,1,1,8206.719207149254,3.477002189914452,281.01527471167117,False,1960,300,log,-347.94214,4441.53254,4441.76422,-162.31538,-166.32005
293,0,7,2,1,1,1,8205.981226984815,3.3287597116714025,281.0507558206067,False,1960,300,log,-349.18082,4441.54137,4441.35431,-161.47403,-166.2596
294,0,7,2,1,1,1,8207.092179470408,3.431783040643814,280.83044288762324,False,1960,300,log,-347.66005,4441.00504,4441.11141,-161.64609,-165.71812
295,0,7,2,1,1,1,8207.073435286353,3.5653112759165717,281.01490401417965,False,1960,300,log,-348.22019,4441.54389,4441.63068,-161.9281,-165.95284
296,0,7,2,1,1,1,8205.204218862382,3.5457209039057744,280.73608776808743,False,1960,300,log,-348.32124,4439.65561,4440.64558,-160.92183,-165.85391
297,0,7,2,1,1,1,8204.846124510881,3.9511790164434,281.07608707109546,False,1960,300,log,-348.97543,4441.44088,4441.09613,-162.16079,-166.55467
298,0,7,2,1,1,1,8201.117679716544,3.1431216663424615,280.9247792573519,False,1960,300,log,-350.87421,4439.52724,4438.99148,-160.67078,-165.85605
299,0,7,2,1,1,1,8196.384341854377,3.2609348352690306,280.80093292633234,False,1960,300,log,-352.31359,4437.86595,4437.44468,-161.05797,-165.55473
300,0,7,2,1,2,1,8145.087192109077,3.2137274500363073,277.25576686104216,False,1960,300,log,-372.72216,4387.9716,4387.55858,-137.50084,-120.22
301,0,7,2,1,2,1,8146.982070497577,2.8488114798745334,277.2397892125564,False,1960,300,log,-371.23889,4388.25494,4387.80687,-138.50768,-119.33317
302,0,7,2,1,2,1,8142.589822182339,3.461167867492226,277.3091129460328,False,1960,300,log,-373.63433,4386.95885,4387.56642,-139.42461,-118.8765
303,0,7,2,1,2,1,8143.964423782145,3.7172660286025705,277.2146489248684,False,1960,300,log,-371.36699,4387.87138,4387.6132,-140.69519,-119.45798
304,0,7,2,1,2,1,8145.036343973243,3.2296260086502375,277.3381307289,False,1960,300,log,-373.5001,4387.95712,4387.8212,-137.65981,-119.58207
305,0,7,2,1,2,1,8145.406706684855,3.098776732070033,277.2359509842394,False,1960,300,log,-371.4448,4387.87629,4387.1863,-138.80165,-119.40943
306,0,7,2,1,2,1,8144.973864444248,3.0911313272369494,277.2493513841304,False,1960,300,log,-371.63816,4387.83667,4387.57631,-139.10116,-119.69979
307,0,7,2,1,2,1,8139.92062990595,3.025750725219619,277.10886613062536,False,1960,300,log,-368.94633,4386.06046,4385.68932,-144.92008,-117.96274
308,0,7,2,1,2,1,8144.030926157839,3.106405302479736,277.20529319376715,False,1960,300,log,-371.32161,4387.2014,4387.45327,-140.17539,-119.12674
309,0,7,2,1,2,1,8147.529103741795,2.8728878501666277,277.25668583303167,False,1960,300,log,-372.33197,4388.66592,4388.61972,-137.96008,-119.46449
310,0,7,2,1,3,1,8209.288719995066,3.61785578529747,280.16772481062065,False,1960,300,log,-343.12847,4434.81408,4434.73811,-172.9064,-144.2286
311,0,7,2,1,3,1,8207.74184868435,3.765153623720651,280.1973963691624,False,1960,300,log,-343.66427,4434.56549,4434.44686,-172.92032,-144.68591
312,0,7,2,1,3,1,8207.423973408488,3.692798211187044,280.1660657830487,False,1960,300,log,-343.29027,4434.75789,4434.44857,-173.14269,-145.34953
313,0,7,2,1,3,1,8206.803596572752,3.81417652779944,280.2276232137393,False,1960,300,log,-343.67859,4434.57363,4434.6639,-172.90521,-145.85013
314,0,7,2,1,3,1,8210.112439928032,3.1787977397810017,280.0808639458317,False,1960,300,log,-343.07042,4434.64933,4434.55901,-172.44056,-143.58492
315,0,7,2,1,3,1,8209.274977331654,3.659961342739705,280.18305462815556,False,1960,300,log,-342.83075,4435.21918,4434.37035,-172.98487,-144.49893
316,0,7,2,1,3,1,8206.114336159733,4.400789760591376,280.0136226509127,False,1960,300,log,-342.33736,4434.00938,4433.54791,-173.25859,-145.847
317,0,7,2,1,3,1,8208.092817087425,4.099709893889762,279.9092015209074,False,1960,300,log,-342.83146,4433.6683,4433.43569,-174.41958,-141.76014
318,0,7,2,1,3,1,8206.824292274112,4.466608366819768,280.0734542142251,False,1960,300,log,-343.43349,4433.48958,4435.52394,-172.73485,-146.0209
319,0,7,2,1,3,1,8208.197136736304,3.791308451645242,280.18136666161774,False,1960,300,log,-343.3608,4434.72335,4434.52477,-172.44353,-145.24665
320,0,8,2,1,0,1,8155.592991863634,3.5651658541219398,277.29846617310864,False,1960,300,log,-370.55528,4389.98912,4390.56256,-123.29326,-131.11014
321,0,8,2,1,0,1,8153.197582306565,3.742626591691967,277.3044772262703,False,1960,300,log,-371.51853,4390.33668,4390.25277,-124.1413,-131.73203
322,0,8,2,1,0,1,8160.808355666759,3.7205078417763424,277.25467995064776,False,1960,300,log,-368.27459,4391.04503,4391.14792,-122.07217,-131.03783
323,0,8,2,1,0,1,8161.915572335262,2.838051677261527,277.2462600510624,False,1960,300,log,-367.85779,4391.40385,4391.37457,-121.49996,-131.5051
324,0,8,2,1,0,1,8160.89360800974,2.64448314497945,277.1985852594008,False,1960,300,log,-367.72236,4391.04566,4390.78957,-121.00142,-132.21785
325,0,8,2,1,0,1,8158.670575813593,2.878866615283875,277.1717046636121,False,1960,300,log,-369.17543,4390.13821,4390.17761,-122.34099,-130.12881
326,0,8,2,1,0,1,8160.560781209888,2.7920731426864984,277.27118067954814,False,1960,300,log,-368.455,4391.30107,4391.15307,-121.42132,-132.01703
327,0,8,2,1,0,1,8158.356090798319,3.6585372885733856,277.1805899848109,False,1960,300,log,-367.88917,4390.74623,4390.25415,-122.11371,-132.6414
328,0,8,2,1,0,1,8160.3226991358615,3.4249492539806923,277.2464965242021,False,1960,300,log,-369.25103,4391.37985,4390.92621,-121.8678,-130.86454
329,0,8,2,1,0,1,8159.633153642701,3.4082828752487107,277.2880044498146,False,1960,300,log,-368.91272,4391.31933,4390.47759,-121.91555,-131.3355
330,0,8,2,1,1,1,8203.078477051671,4.360932701297829,280.86381725800726,False,1960,300,log,-349.38136,4440.22608,4440.7879,-161.4742,-167.07994
331,0,8,2,1,1,1,8197.532918497374,4.794768069572529,280.85991395725927,False,1960,300,log,-350.91317,4438.69992,4438.79732,-162.96238,-166.08877
332,0,8,2,1,1,1,8203.411516921587,3.6295547950872717,280.9114198976969,False,1960,300,log,-348.55428,4439.85204,4440.45278,-162.49165,-165.84737
333,0,8,2,1,1,1,8202.566978961517,3.9302794210386187,280.71989071963696,False,1960,300,log,-348.83707,4439.10781,4439.22119,-161.13584,-165.78912
334,0,8,2,1,1,1,8205.190113586608,3.917222957186823,280.89493367221866,False,1960,300,log,-348.27184,4440.66766,4440.65563,-162.28263,-165.5787
335,0,8,2,1,1,1,8205.437799773641,3.8921057126771386,280.87219335738985,False,1960,300,log,-349.28001,4440.67578,4440.98552,-161.13364,-165.80984
336,0,8,2,1,1,1,8206.970557883222,3.7852028396501494,280.9509681652433,False,1960,300,log,-349.16776,4441.87171,4441.26593,-161.12817,-165.87115
337,0,8,2,1,1,1,8207.852504141763,3.7297109679748846,280.8088355894389,False,1960,300,log,-343.92364,4440.10448,4441.24373,-161.44718,-168.12488
338,0,8,2,1,1,1,8201.718912939497,3.9965462966444885,280.6856176529808,False,1960,300,log,-348.80828,4439.18183,4438.49385,-161.6965,-165.45199
339,0,8,2,1,1,1,8206.406217365196,4.074529086747073,280.7503071568031,False,1960,300,log,-346.24539,4440.24515,4439.4812,-161.06054,-166.01421
340,0,8,2,1,2,1,8143.352931707843,4.789173593422456,277.4159915070757,False,1960,300,log,-373.91989,4388.69718,4388.53963,-138.20999,-121.75401
341,0,8,2,1,2,1,8145.178225327868,4.126826872470129,277.3158027020287,False,1960,300,log,-372.74227,4389.64928,4387.9517,-138.38572,-121.29476
342,0,8,2,1,2,1,8143.102608197592,3.2322430134277105,277.2652420793884,False,1960,300,log,-372.89344,4387.65637,4387.21425,-139.08484,-119.78974
343,0,8,2,1,2,1,8142.725349252416,2.907254596569891,277.2366310897754,False,1960,300,log,-370.95832,4386.6955,4386.94706,-141.69198,-118.2669
344,0,8,2,1,2,1,8147.149453865069,3.089482293367621,277.2364638612627,False,1960,300,log,-372.18403,4388.28189,4388.36392,-137.50734,-119.805
345,0,8,2,1,2,1,8143.451599429194,3.4067776788638904,277.25416395140087,False,1960,300,log,-371.31734,4387.52761,4386.85731,-139.97252,-119.64346
346,0,8,2,1,2,1,8144.5741189844275,3.2267108439172167,277.1938282471589,False,1960,300,log,-371.27699,4387.83556,4387.72776,-140.14173,-119.57049
347,0,8,2,1,2,1,8147.867538119737,3.4183167838109823,277.23434030616625,False,1960,300,log,-370.41555,4388.42761,4387.42878,-137.88739,-119.68591
348,0,8,2,1,2,1,8144.879302802938,3.537000997390037,277.23469495136504,False,1960,300,log,-371.33472,4387.69569,4387.03749,-138.93976,-119.5794
349,0,8,2,1,2,1,8147.54337542035,2.9735598417436044,277.20530130147836,False,1960,300,log,-370.79941,4388.50023,4388.08091,-138.57216,-119.66618
350,0,8,2,1,3,1,8207.971820787447,4.41941100514654,280.2403091458481,False,1960,300,log,-343.977,4435.97977,4435.1088,-172.29304,-146.84671
351,0,8,2,1,3,1,8209.320778202808,4.218347479344324,280.199949639667,False,1960,300,log,-342.97623,4435.03822,4434.82549,-172.44658,-145.12013
352,0,8,2,1,3,1,8206.023112360184,4.443432168935363,280.165865900382,False,1960,300,log,-343.7585,4434.78467,4433.32826,-173.16728,-145.16403
353,0,8,2,1,3,1,8206.01411227672,3.9068309989205883,280.1356557658049,False,1960,300,log,-343.96847,4433.80811,4433.92715,-172.44339,-145.3093
354,0,8,2,1,3,1,8203.340610303294,4.4679968896666455,280.1596216047506,False,1960,300,log,-345.42783,4433.99644,4433.62703,-172.33514,-146.51988
355,0,8,2,1,3,1,8207.417665980589,3.561063017499075,280.2115799814325,False,1960,300,log,-343.43251,4434.46301,4434.84305,-173.08032,-145.37557
356,0,8,2,1,3,1,8208.03129427752,3.501461529605305,280.1872463148592,False,1960,300,log,-343.45961,4434.77308,4434.47825,-172.74432,-145.01609
357,0,8,2,1,3,1,8206.683130388436,3.758841803911518,280.1320993377128,False,1960,300,log,-343.9017,4434.34794,4433.6204,-172.21098,-145.17254
358,0,8,2,1,3,1,8207.792377119662,4.085075685119863,280.05980836791565,False,1960,300,log,-342.8522,4433.69131,4434.45232,-172.8887,-144.61035
359,0,8,2,1,3,1,8208.318054198016,3.517260514657254,280.205509429916,False,1960,300,log,-343.64414,4434.77136,4434.76652,-172.68824,-144.88745
