,test_id,kcid,lmc_prior_code,lengthscale_prior_code,lmc_coeff
0,0,0,2,1,"[-5.45363873e-02  4.32601053e-04  4.79193658e-01 -1.04658902e-01
  8.08989070e-03 -1.08221367e-01 -4.13206905e-01  4.68097776e-01
  7.40474164e-02 -5.91824614e-02  3.35993171e-01 -5.20709515e-01
 -1.73994943e-01 -3.08441697e-04 -4.69516456e-01  2.06263804e+00
  2.39116356e-01 -1.78804207e+00  1.16937339e+00 -2.77768582e-01
 -2.02752024e-01  3.93581122e-01  3.44144344e-01 -5.47504425e-01
  1.51664883e-01  4.51434433e-01 -1.24917984e-01 -2.49772087e-01
  1.85857162e-01  1.41378462e-01  3.72366786e-01  2.26389050e+00
  1.02374959e+00 -2.93834686e+00 -1.15239084e-01  1.76928312e-01
  2.08450519e-02 -1.10776573e-02  7.34347925e-02 -4.60515738e-01
 -5.74029982e-02 -2.84488380e-01 -6.88309610e-01  3.34007405e-02
 -1.54816434e-01 -5.69147989e-03 -4.12850761e+00  1.65910339e+00
  6.31646514e-01 -7.68404961e-01 -7.45664954e-01 -1.55461192e-01
  5.64149534e-03  5.75039744e-01 -7.36582354e-02 -1.38909578e-01
 -1.74351275e-01 -3.00242662e-01 -4.43648025e-02  1.17633379e+00
 -1.48971668e-02 -2.60917187e-01 -1.91110444e+00  7.56667852e-02
 -6.40693724e-01 -3.03818059e+00  1.71288323e+00 -1.37284994e+00
  1.79818749e-01  6.32394612e-01 -2.71719605e-01 -1.74685419e-01
 -1.99836329e-01  3.09787422e-01 -1.14461012e-01 -9.13242344e-03
  7.93159544e-01 -1.83734655e-01 -4.04537022e-01  1.08692694e+00
  2.77176589e-01  9.60564733e-01 -2.21318635e-03 -6.17019475e-01
  2.63618231e-01  4.29755777e-01 -2.42144659e-01 -3.15525174e-01
 -2.51681358e-01 -1.54001519e-01 -7.27767885e-01 -1.12165534e+00
  4.02427986e-02 -2.54243404e-01 -3.28593206e+00 -1.60136843e+00
  4.00192559e-01  1.07420969e+00 -9.47223067e-01 -2.11370647e-01
  8.29653218e-02  5.12488961e-01 -8.84870291e-01 -4.89774011e-02
 -1.90895125e-01 -2.70255029e-01 -4.11729395e-01 -3.05294394e-01
  7.66270459e-02 -1.72083765e-01 -1.14103997e+00 -3.29691148e+00
 -3.21773857e-01 -1.99826014e+00  3.87759238e-01  7.98782054e-03
  8.57238293e-01  1.69164896e-01 -4.71284479e-01  6.36317611e-01
  1.25385374e-01  6.74313545e-01  1.72934934e-01  6.89423203e-01
  4.89911646e-01  3.69829983e-01  1.92451715e+00 -7.82804191e-01
  4.36885096e-02 -3.39891338e+00  2.53778785e-01  1.07288194e+00
  3.27075869e-01  4.04950641e-02  6.03861928e-01  3.50827008e-01
  4.74463850e-02 -1.28924116e-01 -7.53873959e-02 -1.55584767e-01
 -4.51048702e-01  1.33139882e-02  3.79049587e+00 -2.65577126e+00
 -2.52782136e-01  2.67877984e+00 -1.15170825e+00  9.04799044e-01
  1.41203940e-01 -2.59459287e-01 -2.68403918e-01  2.24655032e-01
 -4.88653332e-01 -1.32163897e-01 -5.67926094e-03 -1.11391991e-01
 -9.61189806e-01 -2.71994025e-01 -2.20333958e+00 -2.05655289e+00
 -1.41388667e+00 -2.72453880e+00  1.52780545e+00 -5.10295689e-01
  6.20595068e-02 -3.73409659e-01 -4.28615212e-01  8.36167336e-01
 -2.13650107e-01  3.26929808e-01  1.07208300e+00 -2.55786031e-01
 -7.74442405e-02 -2.22747043e-01  9.99617755e-01 -1.61903799e+00
  6.64187253e-01  2.15256691e+00 -1.27818656e+00  8.97239864e-01
  3.07481498e-01 -8.42022374e-02  1.47077516e-01 -4.55139399e-01
  2.55851652e-02  3.75807583e-02 -6.28964901e-01 -5.61740398e-02
 -1.68540671e-01 -8.56138840e-02 -2.16812229e+00 -1.85273981e+00]"
1,0,0,2,1,"[-5.2917516e-01 -3.5615223e-03 -7.1357518e-02 -3.2255679e-01
  1.2443990e-03 -1.4498864e-01 -2.3438725e-01  4.1964135e-01
 -5.8713247e-04  1.6479242e-01  6.2723273e-01  3.7775957e-05
  1.0950707e-03  3.8302749e-02  4.8431053e+00 -2.2365994e+00
  9.8793030e-01 -2.5754128e+00  5.7450604e-01 -1.7561252e-01
  2.1931721e-01  1.1719908e-01 -2.7124438e-01  3.7710577e-01
 -1.3437253e-04  1.9896972e-01  3.5800678e-01 -2.2537793e-01
  7.0248604e-02  5.6270972e-02 -5.3465325e-01  3.8582907e+00
 -2.6169274e-04 -1.1534740e+00 -6.3869119e-01 -5.2112427e-02
 -3.1420675e-01 -7.4837083e-01  3.5385609e-01 -7.8612280e-01
  2.2959387e-01  3.3856961e-03 -2.1937605e-02  7.9955316e-01
 -3.9185861e-01  1.3550617e-01  4.1263819e-01  1.3799498e+00
 -2.1985401e-01 -9.0305293e-01  1.1826578e+00  2.5632765e+00
  1.3192517e-02  6.1750922e-02  1.0389458e+00  1.2474928e+00
  6.2772673e-01 -6.3879120e-01  3.9046139e-01  3.4092942e-01
 -6.4403349e-01  5.5987054e-01  3.5098958e+00  1.9583130e+00
 -6.6876924e-01 -3.3139987e+00  1.8077538e+00 -1.8538940e-01
 -6.0256876e-02  6.8320096e-01 -3.5170341e-01 -2.2503364e-01
 -6.2787801e-02 -8.6872086e-02 -2.8092739e-01 -4.3367407e-01
  6.6661203e-01 -1.0668480e-01 -2.4987185e+00  8.4596205e-01
  5.8395678e-01  2.2425768e+00 -2.5427141e+00  1.6551288e+00
  7.3964036e-01  4.9914879e-01  8.4486306e-01  2.4700154e-01
  1.2559621e-01 -1.6735943e-01  4.2085093e-01 -5.1737309e-01
  1.0021544e-01  6.0704350e-03 -7.2807491e-01 -8.4837192e-01
  7.9728216e-01  3.2417566e-01 -1.1517327e+00  6.4689830e-02
 -2.1282491e-01  7.8225261e-01  1.8284453e-01  3.9899871e-03
 -2.1630622e-01 -2.5219847e-02 -1.4012562e-01 -4.1524899e-01
 -2.8702039e-01 -4.0950697e-02 -6.6958278e-01 -1.4244299e+00
 -4.0395066e-01 -1.5169231e+00  1.0731614e+00  5.8682896e-02
  1.5570714e-02 -5.6676948e-01  1.5370176e+00 -4.9457431e-01
 -2.2014937e-01 -3.0371025e-01 -3.0279264e-01  1.6992369e-01
 -7.2490668e-01  3.1924609e-02  9.9373341e-01  3.2736368e+00
  3.0409315e-01  2.9553826e+00  7.6769762e-02 -5.3170431e-01
 -2.9786659e-02  3.1112444e-01 -9.8065972e-02  3.5678413e-02
 -9.8303687e-03 -3.3208672e-03  9.3763825e-03 -2.6093174e-02
  2.6892978e-01 -1.8801404e-02 -4.0108981e+00  3.3305633e+00
 -2.1540908e-02  2.3314641e+00 -1.3547838e+00 -1.2363685e-02
  2.3275059e-01  3.3780286e-01 -1.5566988e-01  5.8773369e-02
  4.1973731e-03  3.9834687e-01  4.3970145e-02 -1.8080187e-01
  3.6780638e-01  1.2882079e-01 -2.4982142e-01 -1.8639827e+00
 -1.6321224e+00 -1.8901227e+00  1.2469813e+00 -9.7049379e-01
  2.2068106e-01 -2.3128572e-01 -3.7784737e-01  1.1533741e+00
 -2.5462288e-01  8.3836503e-02  9.8214668e-01 -3.6447760e-01
 -2.2446494e-01 -1.4121121e-01  6.0902613e-01 -2.9444885e+00
 -1.7311357e-01  5.0957447e-01 -1.3208861e+00  2.0010405e+00
  1.3204512e-01 -4.2430761e-01 -5.1508904e-02 -7.4460733e-01
 -1.7978637e-01  4.4479868e-01 -3.4632406e-01 -1.9836733e-01
 -5.2412331e-01 -5.1068431e-01 -1.4351221e+00 -1.7891214e+00]"
2,0,0,2,1,"[ 9.76269990e-02 -5.73495738e-02  9.66023684e-01 -7.24346098e-03
  8.28051288e-03 -1.77050442e-01 -3.71335000e-01  5.91557980e-01
  2.10013427e-03 -5.75854396e-03  5.35242617e-01 -3.94671202e-01
 -2.00215191e-01  9.65764932e-03  3.68770409e+00 -1.91872939e-02
  4.62244809e-01 -1.64854360e+00  4.19977099e-01  2.73151901e-02
  3.96808749e-03  8.10247064e-02 -1.58199742e-02  8.49272087e-02
  1.02622040e-01  9.70803276e-02 -7.50485882e-02 -6.39846101e-02
  1.05304345e-01  3.75011563e-02 -1.86257792e+00  3.30215025e+00
  8.76282275e-01 -2.88040086e-04 -3.11500758e-01 -5.48464060e-03
  3.16453993e-01  1.52229320e-03 -3.12060653e-03 -4.81786191e-01
 -3.08710217e-01 -9.34604332e-02 -4.05551083e-02  6.70076758e-02
 -1.65002108e-01 -9.10586789e-02 -3.78265762e+00  2.59626836e-01
  9.91855711e-02 -8.77127111e-01  1.04087996e+00 -6.56348348e-01
  1.57278597e-01  5.30251265e-01 -4.44984525e-01 -3.01774144e-01
 -3.01207244e-01  3.37956101e-01 -1.32065728e-01 -2.47836754e-01
  7.15515077e-01 -2.72661388e-01 -2.73244405e+00 -2.55452275e-01
  1.19180612e-01  1.05094779e+00 -9.41780150e-01  6.16374075e-01
 -3.14776033e-01 -3.50087434e-01  8.66591260e-02  2.72303194e-01
  2.97957391e-04 -2.09933013e-01  1.73481891e-03  3.53467584e-01
 -6.54869340e-03 -6.28116587e-03  4.78896260e-01 -5.19612193e-01
 -5.92747569e-01  6.62713647e-01 -1.16727722e+00  5.78681290e-01
  7.52569502e-03 -3.33927393e-01 -1.27421394e-01  4.15621400e-01
 -1.35519577e-03 -8.69565681e-02  3.52762252e-01 -1.82700306e-01
 -4.50500846e-01  1.39025137e-01  6.60584748e-01 -4.98032309e-02
 -3.22712839e-01  3.20537877e+00 -1.18942547e+00  1.23140611e-01
  7.47397020e-02 -9.26303566e-02 -5.26560187e-01  4.25049782e-01
 -1.45568978e-02  1.29033297e-01  2.16266811e-02 -6.87301397e-01
  1.90271102e-02 -3.38804483e-01 -1.25372016e+00 -6.87336147e-01
  3.89629528e-02 -1.41276801e+00  9.59606290e-01 -4.65506688e-03
  4.79098037e-03 -1.57248214e-01  1.27913907e-01  1.05275828e-02
  3.46153189e-04 -2.25004911e-01  5.43270148e-02 -1.98935848e-02
 -1.17608607e-01 -2.54626185e-01  2.08700681e-03  7.23992348e-01
  1.25419840e-01 -7.02386498e-01  1.39818221e-01  9.52352405e-01
  5.79014383e-02 -1.87505245e-01 -3.01501574e-03  5.16844764e-02
  1.75595023e-02  4.62885164e-02  2.30870973e-02 -2.19226778e-02
 -1.92294464e-01 -2.24061747e-04  3.25678778e+00 -3.78997660e+00
 -5.39798319e-01  9.36862230e-01  8.41550678e-02  1.96472518e-02
  1.01303402e-02  5.34902187e-03 -4.76257987e-02  2.57016361e-01
 -3.83878127e-02  1.22824833e-01  2.89857872e-02 -1.55981585e-01
  2.41372269e-03 -8.16680193e-02 -2.70672530e-01 -1.87776065e+00
 -2.35766545e-01 -6.87509954e-01  1.35086083e+00 -6.72955990e-01
  6.26855940e-02 -4.85105142e-02 -3.24679792e-01  8.26974392e-01
 -2.05548435e-01 -8.32556561e-02  6.94400251e-01 -4.44437772e-01
 -1.98445469e-01 -1.82000518e-01  2.80034184e-01 -2.75690651e+00
  9.78517413e-01  1.34803283e+00 -3.38793904e-01 -1.96713150e+00
 -5.10619223e-01  5.21048546e-01  9.01142042e-03 -1.88805863e-01
  1.95358530e-01 -4.85313207e-01 -2.72954553e-01 -1.17268786e-03
  5.01128078e-01  2.27173507e-01 -5.06436313e-03  9.66106713e-01]"
3,0,0,2,1,"[-5.4604742e-03  2.0992658e+00 -8.2453728e-01 -3.0458966e-01
  6.8712980e-02 -1.7974938e-01  6.5863587e-02  1.3544120e-01
 -8.6644098e-02 -1.7791370e-01 -4.8082857e-03 -2.5801280e-01
  3.6164813e-02 -4.0185753e-02 -8.0536944e-01 -7.1100071e-02
  2.6193491e-01 -3.4714303e+00  4.5960796e-01  7.9307243e-02
  4.9395249e-03 -4.8919930e-03 -1.4034884e-01  1.1934896e-01
  4.0348206e-02  3.2896027e-02  1.7290649e-01 -1.0463594e-01
  4.4839621e-02  3.2184016e-02  9.6468620e-02  3.7039881e+00
  2.2934024e-01  1.5821950e+00 -6.1779660e-01 -3.8297394e-01
  1.7776486e-02  5.4138806e-02  1.2195158e-01 -4.0454364e-01
 -4.0402688e-02 -1.9773904e-02 -4.8137531e-01  7.2734602e-02
 -2.9039718e-02 -2.8437022e-02 -5.2162032e+00  1.2756368e+00
  2.2575671e-02 -1.4711794e+00  1.0194620e+00 -1.0111315e+00
  1.6704690e-02  4.1483045e-01 -5.2775490e-01 -5.0206190e-01
 -2.8643501e-01  2.4113049e-01 -2.9942700e-01 -3.0412450e-01
  6.4481223e-01 -2.8766176e-01 -3.6226866e+00 -1.7680424e-01
 -8.0932260e-02 -1.4557227e+00  1.8267568e+00 -3.3548675e-03
  4.7879912e-02  1.0044503e-01  4.0753254e-01 -2.9816571e-01
  4.5011837e-02 -2.2176437e-01 -3.2955191e-01  2.2751725e-01
 -1.2173563e-02  9.1850728e-02  3.8134971e-01  1.8603393e+00
  1.2585056e-02  1.8819694e-01 -4.3296513e-01 -1.1363485e-01
 -2.3412949e-01 -9.9564093e-01  8.7919348e-01  3.8955581e-01
  2.0962879e-01 -2.9742378e-01 -2.4632005e-02  7.8260231e-01
 -9.0203762e-01  2.1297479e-01  4.2454340e-02  2.0569903e-01
  2.0736749e-01 -1.2678629e-01  3.3775769e-02 -1.9189753e-02
 -2.8117350e-01 -4.5154759e-04  4.6518838e-01 -1.7379576e-01
  5.6161530e-02 -1.5039344e-01 -2.6524088e-01  4.1735119e-01
 -3.6647439e-01  1.4526351e-01 -6.3397616e-02 -2.8800476e-01
  8.7405769e-03 -5.8207777e-03  3.7565866e-01 -9.0689510e-03
  1.4304294e-01  3.7195885e-01 -2.6868358e-01 -2.6942492e-01
 -9.6321199e-03  2.7242711e-01 -2.3310050e-01  7.7225352e-03
  4.7073483e-02  1.0331033e-01 -6.7401966e-03  6.0874061e-03
  3.5678431e-01 -7.9123408e-01  3.8776839e-01  9.8733187e-01
  6.2119761e-03 -1.8308187e-01  1.3056234e-03 -3.6449044e-03
  1.6466061e-02  6.1431956e-03 -5.0128074e-03 -2.7037226e-03
 -1.7855428e-01  1.7181652e-02  3.9521689e+00 -3.9639788e+00
 -1.6110728e+00 -1.0266012e+00  8.5235637e-01  9.2463160e-01
  3.7232083e-01 -4.7122061e-01  1.2079585e-01  5.5588913e-01
 -7.3714510e-02  4.7360882e-01  8.5695320e-01 -1.9902000e-02
 -2.3734370e-01 -2.4603371e-01  7.5282776e-03 -1.0709893e+00
 -3.8373950e-01 -1.1800349e+00  1.0255153e+00 -1.9220942e-01
 -7.0003141e-03 -2.6722673e-01 -5.3777140e-01  7.1629405e-01
 -2.6123288e-01  2.6006708e-03  6.2091708e-01 -5.1052278e-01
 -3.1742007e-01 -2.0685832e-01  3.3631516e-01 -4.8950057e+00
  1.2829463e+00 -7.1972960e-01 -5.8942443e-01 -7.5090505e-02
 -5.3546625e-01  3.4319639e-01 -9.2263371e-02  1.0720969e-02
  2.3292007e-01 -4.1908629e-02  1.6050641e-01  9.0355963e-02
  6.6305983e-01  2.6434439e-01 -2.4404514e-01  2.2803380e+00]"
4,0,0,2,1,"[-1.05918795e-02  1.33864355e+00 -4.41310406e-01 -2.17273971e-03
  6.07236177e-02  5.51561117e-01 -9.36803222e-01  1.21687859e-01
  1.62948459e-01  9.46701989e-02  9.66545939e-02 -1.30873227e+00
 -6.60410896e-02  2.36034781e-01 -7.65345335e-01 -9.22246873e-01
  8.45866323e-01 -4.00920010e+00  8.76396477e-01 -1.21867168e+00
  8.07363927e-01  3.05454254e-01  3.13761644e-02  3.80100757e-01
  3.20461661e-01  1.60578698e-01  2.67610222e-01 -3.35418969e-01
  3.41961592e-01  3.09492886e-01 -1.30122826e-01  1.81795311e+00
  7.77337909e-01 -7.38305807e-01  4.35487144e-02  1.58898398e-01
 -6.65256055e-03  9.57963988e-02  9.58410725e-02 -2.14584485e-01
 -5.35046495e-02  3.07868537e-03 -3.07228565e-01  5.47763705e-02
 -1.21679697e-02 -5.89925312e-02 -4.57635593e+00  4.57533026e+00
 -9.48008895e-01 -1.45486426e+00  1.57725096e+00 -8.09573293e-01
  5.72421610e-01  1.40275371e+00 -6.06939616e-03  2.06991762e-01
 -2.13601783e-01 -2.67241206e-02 -4.09357369e-01 -6.23740792e-01
  7.67619967e-01 -2.67910480e-01  5.28179049e-01  4.73742068e-01
  9.71465558e-03 -1.52867258e+00  1.78280401e+00 -1.85722852e+00
  2.44129300e-01  8.93556535e-01 -8.85102928e-01 -7.40375757e-01
 -4.90072966e-01  5.40629447e-01 -4.14087176e-01 -4.62268889e-01
  1.25793827e+00 -4.93286610e-01 -4.92804337e+00 -5.46802044e-01
 -5.46285138e-03  2.10905695e+00 -8.63167107e-01 -4.56049591e-01
  7.38117695e-01 -8.17622244e-01 -1.14455807e+00  5.99145234e-01
 -2.26838499e-01  1.76549062e-01  4.62889403e-01  2.36822590e-01
 -6.65803015e-01 -2.06326008e-01 -1.27519095e+00 -1.55073166e+00
  2.47647092e-01  4.17515904e-01 -6.02212269e-03 -1.46614939e-01
  3.04384112e-01  7.61277303e-02 -6.26107082e-02 -1.37579739e-01
  3.13941278e-02  4.35962528e-02 -4.91002500e-02 -9.78967965e-01
  4.94986653e-01 -2.38263801e-01  2.94755120e-02 -4.07463312e+00
 -7.31301075e-03  9.18432791e-03 -2.78537832e-02  1.32177681e-01
  1.72249213e-01  5.80115058e-02  2.34849647e-01 -2.01311186e-01
  3.54750723e-01  1.89869143e-02 -1.66099623e-01 -3.42797004e-02
  1.94166525e-04  1.41921014e-01  1.42228913e+00  1.88261199e+00
  1.44428194e-01 -2.98389626e+00  3.16895127e-01  1.17973793e+00
 -2.32393399e-01 -3.77194881e-01 -6.81610554e-02 -3.14468518e-02
  6.10101828e-03  9.23920795e-02  1.15269840e-01  6.11960769e-01
 -4.14021581e-01  1.57811075e-01  3.78519702e+00 -1.54601026e+00
 -3.39234829e-01  4.12225574e-02 -2.43889038e-02  2.96431452e-01
 -4.23234329e-02 -9.75794345e-03  1.32349920e+00  6.44035414e-02
  4.30055141e-01  7.05504119e-02  1.35428896e-02 -6.37807846e-01
 -5.36404192e-01 -1.22706993e-02  7.83893943e-01  3.81127521e-02
 -1.21057057e+00 -1.55041313e+00  1.18888879e+00  8.06081109e-04
 -1.05780698e-01 -7.65462995e-01 -7.78725445e-01  5.20445824e-01
 -3.28237891e-01  2.02020884e-01  8.31027627e-01 -4.41330105e-01
 -4.66975391e-01 -3.38863552e-01  3.40881228e-01 -3.09413052e+00
 -6.56696707e-02  4.32106167e-01 -2.35408023e-01  1.74670015e-02
 -3.83723155e-03 -2.36205742e-01 -8.55138302e-02 -1.01276580e-02
 -2.35984966e-01 -3.18813890e-01 -6.03200309e-03  8.38508923e-03
  1.11570217e-01 -4.38776650e-02 -7.61024237e-01 -3.97272408e-01]"
5,0,0,2,1,"[-3.61912459e-01  5.42771041e-01 -2.99360037e-01  6.11750595e-02
  1.69792660e-02  2.74126768e-01 -6.69123888e-01 -2.32492723e-02
 -1.82321385e-01  6.28078654e-02  1.04576204e-04 -3.91689509e-01
  1.57560766e-01 -1.41291589e-01 -2.20740223e+00 -1.88599312e+00
 -5.72708666e-01  5.85124671e-01  2.05037400e-01 -6.77851960e-02
 -3.53951812e-01 -4.92112637e-01 -5.90884626e-01  1.81687459e-01
  9.23355520e-02  3.94829512e-02  5.79508483e-01 -1.08928390e-01
 -3.17780375e-02  1.56805709e-01  4.66372395e+00 -2.02903986e+00
  6.59160554e-01 -3.49468970e+00  6.45586073e-01 -4.09176499e-01
 -3.58337492e-01 -5.69307506e-01 -9.42285478e-01 -3.65156457e-02
  1.36869952e-01  5.12134254e-01  8.33506823e-01  6.14727810e-02
  3.94061118e-01  2.30009645e-01 -1.02362275e-01  3.17262125e+00
 -1.22160837e-01  1.12487137e+00 -1.18637538e+00  1.17113709e+00
 -1.29810974e-01 -5.26243389e-01  6.27519727e-01  5.33659458e-01
  3.74182224e-01 -4.47672486e-01  2.98524231e-01  3.72335494e-01
 -8.13054979e-01  4.11798865e-01  3.13923597e+00  6.79364800e-01
 -5.45861609e-02  2.64454055e+00 -1.89096606e+00  4.80499238e-01
 -2.12840006e-01 -1.27475774e+00 -1.34994102e+00  2.52745040e-02
 -3.50455754e-02  3.46532971e-01  3.83207500e-01 -6.90175176e-01
 -8.15794051e-01 -1.67408049e-01 -1.14445472e+00 -2.14677310e+00
 -2.59289471e-03  1.12587288e-02  6.25671864e-01 -9.36441123e-01
  1.38438363e-02  2.89419964e-02 -1.77727520e+00 -9.74925160e-02
  6.05305284e-02  5.52201783e-03  8.32706869e-01 -6.55869484e-01
  3.07143062e-01  2.91817725e-01 -4.32114489e-02  9.59470153e-01
 -1.44582286e-01 -2.64806557e+00  5.44080019e-01  1.29276705e+00
  5.54316817e-03 -4.79634702e-01 -1.60526678e-01 -3.02958697e-01
  3.52717470e-03  2.99723148e-01 -7.40316212e-01  4.22384977e-01
 -1.22988552e-01  1.38688192e-01  2.26496029e+00 -1.53219891e+00
  4.80010569e-01  1.22840893e+00 -6.49506330e-01  3.20551336e-01
 -1.34431168e-01 -3.33528578e-01  4.03645337e-01  1.25542790e-01
 -7.54490048e-02 -6.12096526e-02 -1.21159613e-01  6.18929505e-01
 -1.86718613e-01 -2.75352001e-02 -2.63164997e+00  7.95049310e-01
  6.20600942e-04  9.79672909e-01  5.48402786e-01 -8.72039378e-01
  1.89204916e-01  5.04032493e-01 -3.07904463e-02  3.56767587e-02
 -2.00968590e-02  2.05714032e-01  3.17133367e-02 -1.30196232e-02
  5.05516768e-01 -1.31539498e-02 -3.05850744e+00  3.39294338e+00
 -1.13080472e-01  1.62862289e+00 -4.95154411e-01  4.48697299e-01
  1.02475271e-01 -6.08868897e-01  1.15259099e+00  7.71829367e-01
 -7.07270265e-01  9.56237130e-03 -5.91223001e-01 -8.07541087e-02
 -1.08611705e-02 -1.66001365e-01 -1.22634578e+00 -2.96230197e+00
 -7.84794927e-01 -1.86701274e+00  1.85167885e+00  1.38471536e-02
  1.42099261e-01 -4.78601724e-01 -6.72630966e-01  8.13901544e-01
 -2.86451578e-01  8.34916294e-01  1.73419297e+00  2.92482618e-02
  1.23513870e-01 -3.03220630e-01  5.56310356e-01 -2.28449678e+00
  4.44912612e-01  3.69018014e-03  1.70085683e-01 -1.34597838e+00
 -1.16365567e-01  1.88150987e-01 -1.17710225e-01 -1.62873015e-01
  1.26179889e-01  2.33000647e-02  7.44004428e-01 -3.43525618e-01
  1.26116112e-01  2.59537846e-01  6.49332881e-01  1.01042342e+00]"
6,0,0,2,1,"[-3.1923909e-02 -2.0444684e+00  1.3334837e+00 -3.6348611e-02
  1.8564440e-02  6.7182153e-02 -9.5572770e-03  2.3455424e-02
  1.1646477e-02  7.2104806e-01 -2.5686752e-02  7.4129832e-01
  1.7431924e-02  3.2674298e-01  1.0573918e+00  1.8115488e+00
 -1.0239775e+00  1.1805491e+00 -4.1891328e-01 -1.5658008e-01
 -3.7861090e-02 -6.1386950e-02  4.9918182e-02  1.6136642e-01
 -1.5049808e-02 -9.2441306e-02  1.3031438e-01  3.5840902e-03
 -1.0567838e-01 -1.4258468e-02  4.9794927e+00 -4.5601859e+00
  1.2278183e-02  7.4319474e-02 -6.0158025e-02  1.0312948e-02
  4.1915202e-01 -1.9737384e-01  5.8286136e-01  1.3178704e-02
 -3.7832749e-01 -4.6926713e-01 -1.5876897e-02 -8.9507990e-02
 -5.2191907e-01 -4.4007424e-01 -1.4112847e+00  1.7848958e-01
  3.4489396e-01  1.4421767e+00 -1.3783662e+00  6.3535661e-01
 -1.9228265e-01 -7.7896684e-01  3.5714331e-01  2.9769707e-01
  2.5958925e-01 -7.1793534e-02  4.1474250e-01  4.8366174e-01
 -6.6203612e-01  2.6441270e-01  4.3840680e+00  2.1815848e-01
 -2.2567441e+00 -7.8294007e-03 -6.1210223e-02  1.4606227e+00
 -4.8505154e-01 -2.0134491e-01  7.8690492e-02  1.9918641e-01
  2.9270172e-01 -4.2648995e-01  2.3960046e-01  1.3047318e-01
 -1.4647412e-01  2.7882257e-01  8.5527450e-01 -1.3661244e-02
  1.0668175e-02  1.6536026e+00  1.7983142e-01 -9.6149715e-03
 -4.8705053e-01 -7.4149348e-02 -9.3029791e-01 -2.7556162e-02
 -3.8412440e-01  4.4654489e-02  2.0335755e-01  2.1223269e-02
  1.9044291e-02 -2.1147239e-03 -1.5139177e+00 -1.5232643e+00
  5.7598722e-01 -1.7755053e+00  1.1042540e+00 -1.3804461e+00
 -5.1568872e-01  2.9295257e-01  1.9661967e-02 -2.2841527e-01
 -5.8503989e-02 -4.8440728e-02  1.3832092e-01  7.9123235e-01
  5.0894874e-01  5.1609795e-03  1.8527733e-01  3.6097448e+00
  5.6312162e-01 -5.2299675e-02  2.4909334e-02 -3.8380414e-01
 -6.0307667e-02 -4.7111078e-03  8.0021005e-03 -1.2061297e-04
 -9.1471955e-02 -3.6121669e-01  2.3540059e-01  1.0568880e-03
 -7.0946561e-03 -1.2432035e-01  6.2565792e-01  2.6288073e+00
  2.1392040e-01 -2.0554028e+00  2.2869559e-01  6.4337629e-01
 -2.8709918e-03 -1.4321682e-01  2.3957362e-02  5.6885676e-03
  8.1338426e-03 -2.0987757e-02  2.1869298e-03  3.5634134e-02
 -1.6372716e-01  1.2169140e-02  4.5663357e+00 -2.4870052e+00
  1.8716133e+00  2.9737833e+00 -7.1885520e-01 -2.1573675e+00
 -5.6644630e-01  5.9083241e-01 -1.1669118e-01 -6.1573732e-01
  2.2122101e-01 -4.3399703e-02 -2.3410435e-01  1.2838273e-01
  7.7796304e-01  1.5320472e-01 -1.3053530e+00  1.7518373e-01
 -7.5980926e-01 -7.3901892e-01  7.4879885e-01 -7.5173599e-01
 -4.6398208e-02 -3.0743247e-01 -5.4984808e-01  5.2357090e-01
 -2.4423358e-01  7.9499923e-02  6.1124551e-01 -4.9005875e-01
 -2.7659991e-01 -2.5959805e-01  5.8119763e-02 -3.6493566e+00
  6.8856496e-01  2.8166695e+00 -1.9957399e+00 -9.0606183e-02
 -1.7357726e-01 -1.2108142e-01 -7.7190489e-01 -3.9738950e-01
 -2.2908612e-01  8.9099765e-02 -1.4985387e-01  2.4056399e-02
  6.6623032e-02 -1.9105969e-01 -2.0500596e+00 -1.4494233e+00]"
7,0,0,2,1,"[-1.06789720e+00  1.36259198e+00 -8.87616694e-01  8.84068534e-02
  1.92516685e-01  3.45744495e-03  4.30220552e-02  6.38464093e-01
 -9.61067900e-02  3.15438537e-03  1.81960344e-01 -4.67475891e-01
 -1.07540138e-01 -1.43505605e-02  9.84898567e-01 -2.57374144e+00
  8.21775794e-01 -2.83152080e+00  3.50706905e-01  1.02926970e-01
 -2.44815443e-02 -9.27136764e-02 -1.83945253e-01 -9.99008566e-02
  1.67261774e-03  6.74338639e-01  5.62758267e-01  4.63854522e-01
  6.08915746e-01 -2.12041734e-04 -3.10114241e+00  2.52080178e+00
 -1.71266183e-01 -9.82528746e-01 -3.25360715e-01  1.98057458e-01
  4.21398645e-03  2.35082597e-01  3.73195142e-01 -3.61018091e-01
 -1.63020485e-03 -2.17303112e-01 -5.38263500e-01  2.07582787e-01
  3.28859612e-02  1.36181377e-02 -1.75551188e+00  1.20239532e+00
  1.16378861e-02  1.01804602e+00 -1.56496632e+00  1.08267474e+00
 -3.06116730e-01 -9.54305410e-01  4.85911518e-01  4.29858565e-01
  3.91299844e-01 -3.79721314e-01  3.60965550e-01  4.20505315e-01
 -1.02174520e+00  3.97069156e-01  4.23054457e+00  4.71653908e-01
  2.06129766e+00 -2.32575989e+00  2.77665049e-01 -5.49760163e-01
  2.79639930e-01 -1.48681909e-01  7.93495178e-02 -5.52301183e-02
 -6.69577494e-02  1.96375415e-01 -6.97507411e-02  4.86328937e-02
 -1.40674949e-01 -6.82642385e-02  2.12815499e+00  9.33442295e-01
 -6.15466498e-02 -1.91056542e-02  2.20068209e-02 -5.68550110e-01
 -2.64161732e-02 -1.57008395e-02 -1.15270153e-01 -5.86272334e-04
 -3.35841775e-01  6.04678551e-03  1.95421800e-02 -1.28619432e-01
 -1.94113299e-01 -2.62926280e-01 -1.64692760e+00 -1.00219154e+00
 -3.33051324e-01  2.70183962e-02  1.85925269e+00  7.00728059e-01
 -6.28190398e-01 -1.04849078e-01 -6.25946462e-01 -6.86831236e-01
  4.91772667e-02 -3.42435509e-01  2.28437483e-01  1.16267025e+00
  8.60249475e-02  3.47411156e-01  1.40983367e+00  2.13297701e+00
  6.37688339e-01  2.09561896e+00 -1.31969059e+00 -7.60953069e-01
  4.76865321e-01  7.28650913e-02 -5.25822520e-01  2.66950190e-01
 -2.71890610e-01  5.00623286e-02  6.91917419e-01  4.19745833e-01
  2.05896832e-02  9.29339416e-03 -1.17933595e+00 -1.23852837e+00
  3.53514969e-01 -1.02992713e+00  4.03844148e-01  9.86634314e-01
  2.26622634e-02 -1.63609758e-01 -1.15014138e-02  5.47038671e-03
  8.76662508e-03 -3.99803655e-04 -1.02726696e-03  4.13524359e-03
 -1.84366778e-01  1.74614731e-02  2.98341346e+00 -2.44936323e+00
 -1.18717456e+00  1.38471186e-01 -3.74842256e-01  1.69670653e+00
  5.34767926e-01 -1.87319577e-01  6.24627657e-02  1.26718074e-01
 -2.13455126e-01  3.88718039e-01  4.73522320e-02  8.98217857e-02
 -2.37825155e-01 -1.23749442e-01  4.12943929e-01 -2.25842857e+00
 -1.68981969e-01  1.58746028e+00 -1.55658984e+00  1.43924797e+00
  1.72592789e-01  1.31230637e-01  4.10209209e-01 -7.99544573e-01
  1.12659127e-01  9.06113237e-02 -8.28963816e-01  4.61782396e-01
  1.37679756e-01  1.93361357e-01 -4.06188257e-02  1.23321390e+00
  1.70564801e-01  2.86272097e+00 -1.46199369e+00 -5.75950265e-01
  5.52679956e-01  3.04225981e-01 -8.85191619e-01 -3.63214612e-01
 -1.34600729e-01  4.00646985e-01 -2.82330904e-03  7.42962480e-01
 -1.31328078e-02  4.56001647e-02 -9.54216838e-01 -1.44633150e+00]"
8,0,0,2,1,"[-9.34976414e-02  1.71464598e+00 -9.19291794e-01 -1.09928120e-02
 -3.15230429e-01  7.53477514e-01 -1.31936991e+00  2.41579749e-02
 -4.28105921e-01  1.43574268e-01 -6.40337938e-04  7.98462868e-01
 -1.31698892e-01  6.38291473e-03 -6.86648190e-01 -9.80550587e-01
  2.06876382e-01 -1.14011310e-01  9.87722427e-02 -3.39911312e-01
 -5.01514226e-02 -4.10780162e-01 -5.61245501e-01  2.52844959e-01
  1.45050824e-01  1.44887105e-01  4.44626480e-01 -5.28276503e-01
 -2.75777578e-01  1.29552337e-03  1.64819419e+00 -1.15526593e+00
  8.43033195e-01 -1.09040737e+00  2.66966194e-01 -4.45403904e-02
  1.29772976e-01  9.13839415e-02 -5.37732169e-02  1.21905813e-02
  2.41217930e-02  8.45366120e-02 -4.71534953e-02 -8.45549703e-02
 -4.32651304e-03  9.69403796e-03 -2.93025041e+00  3.46862960e+00
 -8.37474406e-01 -6.30644560e-01  8.50725889e-01  9.90239680e-01
 -4.58317697e-02  4.55005258e-01 -3.35027687e-02  8.87763277e-02
  4.60106321e-03 -7.46078864e-02  6.49547502e-02 -6.88402057e-02
  4.29837495e-01  3.54203861e-04 -1.72390401e+00  8.01667478e-03
 -8.16718400e-01  8.81355584e-01 -1.06222093e+00  1.57533920e+00
 -5.38397491e-01 -7.79683113e-01  2.21159801e-01  2.85371304e-01
  3.79329830e-01 -2.99053162e-01  5.12576997e-01  4.59639966e-01
 -5.51367342e-01  3.74592513e-01  2.83900690e+00  1.54369250e-01
 -6.39894605e-01 -1.61426032e+00  1.31149113e+00 -1.60084516e-02
 -3.73601824e-01 -1.99425325e-01  8.08335602e-01 -6.14224281e-03
  2.78676540e-01 -1.45524025e-01  5.86543143e-01  1.06793106e+00
  5.73655963e-01  3.46877366e-01  1.86569810e+00  2.65167928e+00
 -1.09332949e-01 -1.89722061e-01 -2.15749085e-01  2.18549967e-02
 -7.08312690e-02 -1.87818065e-01  3.88595432e-01 -3.31543565e-01
 -9.03427321e-03 -4.54378992e-01 -2.92035431e-01  3.90300274e-01
 -7.64430016e-02 -3.46877426e-01 -7.47973740e-01 -2.99587324e-02
 -3.42114642e-02  7.58083403e-01 -1.47128673e-02 -3.51790041e-01
 -2.88377047e-01  1.04642606e+00 -1.65768072e-01  1.94823638e-01
  1.39761776e-01  5.02297163e-01  4.50383648e-02 -4.79368120e-01
 -5.89174926e-01  4.61798549e-01 -8.41093212e-02  2.95758545e-01
  4.46138680e-02  3.35809922e+00 -3.90515216e-02 -9.14177954e-01
 -4.63448912e-01 -1.65799275e-01 -4.48995024e-01 -4.26569641e-01
 -1.60316210e-02 -3.07304710e-01 -2.97897130e-01 -3.19804311e-01
 -5.92216067e-02  2.46986048e-03 -4.32952261e+00  4.21942616e+00
 -1.02615925e-02  3.28873992e-02 -8.77180278e-01  1.10457551e+00
 -1.07381836e-01 -7.16412738e-02  8.48859847e-02 -6.41258776e-01
  8.67202207e-02  7.74975941e-02 -4.54228669e-01  2.59473711e-01
  1.06657863e-01  1.14892907e-01 -1.50036663e-01  2.78783751e+00
  1.41285622e+00  3.02312517e+00 -1.31908679e+00 -1.14000809e+00
 -4.43126231e-01  5.66500306e-01  3.26831102e-01 -7.48714209e-01
  3.26692343e-01 -2.42229536e-01 -5.66000760e-01  2.56762207e-01
  6.52893901e-01  3.98109853e-01 -1.29530704e+00  4.12629724e-01
  1.00483370e+00 -1.80540049e+00  7.53707409e-01 -1.17696452e+00
 -1.82025805e-02  2.46431053e-01  2.63666093e-01  1.00554794e-03
  1.87426880e-01  6.92125503e-03  5.32184392e-02  7.06247151e-01
  4.36017126e-01  2.63681449e-02  1.53888547e+00  3.47247219e+00]"
9,0,0,2,1,"[-2.08117254e-02 -1.28516793e+00  6.06327295e-01 -4.86346632e-01
 -9.11516920e-02  6.26054764e-01 -3.92323639e-03  4.64433851e-03
  1.29607663e-01 -2.74524447e-02 -3.98776829e-01  9.76909068e-04
  1.87305197e-01  2.24759445e-01  1.85435605e+00  2.19886470e+00
 -5.02723098e-01  4.96548843e+00 -5.52054226e-01  9.14039537e-02
  2.07953647e-01 -1.18685991e-01 -5.97200036e-01  3.24287325e-01
 -1.20698832e-01  7.64251966e-03  1.52424157e-01 -6.42238617e-01
 -3.35728467e-01 -1.94101930e-02  3.52137387e-01 -4.96479988e+00
  3.62984985e-01 -3.58785897e-01 -3.98065805e-01 -1.71080694e-01
  5.51404119e-01  2.69173473e-01 -2.31437743e-01  3.50246936e-01
 -8.70546103e-02  2.83498853e-01  1.20624073e-01 -3.62058699e-01
  3.56473611e-03  2.65851594e-03 -3.81802964e+00  2.31682992e+00
 -1.30864754e-01  1.33199894e+00 -6.43223822e-01  4.80799764e-01
 -3.76771241e-01 -1.27165243e-01 -6.97644427e-02  3.95761102e-01
  1.40601501e-01 -2.74565239e-02  7.23634064e-01 -1.94928706e-01
 -5.80349341e-02  1.08387761e-01  2.45677397e-01 -5.56082845e-01
  3.81618962e-02  1.26639950e+00 -1.31271803e+00  1.12108111e+00
 -1.40530104e-03 -6.62838638e-01  6.61718547e-01  4.91171032e-01
  3.21658373e-01 -1.14904456e-01  3.41904253e-01  6.64744437e-01
 -7.26109147e-01  3.26243013e-01  2.84297180e+00  4.21637893e-01
  4.56124395e-01  7.03878105e-01 -5.83202720e-01  1.87984452e-01
 -1.91855952e-02  2.47729644e-02 -1.38294771e-02 -4.16918881e-02
 -2.33333260e-01  8.66349280e-01  2.68146135e-02  3.28171372e-01
  2.47948751e-01 -3.23089391e-01 -1.15894485e+00 -9.35390770e-01
 -1.38910472e-01 -1.62927365e+00  1.30313694e+00 -4.21908885e-01
 -1.85742900e-01  8.84547271e-03 -3.96317430e-03  2.26848692e-01
  6.34218100e-04 -8.42458069e-01 -6.14239335e-01 -9.44321454e-01
  3.35832804e-01  3.46810669e-01  1.56854570e+00  1.78826511e+00
  8.90263841e-02  9.98754978e-01 -6.10320568e-01  3.48941803e-01
  2.71942019e-01 -4.61056381e-01  1.28817670e-02 -6.20470166e-01
  1.46596536e-01  7.49903321e-01  4.24098643e-03 -2.80336857e-01
 -5.68584323e-01 -2.48193771e-01 -1.29608059e+00  6.96344912e-01
  9.77583881e-03  6.84905112e-01  3.20142694e-02 -7.87008643e-01
  6.84126094e-02  3.50939989e-01  1.08332559e-01  1.21698655e-01
 -2.04155929e-02 -2.80874759e-01 -2.33404577e-01 -2.20002726e-01
  4.03483696e-02  3.23864195e-04 -2.78800440e+00  3.91450214e+00
 -6.99042141e-01 -1.22003245e+00  1.28146815e+00  2.02002421e-01
  3.01388383e-01 -2.09400475e-01 -2.09329963e-01  8.25329542e-01
 -2.53925145e-01 -5.26983943e-03  5.29905081e-01 -4.95046824e-01
 -5.06025851e-01 -2.53573567e-01  2.73776412e-01 -3.07815957e+00
  6.63374066e-02 -1.06627107e+00  5.46327680e-02  6.74092844e-02
 -1.30152591e-02 -4.71726209e-02  3.22804153e-01 -4.89209354e-01
  1.28862292e-01 -2.06284717e-01 -3.08230639e-01  1.10332139e-01
  9.33514610e-02  2.18214989e-02  1.53390396e+00  2.00512385e+00
 -4.73503381e-01  1.42834532e+00 -6.20468199e-01  1.11473215e+00
  2.82024801e-01 -8.05429220e-01 -8.87763441e-01 -2.33189366e-03
 -1.41667202e-01  5.78446407e-03 -7.76971085e-03 -2.61120152e+00
 -5.89812040e-01 -5.66043198e-01 -4.17365015e-01 -2.41508317e+00]"
10,0,0,2,1,"[ 5.57697833e-01 -2.72581041e-01  2.38381401e-01 -8.11414242e-01
 -3.10293972e-01 -3.61707330e-01 -4.58527386e-01 -8.14175010e-01
 -7.77638110e-04  4.98092949e-01 -4.60340738e-01  4.02244210e-01
  1.79646626e-01 -3.67893487e-01 -5.24138451e+00  2.67593026e+00
 -2.67567694e-01 -2.25185108e+00 -2.30508283e-01  8.83795619e-02
  1.11846000e-01 -4.01041545e-02 -6.75208628e-01 -7.22852498e-02
  2.46834308e-01  2.18587331e-02  1.07694316e+00 -9.75479186e-02
  5.05022526e-01  5.65780938e-01 -1.46253049e+00  2.69045472e+00
 -1.08527815e+00 -8.78903456e-03  8.54586005e-01  1.18411399e-01
  7.02332914e-01  1.99968636e-01 -1.07160342e+00 -7.76519775e-02
  5.68113446e-01 -7.69695193e-02  8.07354748e-01 -1.58858597e-01
  1.82398945e-01  2.93993443e-01  2.91534638e+00 -3.27309556e-02
 -1.07868338e+00 -1.06226146e+00  1.58960533e+00 -1.17386854e+00
  1.61706373e-01  7.47948468e-01 -9.52245966e-02 -5.55852115e-01
 -3.94525996e-04  2.68147260e-01 -4.16322321e-01 -6.31576180e-02
  7.05259383e-01  3.06519270e-01 -1.76312900e+00  3.67157012e-01
 -2.59201854e-01  5.58820844e-01 -5.74974120e-01 -7.50236970e-04
 -7.41133988e-02 -4.13278639e-01  1.82840273e-01 -1.42017990e-01
  2.10054711e-01 -2.65241086e-01  4.58636507e-02  2.32616663e-01
 -2.13811606e-01  3.38069081e-01  1.60717213e+00 -6.72728242e-03
  8.85826349e-01 -9.60710227e-01  7.44815290e-01 -1.69814122e+00
  7.57720709e-01  8.01793337e-01 -3.19586247e-01 -5.31186044e-01
 -4.81507689e-01 -1.30139709e-01 -6.65147483e-01 -6.72843814e-01
  8.85380089e-01 -5.74931383e-01 -3.58011842e+00 -8.89963031e-01
 -6.69351816e-01  9.78138864e-01 -8.23761672e-02 -4.41100419e-01
  1.79545015e-01 -6.65140164e-04 -1.22393966e+00 -1.13390386e-01
 -3.09576005e-01 -1.45147309e-01 -3.05061549e-01 -1.08349609e+00
  3.95283401e-01  1.71035044e-02  1.04961060e-02 -3.52815413e+00
 -8.15827191e-01  1.38836336e+00  1.14515223e-01 -1.58978388e-01
  1.45056173e-01  3.45954686e-01 -1.39135480e+00 -1.52831882e-01
  1.72525629e-01 -6.38954699e-01 -4.39152151e-01 -1.64203835e+00
 -6.43451035e-01  2.48102676e-02 -7.52174035e-02 -2.82603836e+00
 -6.48072898e-01  2.62498975e+00 -3.77130121e-01 -1.51267028e+00
 -4.05610204e-02  2.58380055e-01 -7.24085867e-01 -1.54841602e-01
 -1.08718716e-01 -4.66552705e-01 -4.44860369e-01 -9.10259724e-01
  1.24071317e-03 -3.96242514e-02 -5.03545046e+00  2.49484539e+00
 -1.66627526e-01  1.12634504e+00 -3.88628691e-01 -3.32321882e-01
 -1.37747258e-01  1.59101620e-01  1.01324892e+00 -5.98642468e-01
  1.07161691e-02 -2.31262282e-01 -2.73592055e-01  5.24609566e-01
 -2.82505155e-01 -2.42680416e-01 -1.16169012e+00 -4.74269241e-02
 -1.05893838e+00 -1.06432068e+00  1.87684572e+00 -8.05887759e-01
  3.22415113e-01  5.69047451e-01 -5.97715795e-01  3.11669856e-01
 -3.12165115e-02 -4.07350212e-02  7.24601924e-01 -6.79632366e-01
  3.02474052e-01 -1.33802757e-01  5.64380586e-01 -1.22241700e+00
 -9.69259799e-01 -7.52867699e-01  5.20214856e-01  9.94207978e-01
  1.67767838e-01 -1.09749532e+00  2.97307074e-01  1.19239116e+00
 -5.38949907e-01  1.14061391e+00  1.59391785e+00  8.43156040e-01
 -3.48878920e-01 -5.24868488e-01 -4.66432065e-01 -3.78957105e+00]"
11,0,0,2,1,"[ 4.2328402e-01 -2.3538935e+00  1.1239959e+00 -6.5841906e-02
  1.3731438e-02 -9.9033967e-02 -3.3766675e-01  5.1690435e-01
  1.5143761e-04  6.7019753e-02  6.6368860e-01 -2.3903908e-01
  1.6946258e-02  3.4214236e-02  3.3605452e+00  7.9974169e-01
 -6.3870192e-01  1.7911605e+00 -5.2337265e-01 -5.6107278e-04
  2.2084561e-01  5.5081218e-02  3.2510504e-01  5.3277936e-02
 -8.3411016e-02 -2.7067092e-01  1.0874892e-01 -3.3628706e-02
  4.8594289e-02  2.2664457e-04  8.2277775e-02 -2.1460052e+00
  5.2583736e-01 -1.8641603e+00  1.8675655e-02 -2.0665665e-01
  4.5147400e-02  2.3236722e-02 -3.4866750e-02 -1.7435755e-01
  4.3996340e-03  8.1307784e-02 -5.5576038e-02  1.7369181e-02
  1.3018456e-01  1.2794721e-02 -4.2862105e+00  4.0178471e+00
 -2.1832974e-01 -7.5766671e-01  1.0437202e-01  7.7990007e-01
 -1.8751423e-01  1.3543160e-01  4.2858236e-02  8.4037051e-02
  9.2334397e-02 -5.2264873e-02 -2.0336505e-02  4.5756470e-02
  1.2227804e-01  7.6637588e-02 -9.7495449e-01  8.3164465e-01
 -7.6848221e-01 -6.9694740e-01  7.4005716e-02  1.4264829e+00
 -2.4450344e-01 -4.6938758e-02  1.3592526e-01  3.7773818e-01
  3.3898816e-01 -1.7036590e-01  6.5789878e-01  5.7898968e-02
 -1.4601402e-02  1.8121327e-01  2.3706701e+00  1.2064230e+00
  8.3833778e-01  2.6965911e+00 -8.2543749e-01  1.6475451e+00
 -5.8601424e-02 -6.7050338e-01  6.7747647e-01  5.8508283e-01
  3.2315752e-01 -3.6317787e-01  1.8638107e-01  3.9811045e-01
 -9.8429793e-01  3.6458218e-01  3.9550633e+00 -7.0104827e-03
 -1.6389541e-04 -6.6802645e-01  7.2296596e-01  1.6345587e-02
  4.0747222e-02  2.6152462e-03  1.1163233e-01  2.3732217e-01
  1.3097504e-01 -1.3405475e-01 -1.5123260e-01 -9.4293773e-02
  3.3909237e-01 -1.7121769e-01  3.7264726e-01  2.0274556e+00
  2.9037084e-02 -2.4503045e+00  1.2798482e+00  6.8045594e-03
  1.2119964e-02  4.8532483e-01 -3.1180638e-01 -9.6829511e-02
  8.6587206e-02  1.3257276e-01 -1.3839900e-01 -4.1181302e-01
  5.4605985e-01 -5.8229886e-02  1.9160402e+00  4.7271135e-01
  2.1697409e-03 -8.2049274e-01 -1.5439887e-01  7.1198303e-01
  4.1650981e-03 -2.9498005e-01  2.8833028e-02  1.1966969e-03
  4.7744340e-03 -6.6521112e-03  1.7555509e-02  5.6557719e-02
 -2.9000148e-01  2.7563546e-02  3.9545319e+00 -3.7545235e+00
 -9.2512029e-01 -2.3021805e+00  1.8072028e+00  1.4414692e-01
  4.2893745e-02 -5.2728403e-01  1.6920580e-01  1.2223476e-01
 -2.1396436e-01  7.1669973e-02  1.5542957e-01  3.7721622e-01
 -6.1766082e-01 -1.6387218e-01  2.6743793e+00 -3.9844468e-01
  1.1600002e+00  4.5993930e-01 -2.1687563e-01  2.9329047e-01
  9.6196808e-02  7.0420581e-01  9.5892233e-01 -5.3286451e-01
  3.1534034e-01  5.6085978e-03 -6.3328445e-01  8.7440127e-01
  5.6591725e-01  3.3915147e-01  5.1335669e-01  3.8125601e+00
 -9.0391070e-01 -1.7512388e+00  1.9316168e+00  1.2888106e-02
 -2.2745892e-01 -7.1739890e-02  2.1110441e-01  4.5755118e-02
  1.8715721e-02 -3.5763383e-02  2.2073425e-01  1.6857849e-01
  7.5644732e-02  4.9216349e-02  1.1389174e+00 -1.0765859e+00]"
12,0,0,2,1,"[-6.94755316e-01  5.92332184e-02 -1.68390715e+00  8.56255710e-01
 -1.23582855e-01  2.11732313e-01  5.80712557e-01 -4.91811544e-01
 -2.50961371e-02 -4.45738807e-02 -4.94801104e-01  4.32975143e-01
  1.86174273e-01 -1.65033177e-01 -1.19592059e+00  1.60000116e-01
  3.95395607e-01 -3.08290780e-01  1.50203788e+00 -2.53361519e-02
  9.00353491e-02 -1.63804933e-01 -1.51412636e-01  1.38099110e-02
 -1.36926174e-02 -6.61608353e-02 -1.34532779e-01  1.11241572e-01
 -1.35853246e-03 -1.84325445e-02  7.75811017e-01  6.43304646e-01
  7.50439465e-01 -1.81616688e+00  2.76482940e-01 -1.90400444e-02
  3.72163579e-03  2.03926582e-03 -6.05419092e-02 -1.63066760e-01
  1.60973817e-02  4.43985350e-02 -1.21070646e-01 -1.05175637e-02
  4.59658504e-02  1.60641950e-02 -3.41427398e+00  3.81595135e+00
  4.65750635e-01 -1.06144977e+00  8.06639910e-01 -9.36865628e-01
  1.25866890e-01  3.18349987e-01 -3.84137273e-01 -4.48507935e-01
 -2.64875829e-01  1.49859071e-01 -3.96574885e-01 -3.97037327e-01
  3.38190854e-01 -2.58499563e-01 -2.55896163e+00 -1.36663869e-01
 -2.67740846e-01 -3.51301819e-01  4.71321121e-02 -9.02140677e-01
  2.43377998e-01 -9.67529416e-03  6.53075278e-01  3.03189784e-01
  8.39478672e-02  1.74508579e-02  2.22281262e-01  2.57329154e-03
 -3.01014543e-01  1.50876641e-01  2.49538136e+00  1.39545619e+00
  2.21473312e+00  8.31627548e-01 -1.01126647e+00  1.39246717e-01
  1.74545348e-01 -7.21447647e-01  2.15218097e-01 -2.45333370e-02
 -3.44026694e-03  1.53845608e-01 -2.17310595e-03  2.06540018e-01
 -7.39454508e-01 -2.13933792e-02  1.85187948e+00 -1.37584805e-01
 -1.51377499e-01 -3.97277164e+00  1.33698988e+00  5.03375232e-01
  5.94237410e-02  1.41271845e-01  4.22772974e-01  2.52628475e-01
  2.48039022e-01  7.67770270e-03  5.84574975e-02  4.08147126e-01
  1.21575654e-01  1.61190972e-01  3.30990696e+00  1.50387406e+00
 -3.40292864e-02  2.72475749e-01 -1.21830724e-01 -3.93062890e-01
 -2.72846315e-02  1.58308074e-01 -3.28315683e-02  2.79930800e-01
  3.81928459e-02  2.68822610e-01 -2.28067283e-02 -1.57501057e-01
 -3.25327292e-02 -8.47197510e-03 -7.63667464e-01 -4.23876375e-01
 -9.15687066e-03 -1.14798069e+00 -2.10779816e-01  5.57912230e-01
  7.97455199e-03 -2.35018149e-01 -7.58167282e-02 -3.61392945e-02
 -2.93001216e-02  9.04934555e-02  6.14619330e-02 -2.45811534e-04
 -1.61092490e-01 -1.53355617e-02  3.41113853e+00 -3.76618552e+00
  9.92796421e-01  1.61909497e+00 -7.81184077e-01 -1.64828971e-01
 -1.10963695e-01  6.20797426e-02  1.08318530e-01 -4.34852690e-02
  1.73991561e-01 -2.88339844e-03 -5.08370996e-01  1.41789749e-01
  1.63691178e-01  4.20721713e-03 -1.40527308e+00 -6.25828564e-01
  9.29434896e-01  5.06239295e-01 -1.26051939e+00 -3.18768412e-01
 -6.95665255e-02  5.75795412e-01  6.03551924e-01 -6.62357450e-01
  3.04949939e-01 -7.12260604e-02 -6.35881245e-01  6.08136177e-01
  5.61956227e-01  3.23615074e-01 -7.18902447e-06  4.47044277e+00
  5.70478197e-03  3.63771892e+00 -1.87829340e+00  7.41115510e-01
  3.05822432e-01  2.12926716e-01 -9.31601003e-02 -1.51699439e-01
  5.03465487e-03 -3.71856196e-03  1.45153210e-01 -3.92091006e-01
  6.38272762e-02  6.85778409e-02 -1.39800692e+00 -1.80060232e+00]"
13,0,0,2,1,"[ 2.17401370e-01 -1.81366575e+00  6.15306973e-01 -6.12680852e-01
  4.18455899e-01  4.15200442e-01 -3.39734048e-01 -1.17560424e-01
 -2.16991771e-02 -1.04343042e-01 -2.07800224e-01 -2.81389892e-01
  3.41298103e-01  2.55206198e-01 -4.28744745e+00  3.32854581e+00
  1.04290915e+00 -1.67161748e-01 -2.71262020e-01 -4.57497478e-01
 -5.92555478e-02 -3.19614768e-01  1.10926278e-01  7.90462196e-01
  1.60125807e-01 -1.20070949e-01  1.06527493e-03 -1.08900201e+00
 -9.59284008e-01 -4.46047753e-01 -1.87515211e+00  1.16487205e+00
  2.41777256e-01 -3.17277789e-01 -5.70643902e-01 -8.37028623e-02
 -1.65524378e-01 -6.15827478e-02  2.16955036e-01 -4.61760253e-01
 -1.61304174e-03 -7.07500651e-02 -4.27164286e-01  2.78149515e-01
 -9.48307216e-02  9.34167299e-03 -3.32470751e+00  1.13572967e+00
 -8.80727470e-02 -1.00051200e+00 -1.41603613e+00  1.19847329e-02
 -5.94941020e-01 -5.31830847e-01 -1.20956205e-01  3.81202728e-01
 -3.34312581e-03 -4.58523035e-01  4.88480598e-01 -8.23504269e-01
 -5.11365235e-01 -1.42442152e-01 -3.12827080e-01 -1.39856744e+00
 -5.03731966e-01  3.51703733e-01 -1.12883890e+00  5.10272026e-01
 -3.95453781e-01  3.07881832e-01 -1.54852664e+00  1.44842416e-01
 -1.00415617e-01  5.09405077e-01  4.42002386e-01 -3.35564744e-03
  9.27693725e-01 -3.48457128e-01 -9.31153357e-01 -9.41783905e-01
  1.86195135e-01 -1.06131971e+00  1.95200133e+00 -1.19163501e+00
  2.30625898e-01  8.14235568e-01 -6.44267142e-01 -7.05249012e-01
 -4.09043700e-01  6.25679672e-01 -2.88803577e-01 -1.19534642e-01
  1.23462868e+00 -3.75439912e-01 -3.94460940e+00 -2.17266977e-02
 -6.17548116e-02  2.11780334e+00 -1.25457835e+00 -5.76038122e-01
 -3.13875289e-03 -1.72598585e-01 -8.60000253e-01 -5.45214862e-05
 -1.13835158e-02 -1.78683192e-01 -3.87575999e-02 -1.48753881e+00
 -1.78017437e-01 -1.73058644e-01 -1.09428191e+00 -1.94278073e+00
  1.24310814e-02 -8.94031405e-01  8.05781543e-01  5.47768354e-01
  8.92767310e-02  3.90178785e-02 -3.20716143e-01  1.96196027e-02
  1.41058147e-01 -2.57321358e-01  2.23318323e-01 -1.07208896e+00
  6.71556545e-03 -9.94490832e-02  1.23868197e-01  2.37731266e+00
  3.55910510e-01  8.53119791e-01  2.66104192e-01 -5.09043276e-01
  1.07354328e-01  3.65923256e-01  2.25554720e-01  1.39979765e-01
 -2.68682912e-02  2.73527145e-01  2.41453379e-01  4.51256186e-01
  4.96237874e-01  3.14707193e-03 -3.64168859e+00  2.41478539e+00
  7.10263073e-01 -1.96355450e+00  7.83143938e-01 -1.44907441e-02
  3.83559614e-02  1.03284068e-01  1.92763610e-03 -1.58967257e-01
 -1.07407257e-01  7.54535869e-02 -4.24842745e-01  9.62178111e-01
 -1.82641998e-01  3.70456010e-01  7.08250180e-02  9.69972789e-01
 -1.28345549e+00 -3.27216923e-01  1.14151871e+00 -3.45773071e-01
 -9.24539790e-02 -5.33808529e-01 -4.37214017e-01  8.56640756e-01
 -1.46589950e-01  3.45012814e-01  1.02663493e+00 -6.65714219e-02
 -1.01231039e-01 -2.21150801e-01  6.05367482e-01 -1.88352382e+00
 -1.40711260e+00 -4.42975104e-01  2.51534700e-01  2.18489364e-01
  4.18123543e-01 -4.09127742e-01 -6.48103237e-01  1.47914439e-01
 -5.14264762e-01 -3.55161518e-01  9.97748598e-02 -1.57261705e+00
 -1.06630385e+00 -5.08809030e-01 -4.69896287e-01 -1.85756195e+00]"
14,0,0,2,1,"[ 7.37062156e-01  1.42269421e+00 -3.25620365e+00  1.50728136e-01
  5.36999881e-01 -5.31370699e-01 -5.89544952e-01 -1.84304833e-01
 -1.67107835e-01  1.23889055e-02 -5.35595179e-01 -1.14701259e+00
 -1.69456327e+00 -1.65194690e-01 -2.43751860e+00 -2.72802210e+00
 -1.12133473e-02 -7.01405048e-01  1.07653463e+00  1.44314158e+00
  1.30795851e-01  1.02382183e-01  8.64431262e-01 -3.29678543e-02
  2.68019915e-01 -2.92963445e-01  2.86961973e-01 -6.40972018e-01
  5.20553589e-01  4.30479906e-02  4.73308563e-01  8.34808230e-01
 -1.37065029e+00  1.39126587e+00 -9.28277969e-01 -6.11174345e-01
 -5.79526722e-02 -7.21569285e-02 -8.40298235e-05  1.47644684e-01
  1.80236204e-03 -1.80929825e-01  2.25596316e-02 -1.15324587e-01
 -2.11855561e-01 -2.06242641e-03  4.08215141e+00 -4.26861572e+00
  1.72433162e+00  1.68862593e+00 -1.32801270e+00 -1.07225883e+00
  6.24942422e-01 -4.47929889e-01  1.26516074e-01 -2.39240541e-03
  5.25472239e-02 -1.45953745e-01  4.89071637e-01 -8.39735210e-01
 -2.00983691e+00 -1.35039046e-01  2.40757203e+00  6.93503261e-01
 -4.47246373e-01  1.68375269e-01 -1.34473896e+00 -4.70019430e-01
 -1.80599764e-01  6.35961024e-03  8.28368887e-02 -1.02574850e-04
 -1.98035151e-01 -8.86927545e-03  3.54214191e-01 -1.39635682e-01
 -9.27538276e-02 -2.22696647e-01 -3.21895266e+00 -1.72280777e+00
 -2.44014878e-02  4.96269763e-01 -1.17651808e+00  1.63600898e+00
 -4.87883270e-01 -9.33308542e-01  3.21043730e-01  2.60424584e-01
  3.34817410e-01 -2.27250475e-02  6.47296607e-01  7.54975617e-01
 -4.48233932e-01  3.45342726e-01  3.70283198e+00 -2.16060765e-02
  1.08521711e-02  2.14235067e+00 -1.63694036e+00 -3.21707606e-01
  5.84192514e-01  2.01828894e-03  2.41799399e-01 -5.05371951e-03
  6.25178739e-02  1.70185760e-01  4.02641088e-01 -1.16342998e+00
 -1.72823393e+00 -2.89333984e-02  6.55729592e-01 -2.20101404e+00
  6.85846210e-02 -5.04571676e-01 -2.25389302e-02 -4.35801238e-01
 -3.69394630e-01 -4.28834021e-01  4.24989134e-01 -4.10666615e-02
  5.77340163e-02 -5.89456558e-01 -2.18948320e-01  2.72443891e-01
 -6.70486212e-01  1.71334028e-01 -2.09562182e+00  3.38133812e+00
  8.14337194e-01 -2.75273037e+00  8.97004545e-01  1.73726583e+00
 -6.63263425e-02 -3.63631070e-01  2.41527826e-01  5.17563000e-02
  5.70463315e-02  1.65878862e-01  2.83917516e-01  5.19419014e-01
 -1.23623997e-01  1.01357609e-01  5.06396484e+00 -2.81756401e+00
  1.28347719e+00 -4.99424845e-01 -1.32624984e+00  5.70862710e-01
 -2.35010281e-01  6.54332459e-01  9.10130501e-01 -9.65674460e-01
  4.14537102e-01 -3.83779824e-01 -1.40920198e+00  4.27610219e-01
  2.67181337e-01  4.37264711e-01 -3.14976662e-01  4.50043631e+00
 -2.89133042e-01  1.98491621e+00  1.93311855e-01 -2.91285157e+00
 -1.61912277e-01  2.70264477e-01 -2.17502758e-01  5.26141524e-01
  2.97121555e-02 -2.88522720e-01  4.34833199e-01 -4.67597902e-01
  1.36830077e-01 -4.98635434e-02 -5.65485835e-01 -1.75365722e+00
  1.38426684e-02 -9.33151484e-01  1.58535314e+00  3.95769000e-01
 -1.02677572e+00  1.96070388e-01  1.09300828e+00  2.37120464e-01
 -1.31683832e-03  3.95627767e-02 -7.10246086e-01 -5.56145310e-01
 -3.84619027e-01  5.03665814e-03  5.19429505e-01  1.11083349e-03]"
15,0,0,2,1,"[-1.22471750e+00  1.52282357e+00 -2.66786724e-01  5.62833071e-01
 -1.60200238e-01 -3.72582041e-02 -2.22298324e-01  8.54920566e-01
  1.94258600e-01 -4.32527922e-02  8.53984416e-01 -3.42700273e-01
 -2.41647754e-02 -1.82675030e-02  3.46041584e+00 -1.53909779e+00
 -4.58110094e-01 -1.08639276e+00  1.96434349e-01  2.49227434e-01
 -4.58598696e-02  3.31352837e-02  3.57509404e-01 -1.91936702e-01
  1.28382817e-01 -9.70884338e-02 -3.68907899e-02  2.79755960e-03
 -1.95380330e-01  3.67857665e-01  2.62346411e+00  1.29527044e+00
 -1.98118478e-01  3.91003132e-01 -4.97971028e-01 -8.53232920e-01
 -2.06567869e-02 -1.35473385e-01  5.23850918e-02 -5.41472197e-01
 -1.73318923e-01 -1.14729337e-01 -5.78333020e-01  1.82203054e-01
 -1.25174001e-01 -5.26616871e-02  5.70361972e-01 -2.33800459e+00
  9.35872495e-01 -1.23595691e+00  2.56608319e+00 -6.77592814e-01
  4.53942418e-01  1.03707933e+00 -4.92174268e-01 -2.31629685e-01
 -4.11086082e-01  2.83312708e-01 -3.91254306e-01 -3.80272627e-01
  1.01415467e+00 -2.13111982e-01 -1.01323164e+00  1.40212977e+00
  6.50640726e-02 -7.18170125e-03  5.77338815e-01 -1.23459123e-01
  1.61409989e-01 -2.21250113e-02 -2.11909920e-01 -6.49966300e-02
 -2.71725625e-01  3.04221548e-03 -3.17299336e-01 -1.67273089e-01
  6.81057796e-02 -2.88568914e-01 -2.26449513e+00 -1.29656696e+00
 -2.77995199e-01  7.17077732e-01 -6.52521670e-01  8.47600818e-01
 -1.01560280e-02 -8.05647135e-01  6.88975379e-02  5.17084122e-01
  1.74869504e-02 -3.81375402e-01  5.60524361e-03  3.06179583e-01
 -6.62433565e-01  2.35414758e-01  2.26800060e+00  6.18623197e-01
 -1.44861534e-01 -1.67517781e+00  6.35439813e-01  2.79949363e-02
 -7.05925152e-02  4.91695218e-02 -6.26504002e-03 -8.73257592e-02
  4.27897684e-02 -4.82027650e-01 -1.44702084e-02  3.04267645e-01
  3.79258364e-01  3.22332144e-01  3.30290318e-01 -9.94638860e-01
 -2.06944734e-01 -4.90010232e-01  5.26771396e-02  1.56721741e-01
  5.04045165e-05  3.23957324e-01 -2.23967746e-01 -1.16104975e-01
  1.43271387e-01  1.28222212e-01 -1.75641194e-01 -6.11879408e-01
  8.42765942e-02 -1.26875937e-01 -3.93899456e-02 -7.51425743e-01
 -7.01127527e-03 -1.09387791e+00  1.70421954e-02  8.75996888e-01
  1.67472571e-01 -9.93997902e-02  1.56187624e-01  1.57611027e-01
  1.84369870e-02  1.91716850e-01  1.73368618e-01  1.82633996e-01
 -8.30830783e-02  2.33361833e-02  3.11928463e+00 -3.05961585e+00
  1.35706568e+00  2.17236757e+00 -1.07293701e+00 -6.35227680e-01
 -1.95904061e-01  1.01671910e+00 -2.67949969e-01 -4.54656303e-01
  2.19462454e-01 -1.17006622e-01 -4.35495496e-01 -7.37267554e-01
  7.21811414e-01  1.14022471e-01 -1.23635006e+00  4.64456201e-01
  1.48808956e-02  1.87369895e+00 -1.33793008e+00  9.37949002e-01
 -3.17638344e-03 -1.71399862e-02  2.93496072e-01 -7.58348942e-01
  1.26129866e-01  5.60838133e-02 -6.62839413e-01  4.55275983e-01
  9.24052224e-02  1.78497076e-01 -5.37342191e-01  1.73104894e+00
  1.42023528e+00 -1.59906971e+00  7.36779392e-01 -8.26176167e-01
 -1.45046204e-01  3.14107895e-01  1.04582024e+00 -1.07315354e-01
  3.61160845e-01 -3.55287254e-01 -3.16248536e-01  1.18129504e+00
  3.66492659e-01  3.52490067e-01  1.80483842e+00  2.95127225e+00]"
16,0,0,2,1,"[ 6.10899866e-01 -2.84578991e+00  6.89069867e-01  8.82201046e-02
  6.69290544e-04 -6.68503530e-03 -2.57071346e-01  3.18967670e-01
  1.59356166e-02 -1.07513543e-03  3.37457508e-01 -1.64733484e-01
  3.78997228e-03  7.50700533e-02 -2.07070231e-01  3.89031434e+00
  5.97931743e-01  1.03198767e+00 -9.46464062e-01 -1.37310162e-01
 -1.98396691e-03 -1.46621704e-01 -5.61522245e-01 -7.52345920e-02
  4.06202301e-03  7.46758044e-01  3.28628719e-01 -6.08529031e-01
  3.20457101e-01 -3.13036978e-01 -2.45960689e+00 -7.68902078e-02
 -5.90234995e-01  1.08811706e-02  1.04657397e-01  9.77725685e-02
 -1.79933578e-01 -2.07689241e-01 -3.74976069e-01  3.86833578e-01
  4.48192609e-03 -6.28793985e-02  4.65331584e-01 -3.05356413e-01
 -1.21129036e-01 -3.63264908e-03  4.75991058e+00 -1.36721468e+00
  4.83229190e-01  3.30857843e-01 -7.80170619e-01 -5.82899945e-03
  7.15130521e-03 -7.38016069e-01  3.23256969e-01  2.17813641e-01
 -1.27345458e-01 -2.59197623e-01 -2.10243557e-02 -4.04874980e-02
 -2.19187606e-03 -1.74618006e-01 -7.33333707e-01 -1.07287860e+00
  9.21761572e-01  1.74219131e+00 -2.01622677e+00 -3.01944554e-01
 -3.96353662e-01 -1.27256644e+00  6.50025532e-02 -1.13109596e-01
  2.02120513e-01  5.39400093e-02  3.33445519e-01  5.00777960e-01
 -7.49085724e-01  1.86194792e-01  2.53634310e+00  4.42777798e-02
 -1.63731968e+00 -8.80025253e-02  6.57126009e-02  1.23645186e+00
 -2.27535501e-01  6.37383852e-03  2.60452449e-01  4.11775559e-01
  2.37954631e-01 -3.61638784e-01  2.81777471e-01  1.19308874e-01
 -5.33732735e-02  2.38392651e-01  1.79410732e+00  2.49774270e-02
  1.22072124e+00  1.83527434e+00 -1.18273234e+00  2.63651907e-01
  2.34246068e-02 -1.68708712e-01  3.45940024e-01  2.83603609e-01
 -2.57101923e-01  8.61877203e-01 -9.57755819e-02 -1.93696120e-03
 -3.94010574e-01 -1.08286720e-02 -1.41793048e+00 -2.28732371e+00
 -6.71524346e-01  8.73519957e-01 -9.63502049e-01  3.78981382e-01
 -3.49610709e-02 -4.39717054e-01  2.81620950e-01 -8.31525624e-02
  1.03145605e-02  3.53190005e-02  9.67525970e-03  2.90984452e-01
 -3.35907400e-01  9.86185577e-03 -5.21753490e-01 -1.65945387e+00
  2.50897557e-01  1.51128662e+00  1.76076397e-01 -2.87806928e-01
 -1.40733030e-02  1.48846433e-01 -1.45900366e-03  3.83092047e-05
 -1.86620466e-02  1.71866489e-03 -5.69577701e-03 -8.94651050e-04
  1.45213008e-01 -9.76719894e-03 -2.36614919e+00  2.29116225e+00
  2.46705204e-01  2.41662669e+00 -1.89298475e+00  3.09103072e-01
  2.74225563e-01  4.78944093e-01 -2.37812489e-01 -2.06294835e-01
  2.66865268e-03 -1.37909621e-01 -3.31232220e-01 -2.89188236e-01
  3.86389524e-01  2.00581282e-01 -1.55934846e+00  5.01189828e-01
  8.02440703e-01 -1.59937847e+00 -2.68848479e-01  3.13719332e-01
  2.27893293e-01  7.15027571e-01  1.55165040e+00 -5.27259946e-01
  5.49805880e-01  5.46109788e-02 -6.47551179e-01  1.26772738e+00
  5.70507526e-01  4.63556170e-01  1.66145158e+00  4.71062517e+00
 -2.95081353e+00 -4.00374413e+00  4.04956341e-01  5.67219913e-01
  4.50258851e-01 -5.58245718e-01  2.28448704e-01  4.22244489e-01
  2.76498776e-03 -3.61047057e-03  4.27491814e-01  1.90575253e-02
 -5.39215684e-01  8.54891166e-02  2.08553028e+00 -4.50629890e-01]"
17,0,0,2,1,"[ 2.57736742e-01 -2.30064011e+00  9.18494821e-01  5.89877784e-01
  7.87537172e-02  6.75782859e-02  7.02604473e-01  2.68982351e-01
  2.96141137e-03 -3.61412726e-02  7.90283307e-02  3.80721450e-01
 -5.90580329e-02 -1.88112214e-01  2.86507201e+00  1.23703241e+00
  9.48922534e-04 -7.16171920e-01 -6.65415972e-02 -4.17552769e-01
  2.99544245e-01 -4.72768247e-01 -5.34639239e-01  2.74753720e-01
  2.68353969e-01  6.73160434e-01  3.70030880e-01 -8.04777384e-01
 -7.07703531e-01 -3.57776672e-01 -2.09306702e-01  6.03680968e-01
  4.14963156e-01 -2.67870140e+00  2.01151177e-01 -5.45655005e-02
 -8.90509039e-03  4.35550325e-02  1.37695178e-01 -1.25840336e-01
 -1.18243126e-02 -5.73502630e-02 -1.70649573e-01  8.91827047e-02
  3.51620167e-02 -9.84768569e-03 -2.22432113e+00  4.28828859e+00
 -9.88770485e-01  5.63115358e-01 -9.87070024e-01  4.14923847e-01
  2.46954579e-02  1.28215432e-01 -7.28106052e-02  4.53461200e-01
 -2.53925264e-01 -6.70330971e-02  7.83760175e-02 -4.27790195e-01
  1.61591038e-01 -1.41387716e-01 -1.66246200e+00 -1.81596386e+00
 -1.33478546e+00  1.47918093e+00 -1.02474463e+00  8.37900788e-02
 -1.78684905e-01  4.55305070e-01 -6.51005954e-02 -1.71891063e-01
  6.58009723e-02 -1.69959486e-01 -1.09467685e-01 -6.31074682e-02
 -1.37726054e-01  3.37264920e-03 -1.58227456e+00 -5.55757463e-01
 -2.53861457e-01  1.27775514e+00 -1.37229121e+00  7.70336688e-01
  2.60876468e-03 -4.06975985e-01  6.41101360e-01  5.98489523e-01
  3.18167746e-01 -3.77639145e-01  2.11362481e-01  2.47454599e-01
 -8.28182876e-01  3.06395590e-01  3.41372442e+00  2.34592751e-01
 -4.07492667e-01 -7.06327260e-01  1.17237675e+00 -1.71362131e-03
 -1.45505533e-01 -8.23828485e-03  5.66425860e-01 -1.06614530e+00
  2.28073448e-01 -1.13237835e-02 -5.14461542e-04 -3.25388312e-01
  8.87329996e-01  3.08941543e-01 -3.00413836e-03  1.14346766e+00
 -1.04027003e-01 -1.99509192e+00 -8.17718729e-02  6.12520158e-01
  6.40980899e-01 -6.53958857e-01  2.04727197e+00  1.77156478e-01
 -8.77258778e-02  2.29179218e-01  8.90186131e-01  1.06685483e+00
 -4.71537173e-01 -4.48798388e-01  2.08338332e+00 -6.36470243e-02
  2.34887198e-01 -1.51177931e+00  3.01816970e-01  9.97567296e-01
  5.43103702e-02 -1.49044737e-01 -4.89892496e-04  5.29077053e-02
  2.41948459e-02  3.55308279e-02  3.07872868e-03 -5.10424655e-03
 -1.87837511e-01  2.75019147e-02  4.40152979e+00 -3.99990177e+00
 -8.11081588e-01 -2.44372416e+00  1.60017610e+00  1.15856218e+00
  5.25684834e-01 -2.65721828e-01  5.65790057e-01  5.83194971e-01
 -4.30423999e-03  1.42514840e-01  2.14527771e-01 -4.70878333e-02
 -6.20732307e-01 -1.68313518e-01  2.48570156e+00  3.38026369e-03
  6.01508208e-02 -4.57613170e-01 -7.26774096e-01  1.16096228e-01
  3.53630446e-02  2.59812742e-01  6.94029033e-01 -4.85734910e-01
  2.97822118e-01 -2.81436503e-01 -7.96818912e-01  2.59858638e-01
 -5.40920980e-02  2.24303320e-01  8.17692041e-01  3.73592734e+00
 -2.35820740e-01 -1.68753276e-03  6.38419688e-01 -9.92415309e-01
 -4.99154061e-01  4.40072089e-01 -2.48734668e-01  1.26463220e-01
 -4.93371785e-02 -5.88851392e-01  1.31801412e-01 -7.15903100e-03
  1.19782455e-01  2.44464010e-01  1.28409371e-01  9.51077342e-01]"
18,0,0,2,1,"[-1.22463739e+00  2.19361615e+00 -1.05783379e+00 -3.21664572e-01
 -2.91516989e-01 -2.78478205e-01 -5.47466576e-02 -4.08899814e-01
 -1.99639603e-01 -6.46580577e-01 -4.44613248e-01 -1.47123620e-01
 -6.97723448e-01 -1.86560880e-02  2.65038729e+00 -4.39921999e+00
 -9.13793623e-01  4.49574590e-01  2.53654778e-01 -5.80126233e-02
  6.79420590e-01  6.93544924e-01 -1.28830326e+00  3.72217059e-01
 -3.70910227e-01 -2.15101779e-01 -2.49730572e-01 -5.64629316e-01
 -9.44472253e-01  3.16020340e-01  4.32848990e-01 -4.77928072e-01
 -4.03994083e-01 -6.82647586e-01  1.01750350e+00  4.85705316e-01
  4.67397839e-01  4.45314854e-01  3.20947140e-01  1.31904650e+00
  3.62187862e-01  6.53003871e-01  8.80923748e-01 -2.82681175e-02
  7.65222371e-01  1.04920259e-02  3.11211991e+00 -5.07141471e-01
  3.70667410e+00 -4.57614809e-01 -5.70966303e-01 -3.11617702e-01
  1.69063471e-02 -8.61225665e-01  2.30063483e-01 -3.26560289e-01
  1.61590308e-01  9.82741192e-02  6.35586530e-02  4.46744770e-01
 -7.35266626e-01  6.99282289e-02  2.63766098e+00  4.84689236e-01
 -6.66182935e-02 -1.60364723e+00  2.22625804e+00  4.29068267e-01
  6.59444571e-01  5.98404944e-01  7.72796333e-01 -6.89277768e-01
  6.43936247e-02  1.06769636e-01 -1.67914569e-01  1.20548928e+00
  6.01185381e-01  6.62619695e-02  9.89737332e-01  1.12300444e+00
 -1.36954278e-01  6.72835529e-01 -1.07766712e+00  1.00036073e+00
 -2.99764335e-01 -7.44893014e-01  3.49532783e-01  2.69623637e-01
  3.23354423e-01 -1.82812884e-01  4.08786535e-01  4.99106675e-01
 -6.13002121e-01  3.15716952e-01  2.11118412e+00  2.64058918e-01
 -6.50568455e-02  4.21845585e-01  2.83471406e-01 -5.63673913e-01
 -1.65570289e-01 -1.49579346e-01  8.65115523e-01 -1.80558681e-01
 -8.77703428e-01 -2.31796741e-01 -1.31422475e-01  2.03532845e-01
 -4.21119690e-01  1.38627470e-01 -2.72725195e-01  3.64177287e-01
  2.46386126e-01  7.15288043e-01 -2.92755783e-01 -7.18609035e-01
 -5.43600559e-01 -1.81877270e-01  3.12481970e-01 -4.04435039e-01
 -2.38268554e-01 -4.16230112e-01 -4.70856100e-01  3.25737029e-01
 -8.25121626e-03 -3.75555567e-02 -2.29379892e+00  3.61962652e+00
 -6.61936998e-02 -3.76090169e-01 -3.81166101e-01  7.79795825e-01
 -9.63346735e-02 -3.12819690e-01  4.67680395e-01 -4.34199870e-02
 -1.20765097e-01  1.10524036e-01  3.90184745e-02  6.03424191e-01
 -7.94349611e-02  2.24076565e-02  3.00398016e+00 -2.80775404e+00
 -8.63623798e-01  7.71485150e-01 -6.54269159e-01 -4.43065286e-01
  3.37947220e-01 -8.73388199e-04 -8.89500141e-01  6.85014069e-01
 -4.11371619e-01 -5.89137137e-01 -3.31778467e-01 -1.60040772e+00
 -5.24583817e-01 -2.01744542e-01 -9.10620987e-02 -8.23884845e-01
  1.48419619e+00  4.58726853e-01 -1.23357737e+00  3.10785398e-02
 -7.45374143e-01  8.16181581e-03  4.58084121e-02 -1.44661200e+00
  3.89237791e-01  7.66156495e-01  7.47831687e-02  1.55789912e+00
  1.50095868e+00  3.89957517e-01 -1.94647565e-01  2.75354695e+00
 -8.62048090e-01  5.40303648e-01 -1.53779936e+00 -4.30509686e-01
  2.11620569e-01  1.70468062e-01 -1.46230626e+00 -1.04917657e+00
  6.22901805e-02  1.74232339e-03 -6.51445150e-01  2.62294710e-01
  2.39688352e-01  4.42750333e-03 -1.43898094e+00 -1.04330873e+00]"
19,0,0,2,1,"[ 3.86046499e-01 -8.69440675e-01 -1.42896906e-01 -3.69310409e-01
 -6.39679134e-02 -2.32737605e-02  2.14195773e-02 -2.77735204e-01
 -3.75697501e-02  2.29581356e-01 -1.26724124e-01  3.07659447e-01
  8.20809230e-02 -3.05117741e-02 -3.54657745e+00  2.34690475e+00
 -1.00569797e+00 -1.53051138e-01  1.18096545e-01  1.67810172e-01
 -4.22965258e-01 -3.21757615e-01 -3.87618900e-04  2.02279910e-01
 -1.47481367e-01  2.57887952e-02 -5.67593286e-03  4.41405863e-01
 -6.70501232e-01 -1.01255216e-01  2.69268751e+00 -2.28304100e+00
 -7.53233489e-03  3.13072920e+00 -5.30908167e-01 -4.07720774e-01
 -2.89817572e-01 -1.98014721e-01  3.96301448e-02 -7.43480027e-01
 -4.23625819e-02 -1.49049997e-01 -5.99872828e-01  1.51923239e-01
 -9.73101854e-02 -6.23553209e-02 -1.39934611e+00 -1.68866575e+00
 -1.51437879e+00  2.22482610e+00 -7.97233284e-01  1.36692870e+00
 -3.07318687e-01 -6.04443908e-01  4.99899685e-01  1.73222378e-01
  3.96028876e-01 -2.66497403e-01  4.22998369e-01  4.13431436e-01
 -4.75634933e-01  2.82601118e-01  1.77066875e+00 -5.35705626e-01
 -1.28570116e+00 -1.13364145e-01  1.01017427e+00 -3.33885819e-01
  2.65153855e-01  1.58871919e-01  1.67852387e-01 -8.18887532e-01
 -1.35173574e-01  2.38998746e-03 -5.07642865e-01 -4.92298156e-01
  1.57683581e-01 -4.58823770e-01 -1.47059643e+00 -8.68291914e-01
  1.05220377e+00 -5.22277772e-01 -9.33074772e-01  5.01463950e-01
  7.38137588e-02 -5.23459673e-01  3.08141172e-01  1.69632763e-01
  7.52365515e-02  1.95848808e-01  3.13044876e-01  3.98178488e-01
 -3.85699540e-01  5.01477309e-02  1.99924815e+00  8.00235152e-01
 -1.05277979e+00  6.35900617e-01 -5.92193753e-02  7.93657243e-01
  6.13622600e-03 -6.81296945e-01 -3.42388809e-01 -3.15310150e-01
  5.36367996e-03  1.86265990e-01  3.74605171e-02  5.04108727e-01
 -6.79212630e-01  7.03808898e-03 -6.07618093e-01 -2.27946782e+00
 -6.10690448e-04 -2.56979561e+00 -6.03079200e-02  6.92722559e-01
  2.78364662e-02 -2.04409540e-01  2.22279150e-02  1.91032197e-02
  3.54199782e-02  3.87940481e-02  2.06043068e-02 -4.48254030e-03
 -1.81500494e-01  3.21506634e-02  2.92083192e+00 -3.98715401e+00
 -1.62528768e-01 -1.13796389e+00  1.15421271e+00 -8.66551578e-01
  3.12407613e-01  2.45740801e-01 -3.00886422e-01 -9.32858735e-02
 -1.32875249e-01  3.29828143e-01 -7.82802776e-02 -2.78931826e-01
  2.74027050e-01 -1.24247685e-01 -9.51090734e-03  1.80678499e+00
  2.76900530e+00 -6.47259429e-02  2.47066155e-01 -6.51756525e-01
 -3.69000077e-01  7.84878552e-01  2.67635345e-01 -4.56894904e-01
  2.03256145e-01 -4.12185043e-01 -4.96165276e-01  4.09423172e-01
  8.80349278e-01  3.38986546e-01  1.07419789e+00  2.26066661e+00
 -4.26778376e-01 -1.90558851e+00  9.27463770e-01 -6.71830773e-01
  1.13310657e-01 -8.05239454e-02 -2.96823025e-01  7.53978789e-01
 -2.43332207e-01 -1.17218770e-01  5.19465685e-01 -4.70120192e-01
 -2.72390366e-01 -2.01294243e-01  5.60180247e-01 -2.69678688e+00
  4.25579369e-01  3.49740767e+00 -9.42734718e-01 -2.42463991e-01
 -1.72641754e-01  1.99141447e-03 -1.20808876e+00 -1.88706815e-01
 -3.03283602e-01  3.76278721e-02  1.73668552e-03 -9.34979022e-01
  2.32510939e-01 -2.62698352e-01 -1.74051917e+00 -2.17394590e+00]"
